homeid;hometeam;scorehome;awayid;awayteam;scoreaway;gols;flag_gol;flag_gol1;idpartida;ball_possession_home;ball_possession_away;goalattempts_home;goalattempts_away;shots_on_target_home;shots_on_target_away;shots_off_target_home;shots_off_target_away;corner_kicks_home;corner_kicks_away;free_kicks_home;free_kicks_away;goal_kicks_home;goal_kicks_away;throw_ins_home;throw_ins_away;yellow_cards_home;yellow_cards_away;saves_home;saves_away;fouls_home;fouls_away
364472;FC Ararat-Armenia;1;5225;FC Urartu Yerevan;1;2;1;1;28245440;51.0;49.0;10;6;5;3;5.0;3.0;10;0;15;22;6;15;22;24;4.0;2.0;2.0;4.0;21;12
5225;FC Urartu Yerevan;2;364474;FC Noah Yerevan;2;4;1;1;28245446;40.0;60.0;5;5;2;3;3.0;2.0;3;15;12;11;9;8;15;12;3.0;2.0;1.0;0.0;10;11
5966;Central Coast Mariners;2;2934;Newcastle United Jets FC;0;2;1;1;33300359;39.0;61.0;13;14;7;9;6.0;5.0;5;8;15;12;14;8;17;16;2.0;1.0;9.0;5.0;10;15
5966;Central Coast Mariners;1;199320;Western United FC;0;1;1;0;30903637;50.0;50.0;11;4;5;1;6.0;3.0;15;4;9;7;10;16;13;22;0.0;1.0;1.0;4.0;7;8
199320;Western United FC;2;5966;Central Coast Mariners;2;4;1;1;30903579;50.0;50.0;7;8;4;4;3.0;4.0;9;4;12;8;7;8;18;17;2.0;1.0;2.0;3.0;7;10
2945;Perth Glory FC;0;5966;Central Coast Mariners;0;0;0;0;30903549;53.0;47.0;11;5;5;4;6.0;1.0;12;7;11;16;4;11;21;19;2.0;1.0;4.0;5.0;14;10
5966;Central Coast Mariners;0;5971;Sydney FC;5;5;1;1;30903609;54.0;46.0;13;9;3;8;10.0;1.0;3;4;15;10;8;14;14;16;1.0;1.0;3.0;3.0;7;13
5966;Central Coast Mariners;5;7568;Wellington Phoenix FC;0;5;1;1;32907321;52.0;48.0;9;1;7;1;2.0;0.0;7;6;12;5;8;5;5;10;0.0;2.0;1.0;2.0;5;9
5966;Central Coast Mariners;4;744369;Macarthur FC;2;6;1;1;30903555;38.0;62.0;11;13;7;8;4.0;5.0;7;13;11;17;7;5;21;26;1.0;3.0;6.0;3.0;15;10
2946;Adelaide United FC;2;199320;Western United FC;1;3;1;1;30903627;47.0;53.0;18;10;12;6;6.0;4.0;8;4;11;11;6;9;19;13;3.0;2.0;5.0;10.0;10;10
2946;Adelaide United FC;2;5968;Brisbane Roar FC;0;2;1;1;30903639;72.0;28.0;11;12;7;4;4.0;8.0;3;2;19;21;11;8;7;14;0.0;5.0;4.0;5.0;20;18
5971;Sydney FC;2;2946;Adelaide United FC;3;5;1;1;30903597;55.0;45.0;15;10;8;4;7.0;6.0;6;2;17;13;11;13;18;11;3.0;3.0;1.0;6.0;10;17
2946;Adelaide United FC;1;744369;Macarthur FC;0;1;1;0;30903601;55.0;45.0;12;5;6;1;6.0;4.0;7;8;13;15;8;9;15;19;2.0;2.0;1.0;5.0;14;12
2946;Adelaide United FC;0;5970;Melbourne Victory;1;1;1;0;30903581;55.0;45.0;9;4;1;1;8.0;3.0;8;2;11;18;4;18;24;17;3.0;3.0;0.0;1.0;14;10
72926;Western Sydney Wanderers;0;2946;Adelaide United FC;0;0;0;0;30903563;39.0;61.0;6;7;4;4;2.0;3.0;6;10;11;18;6;6;19;25;1.0;0.0;4.0;4.0;14;11
2945;Perth Glory FC;1;2946;Adelaide United FC;2;3;1;1;30903537;56.0;44.0;7;11;4;8;3.0;3.0;9;6;13;9;8;9;22;18;1.0;3.0;6.0;3.0;7;13
744369;Macarthur FC;4;2946;Adelaide United FC;1;5;1;1;30903509;55.0;45.0;19;5;13;4;6.0;1.0;8;4;13;11;5;9;19;25;3.0;2.0;3.0;9.0;10;12
42210;Melbourne City FC;1;2946;Adelaide United FC;2;3;1;1;31976865;53.0;47.0;12;5;9;2;3.0;3.0;6;3;12;18;8;12;20;20;1.0;4.0;0.0;8.0;14;11
2946;Adelaide United FC;1;72926;Western Sydney Wanderers;2;3;1;1;32430483;59.0;41.0;10;5;3;3;7.0;2.0;6;2;20;14;6;13;28;15;2.0;4.0;1.0;2.0;14;19
5971;Sydney FC;1;5970;Melbourne Victory;4;5;1;1;33300361;61.0;39.0;4;11;1;5;3.0;6.0;6;8;14;11;9;5;36;21;2.0;1.0;1.0;0.0;10;14
5970;Melbourne Victory;3;7568;Wellington Phoenix FC;1;4;1;1;30903635;72.0;28.0;17;7;9;4;8.0;3.0;4;6;17;16;7;15;13;8;3.0;3.0;3.0;6.0;15;15
5968;Brisbane Roar FC;1;5970;Melbourne Victory;1;2;1;1;33266187;45.0;55.0;10;9;2;5;8.0;4.0;6;6;11;17;10;16;15;21;3.0;2.0;4.0;1.0;17;10
744369;Macarthur FC;1;5970;Melbourne Victory;4;5;1;1;30903625;48.0;52.0;7;11;3;10;4.0;1.0;11;8;17;11;4;9;22;11;2.0;2.0;6.0;2.0;10;15
2934;Newcastle United Jets FC;1;5970;Melbourne Victory;2;3;1;1;30903621;57.0;43.0;8;10;2;4;6.0;6.0;5;4;14;22;10;7;27;29;1.0;1.0;2.0;1.0;20;13
5970;Melbourne Victory;0;5968;Brisbane Roar FC;0;0;0;0;33023253;58.0;42.0;7;5;2;2;5.0;3.0;3;4;20;19;6;12;35;15;2.0;2.0;2.0;2.0;18;17
2945;Perth Glory FC;0;5970;Melbourne Victory;1;1;1;0;30903593;52.0;48.0;13;11;2;4;11.0;7.0;4;8;18;9;8;16;19;12;2.0;2.0;3.0;2.0;8;15
5970;Melbourne Victory;3;42210;Melbourne City FC;0;3;1;1;30903607;41.0;59.0;10;4;6;2;4.0;2.0;7;4;10;9;7;9;18;22;1.0;3.0;2.0;3.0;8;7
5970;Melbourne Victory;1;199320;Western United FC;1;2;1;1;32638841;56.0;44.0;8;3;5;2;3.0;1.0;6;9;10;7;6;14;12;11;2.0;3.0;1.0;4.0;6;10
5970;Melbourne Victory;3;744369;Macarthur FC;1;4;1;1;30903529;50.0;50.0;9;3;6;3;3.0;0.0;6;4;13;19;5;7;29;30;4.0;1.0;2.0;3.0;17;11
42210;Melbourne City FC;2;7568;Wellington Phoenix FC;1;3;1;1;32873695;67.0;33.0;12;5;5;4;7.0;1.0;6;1;7;19;5;15;15;17;4.0;2.0;3.0;4.0;18;7
42210;Melbourne City FC;4;5971;Sydney FC;0;4;1;1;32907333;52.0;48.0;10;3;6;2;4.0;1.0;3;5;11;19;7;11;18;24;0.0;3.0;2.0;2.0;15;10
7568;Wellington Phoenix FC;0;42210;Melbourne City FC;6;6;1;1;32873691;56.0;44.0;4;7;3;5;1.0;2.0;4;5;13;10;6;5;20;17;2.0;0.0;0.0;3.0;8;12
744369;Macarthur FC;0;42210;Melbourne City FC;1;1;1;0;30903573;29.0;71.0;4;5;2;2;2.0;3.0;4;6;17;8;13;8;30;16;2.0;5.0;1.0;2.0;8;14
5968;Brisbane Roar FC;1;42210;Melbourne City FC;2;3;1;1;32638555;45.0;55.0;9;5;4;1;5.0;4.0;6;2;13;8;8;5;18;22;1.0;2.0;0.0;3.0;6;11
199320;Western United FC;2;42210;Melbourne City FC;2;4;1;1;30903559;40.0;60.0;6;11;4;6;2.0;5.0;3;11;5;10;19;5;17;23;3.0;0.0;4.0;2.0;10;4
42210;Melbourne City FC;1;5970;Melbourne Victory;1;2;1;1;32533917;60.0;40.0;8;5;1;2;7.0;3.0;10;7;11;10;5;14;10;20;4.0;2.0;1.0;0.0;8;11
42210;Melbourne City FC;3;744369;Macarthur FC;1;4;1;1;32379749;57.0;43.0;9;5;4;1;5.0;4.0;6;3;17;21;10;11;28;24;1.0;2.0;0.0;2.0;18;14
42210;Melbourne City FC;3;5966;Central Coast Mariners;2;5;1;1;31976951;55.0;45.0;10;5;6;3;4.0;2.0;6;3;9;11;8;9;17;20;4.0;2.0;1.0;3.0;9;9
72926;Western Sydney Wanderers;1;7568;Wellington Phoenix FC;2;3;1;1;33300357;77.0;23.0;14;7;4;4;10.0;3.0;5;1;9;20;3;14;23;15;2.0;2.0;2.0;3.0;19;7
7568;Wellington Phoenix FC;1;72926;Western Sydney Wanderers;0;1;1;0;30903631;35.0;65.0;7;10;5;3;2.0;7.0;3;9;15;8;9;6;14;19;2.0;3.0;3.0;4.0;8;14
199320;Western United FC;1;7568;Wellington Phoenix FC;4;5;1;1;32936437;45.0;55.0;9;9;5;6;4.0;3.0;9;2;10;13;3;14;19;4;2.0;2.0;2.0;4.0;11;8
7568;Wellington Phoenix FC;3;2934;Newcastle United Jets FC;2;5;1;1;32379751;37.0;63.0;9;15;5;8;4.0;7.0;2;5;19;12;9;7;10;10;2.0;4.0;6.0;2.0;10;17
7568;Wellington Phoenix FC;1;5971;Sydney FC;1;2;1;1;30903513;52.0;48.0;10;17;3;8;7.0;9.0;4;8;6;16;13;5;15;13;2.0;3.0;7.0;2.0;16;5
2934;Newcastle United Jets FC;1;199320;Western United FC;1;2;1;1;33300351;55.0;45.0;8;10;5;5;3.0;5.0;5;10;14;8;14;9;9;15;2.0;2.0;4.0;4.0;7;12
199320;Western United FC;6;2945;Perth Glory FC;0;6;1;1;30903617;39.0;61.0;16;5;11;1;5.0;4.0;3;2;13;11;9;7;9;13;0.0;1.0;1.0;5.0;10;10
5971;Sydney FC;3;199320;Western United FC;0;3;1;1;32556053;57.0;43.0;7;5;4;2;3.0;3.0;8;7;5;10;4;10;22;25;1.0;2.0;2.0;1.0;9;3
199320;Western United FC;2;2934;Newcastle United Jets FC;1;3;1;1;30903531;40.0;60.0;7;10;4;5;3.0;5.0;4;10;15;10;9;7;15;13;3.0;4.0;4.0;2.0;9;14
744369;Macarthur FC;1;72926;Western Sydney Wanderers;1;2;1;1;33309137;47.0;53.0;9;15;5;9;4.0;6.0;7;11;10;17;7;8;15;19;4.0;4.0;8.0;4.0;15;7
2945;Perth Glory FC;1;72926;Western Sydney Wanderers;1;2;1;1;33308521;38.0;62.0;6;18;3;5;3.0;13.0;0;10;13;10;18;4;16;26;2.0;4.0;4.0;2.0;9;13
72926;Western Sydney Wanderers;3;2934;Newcastle United Jets FC;2;5;1;1;30903599;54.0;46.0;12;6;8;3;4.0;3.0;8;3;9;22;4;5;26;16;3.0;4.0;1.0;5.0;16;9
5971;Sydney FC;3;72926;Western Sydney Wanderers;2;5;1;1;30903619;49.0;51.0;8;9;6;5;2.0;4.0;6;8;11;16;9;6;18;23;2.0;3.0;3.0;3.0;16;11
72926;Western Sydney Wanderers;2;5971;Sydney FC;0;2;1;1;30903535;46.0;54.0;8;3;6;1;2.0;2.0;3;5;14;21;10;5;21;30;0.0;2.0;1.0;4.0;19;12
5968;Brisbane Roar FC;3;5971;Sydney FC;1;4;1;1;30903633;45.0;55.0;12;10;7;6;5.0;4.0;1;5;13;10;7;8;18;27;1.0;2.0;5.0;4.0;8;12
2934;Newcastle United Jets FC;2;5971;Sydney FC;0;2;1;1;30903565;52.0;48.0;9;7;5;2;4.0;5.0;3;5;15;9;10;13;18;21;3.0;2.0;2.0;3.0;6;12
2945;Perth Glory FC;0;5971;Sydney FC;2;2;1;1;30903641;62.0;38.0;12;9;6;5;6.0;4.0;5;3;22;17;9;12;27;14;3.0;2.0;3.0;6.0;16;21
5971;Sydney FC;2;744369;Macarthur FC;2;4;1;1;30903583;55.0;45.0;10;5;2;4;8.0;1.0;6;5;15;15;6;10;24;23;4.0;3.0;2.0;1.0;11;13
5971;Sydney FC;0;42210;Melbourne City FC;3;3;1;1;30903523;58.0;42.0;10;5;4;3;6.0;2.0;5;3;14;15;3;11;22;18;3.0;2.0;2.0;3.0;12;14
744369;Macarthur FC;2;5968;Brisbane Roar FC;1;3;1;1;30903613;34.0;66.0;6;8;3;3;3.0;5.0;6;13;17;14;9;7;13;22;0.0;2.0;2.0;1.0;12;14
5966;Central Coast Mariners;2;5968;Brisbane Roar FC;1;3;1;1;30903533;52.0;48.0;12;8;9;4;3.0;4.0;6;6;15;15;6;10;16;18;3.0;2.0;3.0;7.0;13;13
5968;Brisbane Roar FC;0;7568;Wellington Phoenix FC;3;3;1;1;30903589;56.0;44.0;3;4;2;3;1.0;1.0;9;1;7;7;1;13;20;7;3.0;0.0;1.0;2.0;6;6
744369;Macarthur FC;0;2934;Newcastle United Jets FC;3;3;1;1;30903643;48.0;52.0;16;10;7;6;9.0;4.0;7;7;14;21;7;12;34;20;2.0;1.0;3.0;7.0;17;12
2946;Adelaide United FC;2;2934;Newcastle United Jets FC;1;3;1;1;30903541;53.0;47.0;8;14;2;9;6.0;5.0;8;3;9;15;9;7;14;20;4.0;0.0;8.0;0.0;14;8
7060;Real Potosi;0;498412;Independiente Petrolero;5;5;1;1;30671711;;;6;11;1;8;5.0;3.0;6;2;11;15;8;13;11;14;3.0;1.0;3.0;1.0;14;10
378096;Always Ready;2;498412;Independiente Petrolero;2;4;1;1;29841044;56.0;44.0;11;12;3;7;8.0;5.0;7;3;21;15;13;17;17;15;2.0;4.0;5.0;1.0;14;20
600018;CA Palmaflor;0;498412;Independiente Petrolero;0;0;0;0;29773158;;;5;5;1;2;4.0;3.0;8;4;14;8;7;11;16;18;2.0;3.0;2.0;1.0;7;12
7878;Jorge Wilstermann;2;498412;Independiente Petrolero;3;5;1;1;29339898;55.0;45.0;13;10;5;3;8.0;7.0;9;4;10;16;13;17;24;26;1.0;1.0;0.0;3.0;13;9
32529;The Strongest;1;498412;Independiente Petrolero;1;2;1;1;29130696;65.0;35.0;8;8;4;4;4.0;4.0;5;7;8;12;15;14;18;21;0.0;3.0;3.0;3.0;10;8
498412;Independiente Petrolero;2;7059;Club Bolivar;1;3;1;1;29293598;49.0;51.0;9;11;3;5;6.0;6.0;1;10;11;16;14;9;13;17;3.0;6.0;4.0;1.0;12;10
378096;Always Ready;2;378100;Royal Pari FC;1;3;1;1;29841060;55.0;45.0;15;8;6;4;9.0;4.0;7;7;16;7;9;18;16;10;3.0;3.0;3.0;4.0;5;12
21989;San Jose Oruro;0;378096;Always Ready;4;4;1;1;28268628;43.0;57.0;10;13;3;8;7.0;5.0;3;4;19;10;8;12;16;20;1.0;1.0;4.0;3.0;6;15
378096;Always Ready;0;7878;Jorge Wilstermann;0;0;0;0;29773154;57.0;43.0;14;10;7;6;7.0;4.0;11;4;6;13;7;14;18;13;1.0;4.0;6.0;7.0;11;5
378096;Always Ready;2;33820;Oriente Petrolero;0;2;1;1;29339894;57.0;43.0;19;10;12;1;7.0;9.0;14;7;13;25;11;13;19;10;3.0;3.0;1.0;10.0;21;13
32529;The Strongest;2;6968;Blooming Santa Cruz;1;3;1;1;29841056;57.0;43.0;15;8;5;3;10.0;5.0;5;3;9;6;8;14;8;16;2.0;2.0;2.0;3.0;4;9
600018;CA Palmaflor;0;32529;The Strongest;0;0;0;0;29339890;55.0;45.0;13;9;6;3;7.0;6.0;5;6;15;27;13;11;10;16;4.0;4.0;3.0;6.0;25;14
33820;Oriente Petrolero;2;613702;Real Santa Cruz;0;2;1;1;30776395;;;15;6;8;4;7.0;2.0;11;3;12;16;9;16;11;26;3.0;1.0;4.0;6.0;16;10
7878;Jorge Wilstermann;0;33820;Oriente Petrolero;1;1;1;0;29130694;;;9;7;1;4;8.0;3.0;11;1;8;20;11;17;26;16;4.0;3.0;3.0;1.0;19;6
47700;CA Nacional Potosi;0;33714;Club Aurora;0;0;0;0;29841062;62.0;38.0;12;7;4;2;8.0;5.0;6;9;12;11;8;14;12;16;2.0;3.0;2.0;4.0;10;12
47701;Guabira Montero;3;47700;CA Nacional Potosi;2;5;1;1;29773144;;;18;8;6;5;12.0;3.0;3;3;17;22;9;16;14;12;3.0;2.0;3.0;3.0;20;15
378100;Royal Pari FC;2;47700;CA Nacional Potosi;0;2;1;1;29339896;47.0;53.0;12;5;3;0;9.0;5.0;4;2;11;17;14;14;17;14;4.0;3.0;0.0;1.0;14;11
7060;Real Potosi;3;613702;Real Santa Cruz;0;3;1;1;29339886;;;13;5;9;3;4.0;2.0;2;8;18;20;7;11;16;11;3.0;6.0;3.0;6.0;14;17
21989;San Jose Oruro;1;33714;Club Aurora;4;5;1;1;29841022;45.0;55.0;5;13;3;5;2.0;8.0;3;4;14;14;16;5;11;20;3.0;4.0;1.0;2.0;12;12
33714;Club Aurora;2;6968;Blooming Santa Cruz;0;2;1;1;29293594;;;10;9;4;1;6.0;8.0;3;6;14;14;14;12;19;17;1.0;0.0;0.0;2.0;12;13
613958;CD Real Tomayapo;1;378100;Royal Pari FC;4;5;1;1;28268638;52.0;48.0;22;10;10;7;12.0;3.0;8;7;17;19;8;15;22;21;3.0;3.0;3.0;9.0;19;16
21989;San Jose Oruro;0;7060;Real Potosi;0;0;0;0;29293588;;;8;14;5;1;3.0;13.0;1;5;16;14;18;9;11;20;5.0;3.0;1.0;5.0;11;14
7060;Real Potosi;1;613958;CD Real Tomayapo;0;1;1;0;29130692;46.0;54.0;10;11;6;2;4.0;9.0;0;6;16;11;16;14;9;17;3.0;1.0;2.0;5.0;11;14
1966;SC Internacional RS;1;1973;America FC MG;0;1;1;0;31932469;59.0;41.0;11;9;5;8;6.0;1.0;13;2;10;7;3;11;18;27;0.0;5.0;8.0;4.0;5;8
1960;Goias EC GO;1;1966;SC Internacional RS;2;3;1;1;31932393;48.0;52.0;5;8;2;7;3.0;1.0;8;2;14;15;1;5;21;19;4.0;3.0;4.0;1.0;11;14
1968;Santos FC SP;1;1966;SC Internacional RS;1;2;1;1;31932347;59.0;41.0;13;9;6;6;7.0;3.0;10;3;17;13;8;10;24;18;2.0;1.0;4.0;4.0;11;16
1999;Red Bull Bragantino SP;0;1966;SC Internacional RS;2;2;1;1;31932323;50.0;50.0;6;8;2;5;4.0;3.0;7;3;12;21;3;9;17;19;3.0;3.0;3.0;2.0;19;11
1980;EC Juventude RS;1;1966;SC Internacional RS;1;2;1;1;31932249;48.0;52.0;12;5;6;3;6.0;2.0;6;3;11;25;8;12;22;18;5.0;5.0;0.0;1.0;22;10
1966;SC Internacional RS;2;1957;SC Corinthians SP;2;4;1;1;31932269;50.0;50.0;7;11;4;8;3.0;3.0;5;6;12;9;8;9;17;18;2.0;2.0;6.0;2.0;8;9
1961;Fluminense FC RJ;2;2001;Ceara SC CE;1;3;1;1;31932461;65.0;35.0;14;10;6;7;8.0;3.0;9;10;19;16;7;10;12;16;2.0;3.0;6.0;4.0;16;17
1961;Fluminense FC RJ;4;1957;SC Corinthians SP;0;4;1;1;31932441;58.0;42.0;12;3;8;2;4.0;1.0;6;4;12;15;5;5;17;13;0.0;3.0;2.0;4.0;11;12
1961;Fluminense FC RJ;2;7315;Avai FC SC;0;2;1;1;31932401;62.0;38.0;14;8;3;4;11.0;4.0;6;3;17;8;7;14;11;11;0.0;3.0;4.0;1.0;7;14
1980;EC Juventude RS;1;1961;Fluminense FC RJ;0;1;1;0;31932329;48.0;52.0;6;5;2;0;4.0;5.0;5;7;11;25;11;15;21;34;3.0;4.0;;;22;10
2020;Fortaleza EC CE;0;1961;Fluminense FC RJ;1;1;1;0;31932291;56.0;44.0;14;6;8;2;6.0;4.0;12;5;15;10;4;15;15;13;1.0;1.0;1.0;8.0;8;13
1963;SE Palmeiras SP;1;1961;Fluminense FC RJ;1;2;1;1;31932245;47.0;53.0;11;5;5;2;6.0;3.0;6;3;13;13;4;16;33;10;1.0;2.0;1.0;4.0;11;13
1961;Fluminense FC RJ;5;1977;Atletico Mineiro MG;3;8;1;1;31932341;44.0;56.0;10;11;9;7;1.0;4.0;1;9;18;13;11;3;12;24;3.0;3.0;4.0;4.0;12;15
1977;Atletico Mineiro MG;0;1981;Sao Paulo FC SP;0;0;0;0;31932459;58.0;42.0;8;5;3;3;5.0;2.0;7;4;17;18;7;6;19;29;1.0;1.0;3.0;3.0;16;17
1980;EC Juventude RS;1;1977;Atletico Mineiro MG;2;3;1;1;31932449;48.0;52.0;12;6;4;5;8.0;1.0;6;6;10;11;4;14;18;13;2.0;1.0;3.0;2.0;10;10
1977;Atletico Mineiro MG;2;5981;CR Flamengo RJ;0;2;1;1;31932399;58.0;42.0;5;6;2;3;3.0;3.0;9;8;15;20;7;8;12;16;4.0;1.0;2.0;0.0;19;14
2001;Ceara SC CE;0;1977;Atletico Mineiro MG;0;0;0;0;31932391;61.0;39.0;5;9;1;2;4.0;7.0;5;2;17;15;9;9;20;19;2.0;3.0;2.0;1.0;13;17
1963;SE Palmeiras SP;0;1977;Atletico Mineiro MG;0;0;0;0;31932325;49.0;51.0;11;10;3;4;8.0;6.0;6;2;23;7;13;12;24;15;1.0;3.0;4.0;3.0;7;21
1999;Red Bull Bragantino SP;1;1977;Atletico Mineiro MG;1;2;1;1;31932283;45.0;55.0;5;7;1;4;4.0;3.0;3;10;7;14;7;7;20;25;2.0;2.0;3.0;0.0;13;5
1960;Goias EC GO;2;1977;Atletico Mineiro MG;2;4;1;1;31932233;30.0;70.0;3;16;2;6;1.0;10.0;0;10;16;20;10;3;16;11;4.0;4.0;4.0;0.0;20;14
1977;Atletico Mineiro MG;2;7314;AC Goianiense GO;0;2;1;1;31932259;60.0;40.0;11;2;9;1;2.0;1.0;10;2;15;18;2;5;21;18;1.0;2.0;1.0;8.0;16;14
1960;Goias EC GO;2;1967;CA Paranaense PR;1;3;1;1;31932473;43.0;57.0;10;13;3;5;7.0;8.0;2;2;14;13;12;10;20;25;2.0;1.0;5.0;1.0;13;12
1963;SE Palmeiras SP;0;1967;CA Paranaense PR;2;2;1;1;31932445;65.0;35.0;19;7;5;4;14.0;3.0;9;2;14;9;6;25;16;16;1.0;2.0;2.0;5.0;9;14
1967;CA Paranaense PR;4;1999;Red Bull Bragantino SP;2;6;1;1;31932437;30.0;70.0;7;11;6;5;1.0;6.0;5;11;13;10;10;1;6;18;4.0;1.0;3.0;2.0;10;10
1967;CA Paranaense PR;2;1968;Santos FC SP;2;4;1;1;31932337;41.0;59.0;12;11;4;3;8.0;8.0;7;6;12;26;13;9;15;25;5.0;3.0;1.0;3.0;24;12
1967;CA Paranaense PR;2;7315;Avai FC SC;1;3;1;1;31932297;44.0;56.0;8;3;3;1;5.0;2.0;5;4;18;24;6;7;21;18;2.0;6.0;0.0;1.0;23;18
1967;CA Paranaense PR;1;2001;Ceara SC CE;0;1;1;0;31932257;42.0;58.0;9;10;6;1;3.0;9.0;4;9;6;14;15;10;30;33;5.0;3.0;1.0;2.0;14;5
1967;CA Paranaense PR;1;5981;CR Flamengo RJ;0;1;1;0;31932217;45.0;55.0;7;8;2;5;5.0;3.0;6;5;10;18;8;12;24;13;4.0;2.0;5.0;1.0;16;9
2020;Fortaleza EC CE;0;1963;SE Palmeiras SP;0;0;0;0;31932471;39.0;61.0;8;7;5;5;3.0;2.0;2;6;18;10;10;5;16;19;0.0;1.0;5.0;5.0;9;16
1981;Sao Paulo FC SP;1;1963;SE Palmeiras SP;2;3;1;1;31932403;39.0;61.0;9;14;3;7;6.0;7.0;3;7;11;18;13;9;22;21;3.0;1.0;5.0;2.0;17;9
1968;Santos FC SP;0;1963;SE Palmeiras SP;1;1;1;0;31932307;49.0;51.0;11;13;4;4;7.0;9.0;3;4;16;20;14;11;10;6;5.0;1.0;0.0;2.0;18;16
1980;EC Juventude RS;0;1963;SE Palmeiras SP;3;3;1;1;31932289;45.0;55.0;12;14;4;10;8.0;4.0;7;7;9;20;5;11;17;22;3.0;0.0;7.0;4.0;19;6
1963;SE Palmeiras SP;4;1958;Botafogo FR RJ;0;4;1;1;31932345;49.0;51.0;13;10;6;2;7.0;8.0;7;4;13;18;9;10;18;30;1.0;1.0;2.0;2.0;15;13
1963;SE Palmeiras SP;2;1999;Red Bull Bragantino SP;0;2;1;1;31932265;55.0;45.0;7;7;5;2;2.0;5.0;7;4;11;13;6;8;23;17;2.0;2.0;2.0;3.0;11;11
1957;SC Corinthians SP;1;5981;CR Flamengo RJ;0;1;1;0;31932465;52.0;48.0;6;8;1;4;5.0;4.0;6;3;12;6;8;8;22;20;2.0;4.0;4.0;1.0;3;11
1957;SC Corinthians SP;0;1968;Santos FC SP;0;0;0;0;31932425;58.0;42.0;5;3;1;2;4.0;1.0;3;2;14;20;6;9;19;15;3.0;3.0;2.0;1.0;20;10
1957;SC Corinthians SP;1;1960;Goias EC GO;0;1;1;0;31932405;69.0;31.0;8;5;2;2;6.0;3.0;6;4;11;11;7;10;32;29;1.0;4.0;2.0;1.0;8;10
1957;SC Corinthians SP;2;1980;EC Juventude RS;0;2;1;1;31932365;60.0;40.0;8;4;2;2;6.0;2.0;4;5;12;18;5;8;21;25;1.0;4.0;2.0;0.0;15;8
49202;Cuiaba Esporte Clube MT;1;1957;SC Corinthians SP;0;1;1;0;31932355;55.0;45.0;8;9;4;4;4.0;5.0;4;3;9;11;8;9;16;22;1.0;2.0;4.0;3.0;11;9
1999;Red Bull Bragantino SP;0;1957;SC Corinthians SP;1;1;1;0;31932243;57.0;43.0;6;3;3;2;3.0;1.0;1;1;9;14;4;12;29;15;1.0;2.0;1.0;3.0;12;8
1957;SC Corinthians SP;1;1973;America FC MG;1;2;1;1;31932305;60.0;40.0;4;7;3;4;1.0;3.0;6;5;20;13;7;7;30;25;2.0;1.0;3.0;2.0;13;18
1957;SC Corinthians SP;1;1981;Sao Paulo FC SP;1;2;1;1;31932285;51.0;49.0;8;9;4;6;4.0;3.0;8;8;13;13;6;8;17;14;2.0;3.0;1.0;1.0;11;11
1968;Santos FC SP;1;5981;CR Flamengo RJ;2;3;1;1;31932447;42.0;58.0;15;9;10;5;5.0;4.0;7;3;14;17;6;9;17;11;4.0;2.0;3.0;7.0;15;14
5981;CR Flamengo RJ;3;1973;America FC MG;0;3;1;1;31932421;56.0;44.0;14;11;6;4;8.0;7.0;7;7;9;15;9;11;17;16;1.0;2.0;4.0;3.0;13;8
5981;CR Flamengo RJ;2;49202;Cuiaba Esporte Clube MT;0;2;1;1;31932381;60.0;40.0;11;4;6;1;5.0;3.0;4;3;13;20;8;5;19;16;1.0;2.0;1.0;4.0;17;13
5981;CR Flamengo RJ;1;2020;Fortaleza EC CE;2;3;1;1;31932321;65.0;35.0;6;11;4;7;2.0;4.0;9;3;24;11;4;7;21;25;3.0;4.0;5.0;3.0;9;20
5981;CR Flamengo RJ;1;1960;Goias EC GO;0;1;1;0;31932281;55.0;45.0;11;4;6;0;5.0;4.0;6;4;20;15;7;8;10;24;1.0;3.0;0.0;5.0;15;17
5981;CR Flamengo RJ;0;1958;Botafogo FR RJ;1;1;1;0;31932241;48.0;52.0;15;7;7;6;8.0;1.0;10;4;15;19;1;13;22;13;1.0;3.0;5.0;7.0;13;14
5981;CR Flamengo RJ;0;1963;SE Palmeiras SP;0;0;0;0;31932221;56.0;44.0;9;4;3;2;6.0;2.0;9;6;21;16;3;8;19;28;3.0;4.0;2.0;3.0;15;20
1981;Sao Paulo FC SP;2;1968;Santos FC SP;1;3;1;1;31932223;58.0;42.0;10;9;5;6;5.0;3.0;2;4;6;16;5;8;19;17;2.0;4.0;3.0;2.0;14;6
1958;Botafogo FR RJ;1;1981;Sao Paulo FC SP;0;1;1;0;31932387;37.0;63.0;11;3;2;2;9.0;1.0;3;3;21;18;7;10;18;18;6.0;3.0;2.0;1.0;17;17
1982;Coritiba FC PR;1;1958;Botafogo FR RJ;0;1;1;0;31932317;29.0;71.0;7;8;1;3;6.0;5.0;5;9;15;13;14;7;17;33;5.0;3.0;3.0;0.0;10;12
1973;America FC MG;1;1958;Botafogo FR RJ;1;2;1;1;31932279;42.0;58.0;9;5;4;4;5.0;1.0;3;5;10;23;9;11;20;16;2.0;1.0;3.0;3.0;20;9
1958;Botafogo FR RJ;1;1960;Goias EC GO;2;3;1;1;31932327;65.0;35.0;8;8;5;3;3.0;5.0;9;2;20;13;6;5;24;19;2.0;2.0;1.0;4.0;12;19
1958;Botafogo FR RJ;1;1980;EC Juventude RS;1;2;1;1;31932227;55.0;45.0;9;7;3;3;6.0;4.0;6;4;18;15;7;8;17;28;2.0;5.0;2.0;2.0;14;16
1999;Red Bull Bragantino SP;4;7315;Avai FC SC;0;4;1;1;31932463;59.0;41.0;25;5;16;3;9.0;2.0;19;7;5;6;5;13;19;25;1.0;3.0;3.0;10.0;5;5
1999;Red Bull Bragantino SP;4;1982;Coritiba FC PR;2;6;1;1;31932383;54.0;46.0;12;11;7;6;5.0;5.0;4;5;13;15;7;10;9;25;2.0;1.0;4.0;3.0;14;12
1973;America FC MG;2;49202;Cuiaba Esporte Clube MT;1;3;1;1;31932319;55.0;45.0;9;2;5;2;4.0;0.0;8;4;14;15;2;6;15;25;0.0;1.0;1.0;3.0;12;10
1968;Santos FC SP;4;49202;Cuiaba Esporte Clube MT;1;5;1;1;31932247;55.0;45.0;9;10;6;3;3.0;7.0;4;8;14;14;12;8;19;12;1.0;2.0;1.0;2.0;14;13
1981;Sao Paulo FC SP;1;1973;America FC MG;0;1;1;0;31932363;43.0;57.0;10;10;3;5;7.0;5.0;2;4;13;16;11;7;25;28;2.0;2.0;5.0;2.0;14;13
1982;Coritiba FC PR;1;1981;Sao Paulo FC SP;1;2;1;1;31932357;46.0;54.0;6;8;2;4;4.0;4.0;1;10;14;13;9;5;18;19;3.0;3.0;3.0;1.0;12;13
7315;Avai FC SC;1;1981;Sao Paulo FC SP;1;2;1;1;31932335;50.0;50.0;15;8;6;4;9.0;4.0;4;7;25;10;7;15;21;19;2.0;2.0;3.0;5.0;9;23
2001;Ceara SC CE;1;7314;AC Goianiense GO;1;2;1;1;31932431;49.0;51.0;7;5;5;3;2.0;2.0;4;2;22;16;4;7;14;13;2.0;2.0;2.0;5.0;16;16
2020;Fortaleza EC CE;1;1960;Goias EC GO;1;2;1;1;31932351;48.0;52.0;11;10;5;2;6.0;8.0;6;2;18;17;10;10;21;18;1.0;2.0;1.0;4.0;13;15
7315;Avai FC SC;3;2020;Fortaleza EC CE;2;5;1;1;31932395;55.0;45.0;11;6;6;4;5.0;2.0;3;4;17;19;6;9;20;19;1.0;3.0;2.0;3.0;17;15
7315;Avai FC SC;1;1980;EC Juventude RS;2;3;1;1;31932275;58.0;42.0;11;4;7;3;4.0;1.0;6;6;15;18;5;6;25;17;2.0;5.0;1.0;5.0;18;15
7315;Avai FC SC;2;1982;Coritiba FC PR;1;3;1;1;31932255;55.0;45.0;11;6;7;3;4.0;3.0;5;7;12;14;5;8;16;17;3.0;3.0;3.0;5.0;14;11
1973;America FC MG;0;2001;Ceara SC CE;2;2;1;1;31932339;60.0;40.0;8;5;3;3;5.0;2.0;4;4;17;18;6;11;19;12;2.0;3.0;1.0;3.0;15;17
2001;Ceara SC CE;1;1982;Coritiba FC PR;1;2;1;1;31932331;51.0;49.0;14;10;9;6;5.0;4.0;5;6;7;19;5;7;16;10;1.0;4.0;2.0;2.0;15;7
2001;Ceara SC CE;2;5981;CR Flamengo RJ;2;4;1;1;31932271;39.0;61.0;8;7;5;3;3.0;4.0;8;3;25;24;6;5;16;15;5.0;5.0;0.0;1.0;20;25
1957;SC Corinthians SP;1;2020;Fortaleza EC CE;0;1;1;0;31932225;61.0;39.0;3;10;2;5;1.0;5.0;9;4;17;11;11;5;19;27;1.0;3.0;5.0;2.0;10;13
2020;Fortaleza EC CE;1;1980;EC Juventude RS;1;2;1;1;31932311;60.0;40.0;7;11;3;7;4.0;4.0;8;7;16;11;8;10;28;14;2.0;3.0;6.0;2.0;10;16
3163;CD O´Higgins;1;3157;CD Palestino;2;3;1;1;31802551;57.0;43.0;9;8;3;3;6.0;5.0;8;5;16;18;13;11;21;15;4.0;0.0;1.0;2.0;17;15
3164;Huachipato;2;3157;CD Palestino;1;3;1;1;31802517;55.0;45.0;6;4;2;1;4.0;3.0;5;2;15;10;5;7;25;27;2.0;2.0;;;9;12
3157;CD Palestino;3;3167;Cobresal;1;4;1;1;31802503;56.0;44.0;8;12;5;6;3.0;6.0;4;9;13;18;7;7;27;33;4.0;1.0;5.0;2.0;16;11
5031;Deportes La Serena;0;3157;CD Palestino;0;0;0;0;31802487;47.0;53.0;9;13;2;5;7.0;8.0;6;6;9;20;11;7;23;23;1.0;4.0;5.0;2.0;15;9
3161;Universidad de Chile;0;3157;CD Palestino;0;0;0;0;31802441;51.0;49.0;12;15;4;6;8.0;9.0;7;5;16;14;14;15;22;24;3.0;4.0;6.0;4.0;12;13
33595;Curico Unido;0;3157;CD Palestino;0;0;0;0;31802401;54.0;46.0;9;9;3;3;6.0;6.0;4;2;19;11;9;9;28;28;3.0;5.0;3.0;3.0;10;17
3157;CD Palestino;0;3155;Colo-Colo;5;5;1;1;31802391;48.0;52.0;6;13;2;10;4.0;3.0;3;4;17;20;6;11;24;17;3.0;3.0;5.0;2.0;18;16
3155;Colo-Colo;3;5031;Deportes La Serena;0;3;1;1;31802545;45.0;55.0;10;6;7;1;3.0;5.0;7;3;12;18;11;8;29;32;3.0;6.0;1.0;4.0;14;10
3155;Colo-Colo;4;3165;Coquimbo Unido;0;4;1;1;31802479;58.0;42.0;15;7;9;3;6.0;4.0;2;3;7;12;6;12;33;15;3.0;3.0;3.0;5.0;10;7
33595;Curico Unido;1;3155;Colo-Colo;2;3;1;1;31802465;58.0;42.0;6;5;4;2;2.0;3.0;6;3;16;14;9;8;22;24;1.0;2.0;0.0;3.0;12;13
7029;Nublense;1;3162;Audax Italiano;2;3;1;1;31802533;59.0;41.0;6;8;2;5;4.0;3.0;5;5;8;12;8;3;25;32;1.0;4.0;4.0;1.0;10;7
7029;Nublense;3;33595;Curico Unido;1;4;1;1;31802499;60.0;40.0;15;8;7;3;8.0;5.0;8;2;7;12;6;11;15;17;3.0;1.0;2.0;4.0;12;7
7029;Nublense;4;3151;CD Universidad Catolica;0;4;1;1;31802467;46.0;54.0;13;7;8;3;5.0;4.0;4;7;19;16;9;9;14;21;2.0;3.0;3.0;4.0;15;17
3153;Union Espanola;1;7029;Nublense;0;1;1;0;31802395;45.0;55.0;9;8;6;1;3.0;7.0;6;3;14;14;13;8;18;24;4.0;3.0;1.0;5.0;13;11
7029;Nublense;2;5032;CD Everton Vina del Mar;1;3;1;1;31802439;63.0;37.0;14;9;6;4;8.0;5.0;3;6;9;10;10;9;22;25;3.0;2.0;3.0;4.0;8;8
7029;Nublense;1;5601;CD Antofagasta;1;2;1;1;31802407;58.0;42.0;11;7;5;4;6.0;3.0;4;4;14;11;6;13;24;20;4.0;3.0;;;10;13
7029;Nublense;3;5031;Deportes La Serena;1;4;1;1;31802357;45.0;55.0;8;11;4;5;4.0;6.0;2;9;14;14;9;5;17;16;5.0;1.0;4.0;1.0;11;14
33595;Curico Unido;1;3167;Cobresal;0;1;1;0;31802549;52.0;48.0;11;7;5;2;6.0;5.0;11;8;13;10;13;14;37;42;0.0;1.0;2.0;4.0;7;10
5031;Deportes La Serena;1;33595;Curico Unido;3;4;1;1;31802453;51.0;49.0;11;9;6;6;5.0;3.0;5;4;13;14;6;10;27;24;4.0;1.0;3.0;5.0;13;12
48242;Deportes Union La Calera;0;33595;Curico Unido;0;0;0;0;31802427;62.0;38.0;12;4;3;1;9.0;3.0;5;3;17;9;5;14;19;16;2.0;3.0;1.0;2.0;6;13
33595;Curico Unido;2;5601;CD Antofagasta;0;2;1;1;31802433;53.0;47.0;12;11;6;1;6.0;10.0;3;2;15;15;12;10;22;27;1.0;3.0;1.0;4.0;14;13
5601;CD Antofagasta;1;3161;Universidad de Chile;1;2;1;1;31802543;45.0;55.0;13;6;7;2;6.0;4.0;5;2;16;23;8;10;29;21;4.0;2.0;1.0;6.0;21;12
3167;Cobresal;1;3161;Universidad de Chile;0;1;1;0;31802509;52.0;48.0;15;4;3;0;12.0;4.0;5;4;7;9;11;19;25;29;2.0;2.0;0.0;2.0;7;7
5032;CD Everton Vina del Mar;2;3161;Universidad de Chile;1;3;1;1;31802483;48.0;52.0;11;8;6;3;5.0;5.0;4;4;11;17;6;9;19;30;4.0;3.0;2.0;4.0;15;10
3161;Universidad de Chile;2;5031;Deportes La Serena;0;2;1;1;31802473;56.0;44.0;13;6;5;2;8.0;4.0;8;6;17;15;9;13;23;16;2.0;2.0;2.0;3.0;15;13
3165;Coquimbo Unido;1;3161;Universidad de Chile;0;1;1;0;31802417;47.0;53.0;9;8;5;4;4.0;4.0;4;1;15;16;8;10;27;28;6.0;2.0;1.0;1.0;16;11
3161;Universidad de Chile;2;3153;Union Espanola;0;2;1;1;32621977;38.0;62.0;8;17;6;10;2.0;7.0;2;14;9;11;14;4;18;35;5.0;3.0;10.0;4.0;10;8
3151;CD Universidad Catolica;2;3165;Coquimbo Unido;0;2;1;1;31802537;60.0;40.0;7;6;6;2;1.0;4.0;1;6;16;15;10;6;18;15;2.0;4.0;2.0;4.0;12;14
3151;CD Universidad Catolica;1;5601;CD Antofagasta;0;1;1;0;31802521;53.0;47.0;11;5;6;2;5.0;3.0;5;3;16;13;7;12;19;29;2.0;4.0;2.0;5.0;12;14
3151;CD Universidad Catolica;3;48242;Deportes Union La Calera;0;3;1;1;31802489;54.0;46.0;8;5;7;1;1.0;4.0;5;5;13;11;7;4;23;18;2.0;2.0;1.0;4.0;8;12
3163;CD O´Higgins;2;3151;CD Universidad Catolica;1;3;1;1;31802389;42.0;58.0;8;10;3;2;5.0;8.0;2;8;18;20;14;10;27;25;5.0;3.0;1.0;1.0;20;18
3167;Cobresal;3;3151;CD Universidad Catolica;1;4;1;1;31802349;40.0;60.0;11;8;6;3;5.0;5.0;4;3;9;17;8;7;19;25;4.0;1.0;2.0;3.0;15;9
3157;CD Palestino;3;3151;CD Universidad Catolica;2;5;1;1;31802343;54.0;46.0;14;7;8;3;6.0;4.0;8;0;18;16;5;7;18;21;2.0;3.0;1.0;5.0;12;17
3167;Cobresal;2;5601;CD Antofagasta;1;3;1;1;31802525;65.0;35.0;17;9;6;1;11.0;8.0;4;4;12;12;15;17;24;24;3.0;2.0;0.0;4.0;10;12
3167;Cobresal;2;3163;CD O´Higgins;0;2;1;1;31802477;54.0;46.0;15;9;11;2;4.0;7.0;10;2;10;13;11;10;24;18;2.0;1.0;2.0;9.0;11;9
3167;Cobresal;0;5032;CD Everton Vina del Mar;0;0;0;0;31802461;55.0;45.0;16;10;7;5;9.0;5.0;11;3;17;18;12;14;21;19;5.0;1.0;5.0;7.0;16;15
3153;Union Espanola;2;3167;Cobresal;2;4;1;1;31802459;57.0;43.0;9;11;3;6;6.0;5.0;8;1;16;9;8;11;21;21;3.0;4.0;4.0;1.0;9;14
3164;Huachipato;1;3167;Cobresal;0;1;1;0;31802403;57.0;43.0;13;10;3;5;10.0;5.0;4;6;18;9;7;16;25;24;4.0;4.0;5.0;2.0;9;14
5031;Deportes La Serena;2;3167;Cobresal;3;5;1;1;31802373;52.0;48.0;8;15;3;9;5.0;6.0;1;4;10;7;8;9;18;23;3.0;4.0;6.0;1.0;6;9
3167;Cobresal;0;3162;Audax Italiano;1;1;1;0;31802415;59.0;41.0;10;3;3;2;7.0;1.0;7;3;21;12;4;14;28;22;3.0;4.0;1.0;3.0;11;17
3167;Cobresal;2;3165;Coquimbo Unido;1;3;1;1;31802383;60.0;40.0;19;9;8;2;11.0;7.0;9;3;10;16;9;16;39;33;3.0;4.0;1.0;6.0;15;10
3153;Union Espanola;1;48242;Deportes Union La Calera;1;2;1;1;31802523;52.0;48.0;6;7;4;2;2.0;5.0;4;5;10;11;8;5;23;23;4.0;1.0;1.0;3.0;11;5
3165;Coquimbo Unido;2;3153;Union Espanola;4;6;1;1;31802497;55.0;45.0;8;8;4;4;4.0;4.0;10;7;17;14;7;6;24;24;2.0;2.0;0.0;2.0;13;15
3163;CD O´Higgins;2;3153;Union Espanola;2;4;1;1;31802469;53.0;47.0;12;8;4;4;8.0;4.0;4;6;7;14;8;12;22;34;1.0;1.0;2.0;2.0;11;7
5031;Deportes La Serena;1;3153;Union Espanola;2;3;1;1;31802437;46.0;54.0;3;10;2;5;1.0;5.0;4;5;17;17;8;5;22;18;2.0;3.0;2.0;1.0;13;13
3162;Audax Italiano;0;3153;Union Espanola;1;1;1;0;31802397;45.0;55.0;9;10;3;4;6.0;6.0;7;8;14;11;12;11;23;27;2.0;3.0;3.0;3.0;11;12
5601;CD Antofagasta;2;5032;CD Everton Vina del Mar;2;4;1;1;31802495;51.0;49.0;14;13;3;8;11.0;5.0;2;9;13;15;7;14;18;21;1.0;4.0;6.0;1.0;10;10
5032;CD Everton Vina del Mar;0;3162;Audax Italiano;0;0;0;0;31802385;48.0;52.0;4;11;1;4;3.0;7.0;6;5;14;16;11;7;28;28;2.0;1.0;4.0;1.0;15;11
3162;Audax Italiano;1;3164;Huachipato;1;2;1;1;31802541;55.0;45.0;14;7;9;2;5.0;5.0;7;1;10;8;10;12;31;26;2.0;3.0;1.0;8.0;7;7
48242;Deportes Union La Calera;1;3164;Huachipato;0;1;1;0;31802379;55.0;45.0;10;11;7;5;3.0;6.0;3;5;16;12;10;5;32;18;4.0;4.0;5.0;6.0;11;15
3164;Huachipato;2;5031;Deportes La Serena;3;5;1;1;31802387;58.0;42.0;10;7;5;4;5.0;3.0;13;4;12;17;5;17;29;17;2.0;2.0;1.0;3.0;13;7
48242;Deportes Union La Calera;1;3162;Audax Italiano;0;1;1;0;31802475;53.0;47.0;7;13;4;4;3.0;9.0;3;5;8;19;13;9;19;27;0.0;1.0;4.0;3.0;16;7
3162;Audax Italiano;1;3165;Coquimbo Unido;1;2;1;1;31802429;54.0;46.0;6;7;3;3;3.0;4.0;6;4;14;13;9;8;21;26;3.0;2.0;2.0;2.0;12;12
3162;Audax Italiano;3;3157;CD Palestino;1;4;1;1;31802365;43.0;57.0;10;8;4;4;6.0;4.0;4;4;17;14;7;14;16;34;5.0;2.0;3.0;1.0;13;14
3165;Coquimbo Unido;3;48242;Deportes Union La Calera;2;5;1;1;31802449;46.0;54.0;9;7;4;6;5.0;1.0;8;3;11;13;4;7;25;20;2.0;3.0;4.0;1.0;10;11
5601;CD Antofagasta;0;48242;Deportes Union La Calera;0;0;0;0;31802381;48.0;52.0;15;12;4;4;11.0;8.0;3;5;10;11;12;15;19;15;2.0;0.0;4.0;4.0;10;9
48242;Deportes Union La Calera;0;3163;CD O´Higgins;0;0;0;0;31802443;55.0;45.0;10;4;4;2;6.0;2.0;6;2;12;11;5;12;24;15;1.0;2.0;2.0;4.0;10;11
33595;Curico Unido;5;3163;CD O´Higgins;0;5;1;1;31802371;49.0;51.0;8;8;8;4;0.0;4.0;2;6;14;16;10;2;24;28;2.0;2.0;4.0;3.0;15;8
3163;CD O´Higgins;2;3165;Coquimbo Unido;1;3;1;1;31802409;51.0;49.0;10;12;7;3;3.0;9.0;4;5;15;17;13;7;28;26;5.0;3.0;2.0;5.0;16;14
3165;Coquimbo Unido;0;7029;Nublense;1;1;1;0;31802369;58.0;42.0;12;8;4;4;8.0;4.0;6;2;18;11;10;11;22;20;4.0;7.0;3.0;4.0;10;16
6117;Millonarios FC;0;6106;Atletico Nacional Medellin;0;0;0;0;33677345;62.0;38.0;7;3;3;2;4.0;1.0;9;3;10;8;8;21;20;13;2.0;5.0;2.0;3.0;7;10
6103;CA Bucaramanga;0;6106;Atletico Nacional Medellin;1;1;1;0;33677343;57.0;43.0;3;4;1;2;2.0;2.0;3;2;10;11;10;14;28;23;4.0;4.0;1.0;1.0;9;8
6106;Atletico Nacional Medellin;2;6117;Millonarios FC;2;4;1;1;33677333;44.0;56.0;7;7;5;2;2.0;5.0;4;4;5;15;6;9;16;13;3.0;3.0;1.0;0.0;11;5
6105;CD Junior FC;1;6106;Atletico Nacional Medellin;1;2;1;1;33677331;59.0;41.0;4;3;2;2;2.0;1.0;4;3;8;16;6;18;22;17;5.0;1.0;1.0;1.0;16;5
6975;CD La Equidad;1;6106;Atletico Nacional Medellin;0;1;1;0;31404691;38.0;62.0;15;7;7;3;8.0;4.0;8;4;6;20;12;10;22;29;2.0;3.0;3.0;6.0;20;3
6106;Atletico Nacional Medellin;1;6109;CS Deportivo Pereira;1;2;1;1;31404679;60.0;40.0;7;4;3;3;4.0;1.0;5;2;12;16;11;17;22;17;5.0;3.0;2.0;2.0;15;12
6106;Atletico Nacional Medellin;0;6118;CD Once Caldas;0;0;0;0;31404639;64.0;36.0;2;2;1;2;1.0;0.0;9;3;10;9;5;10;22;26;2.0;1.0;2.0;1.0;8;7
6106;Atletico Nacional Medellin;2;6102;America de Cali;0;2;1;1;31404597;57.0;43.0;9;7;7;2;2.0;5.0;6;3;17;9;12;11;27;16;2.0;6.0;2.0;5.0;8;16
6975;CD La Equidad;1;6111;CD Tolima;0;1;1;0;33677371;51.0;49.0;15;6;5;2;10.0;4.0;3;4;14;12;8;16;27;17;1.0;0.0;2.0;4.0;12;10
6111;CD Tolima;1;6975;CD La Equidad;0;1;1;0;33677365;65.0;35.0;3;1;2;0;1.0;1.0;2;2;15;13;6;9;21;16;2.0;3.0;0.0;1.0;10;15
6975;CD La Equidad;2;6114;Envigado FC;0;2;1;1;33677363;65.0;35.0;4;2;3;2;1.0;0.0;4;4;17;14;9;10;27;23;3.0;4.0;2.0;1.0;12;9
89376;Union Magdalena;1;6975;CD La Equidad;1;2;1;1;31404677;47.0;53.0;8;11;3;7;5.0;4.0;6;10;14;9;8;7;28;42;1.0;2.0;6.0;2.0;5;12
39866;CD Cortulua;0;6975;CD La Equidad;2;2;1;1;31404625;63.0;37.0;12;8;2;5;10.0;3.0;8;5;19;12;6;14;22;22;3.0;2.0;3.0;2.0;10;17
6111;CD Tolima;1;6114;Envigado FC;1;2;1;1;31404701;66.0;34.0;8;2;5;2;3.0;0.0;6;3;15;6;3;16;28;27;2.0;3.0;1.0;4.0;5;15
6117;Millonarios FC;0;6111;CD Tolima;0;0;0;0;31404663;44.0;56.0;5;0;3;0;2.0;0.0;5;0;8;15;7;17;19;13;3.0;4.0;0.0;3.0;15;5
89156;CD Alianza Petrolera;0;6111;CD Tolima;2;2;1;1;31404631;62.0;38.0;9;6;4;4;5.0;2.0;8;9;13;10;6;13;13;26;1.0;1.0;2.0;4.0;9;12
6111;CD Tolima;3;48244;Aguilas Doradas Rionegro;0;3;1;1;31404601;59.0;41.0;6;7;4;2;2.0;5.0;3;1;12;13;8;5;19;18;0.0;3.0;2.0;1.0;12;10
6115;Independiente Medellin;2;6114;Envigado FC;1;3;1;1;33677369;46.0;54.0;5;5;4;3;1.0;2.0;2;4;10;8;8;13;27;27;2.0;2.0;2.0;3.0;5;9
6114;Envigado FC;0;6115;Independiente Medellin;0;0;0;0;33677367;49.0;51.0;5;5;3;2;2.0;3.0;5;8;12;15;13;12;13;22;3.0;2.0;2.0;3.0;12;11
6115;Independiente Medellin;1;6113;AD Pasto;0;1;1;0;31404697;60.0;40.0;8;5;2;2;6.0;3.0;1;4;9;14;6;14;10;25;1.0;1.0;1.0;4.0;13;7
6103;CA Bucaramanga;2;6115;Independiente Medellin;3;5;1;1;31404633;48.0;52.0;7;13;2;7;5.0;6.0;3;5;9;8;10;8;21;32;2.0;1.0;4.0;2.0;7;6
6115;Independiente Medellin;0;89376;Union Magdalena;0;0;0;0;31404617;63.0;37.0;15;6;3;2;12.0;4.0;11;1;14;21;5;16;29;15;3.0;4.0;2.0;3.0;16;14
48244;Aguilas Doradas Rionegro;1;89370;Jaguares de Cordoba;1;2;1;1;31404581;67.0;33.0;7;2;6;1;1.0;1.0;8;3;13;19;7;14;21;20;2.0;4.0;0.0;5.0;18;11
6103;CA Bucaramanga;1;89370;Jaguares de Cordoba;0;1;1;0;31404551;57.0;43.0;4;3;3;1;1.0;2.0;5;2;15;13;7;3;18;29;3.0;3.0;2.0;2.0;11;13
89370;Jaguares de Cordoba;1;6113;AD Pasto;0;1;1;0;31404487;40.0;60.0;6;10;4;2;2.0;8.0;1;4;16;27;11;6;16;22;2.0;2.0;2.0;3.0;25;15
89370;Jaguares de Cordoba;1;6117;Millonarios FC;2;3;1;1;31404447;52.0;48.0;6;7;4;4;2.0;3.0;6;3;17;13;8;8;16;15;2.0;3.0;2.0;3.0;9;15
6117;Millonarios FC;1;89156;CD Alianza Petrolera;0;1;1;0;31404683;60.0;40.0;10;3;4;1;6.0;2.0;7;1;7;7;7;19;23;23;1.0;2.0;1.0;4.0;6;6
89156;CD Alianza Petrolera;2;6118;CD Once Caldas;0;2;1;1;31404671;51.0;49.0;9;14;5;6;4.0;8.0;3;5;14;13;10;4;15;29;5.0;2.0;6.0;3.0;13;10
6102;America de Cali;0;89156;CD Alianza Petrolera;1;1;1;0;31404651;59.0;41.0;5;7;1;2;4.0;5.0;5;4;7;8;9;13;18;19;4.0;1.0;1.0;1.0;8;6
6105;CD Junior FC;3;89156;CD Alianza Petrolera;1;4;1;1;31404577;52.0;48.0;7;7;5;4;2.0;3.0;5;7;15;19;11;7;22;15;1.0;2.0;3.0;2.0;16;15
6113;AD Pasto;1;89156;CD Alianza Petrolera;1;2;1;1;31404467;58.0;42.0;12;7;4;3;8.0;4.0;4;5;18;10;7;14;24;24;1.0;4.0;2.0;3.0;7;17
89156;CD Alianza Petrolera;2;61504;Boyaca Patriotas;1;3;1;1;31404549;60.0;40.0;10;8;5;5;5.0;3.0;8;4;8;11;6;12;24;24;0.0;2.0;4.0;3.0;9;6
89156;CD Alianza Petrolera;2;48244;Aguilas Doradas Rionegro;1;3;1;1;31404509;53.0;47.0;8;10;3;5;5.0;5.0;2;3;20;24;6;8;19;14;3.0;3.0;4.0;1.0;21;18
89156;CD Alianza Petrolera;2;6103;CA Bucaramanga;2;4;1;1;31404489;48.0;52.0;4;8;3;7;1.0;1.0;3;6;7;14;8;13;26;19;3.0;3.0;5.0;1.0;13;7
6114;Envigado FC;1;48244;Aguilas Doradas Rionegro;0;1;1;0;31404681;52.0;48.0;6;7;3;4;3.0;3.0;2;6;10;27;9;6;20;21;6.0;1.0;4.0;2.0;26;8
48244;Aguilas Doradas Rionegro;1;6113;AD Pasto;0;1;1;0;31404659;54.0;46.0;15;5;7;1;8.0;4.0;9;5;14;16;6;15;23;15;3.0;3.0;1.0;6.0;15;11
6115;Independiente Medellin;4;48244;Aguilas Doradas Rionegro;0;4;1;1;31404477;47.0;53.0;11;11;4;4;7.0;7.0;3;3;11;15;7;12;17;18;3.0;3.0;4.0;0.0;13;9
48244;Aguilas Doradas Rionegro;1;6109;CS Deportivo Pereira;0;1;1;0;31404541;52.0;48.0;11;7;4;1;7.0;6.0;2;5;12;10;10;11;31;24;5.0;3.0;1.0;3.0;9;11
6103;CA Bucaramanga;1;61504;Boyaca Patriotas;1;2;1;1;31404673;49.0;51.0;13;9;5;6;8.0;3.0;9;5;10;13;7;11;25;19;1.0;1.0;5.0;4.0;12;8
61504;Boyaca Patriotas;1;6117;Millonarios FC;2;3;1;1;31404647;42.0;58.0;3;5;2;5;1.0;0.0;4;5;9;11;7;3;21;21;2.0;3.0;3.0;1.0;8;8
6113;AD Pasto;0;61504;Boyaca Patriotas;0;0;0;0;31404629;46.0;54.0;13;11;4;3;9.0;8.0;6;4;16;15;8;10;16;19;1.0;2.0;3.0;5.0;13;15
61504;Boyaca Patriotas;0;6114;Envigado FC;0;0;0;0;31404607;54.0;46.0;10;3;3;2;7.0;1.0;7;4;13;9;3;13;21;12;3.0;3.0;2.0;3.0;6;13
6111;CD Tolima;1;61504;Boyaca Patriotas;2;3;1;1;31404521;61.0;39.0;9;7;4;5;5.0;2.0;3;5;9;13;4;10;15;22;2.0;5.0;3.0;3.0;13;7
6975;CD La Equidad;1;61504;Boyaca Patriotas;1;2;1;1;31404491;67.0;33.0;5;10;3;2;2.0;8.0;10;2;14;15;13;13;19;18;4.0;3.0;1.0;2.0;14;13
61504;Boyaca Patriotas;0;6106;Atletico Nacional Medellin;2;2;1;1;31404569;51.0;49.0;9;3;8;3;1.0;0.0;9;4;19;14;3;7;19;13;3.0;3.0;1.0;8.0;13;18
6113;AD Pasto;1;6975;CD La Equidad;1;2;1;1;31404547;47.0;53.0;13;13;6;4;7.0;9.0;6;6;15;11;13;15;12;20;1.0;2.0;3.0;5.0;9;14
6113;AD Pasto;2;6116;Independiente Santa Fe;4;6;1;1;31404507;57.0;43.0;2;8;2;6;0.0;2.0;4;3;25;19;9;8;20;11;4.0;4.0;2.0;0.0;13;21
6109;CS Deportivo Pereira;2;89376;Union Magdalena;0;2;1;1;31404645;47.0;53.0;4;12;3;2;1.0;10.0;2;6;12;12;12;2;20;26;2.0;3.0;2.0;1.0;11;9
6114;Envigado FC;2;6109;CS Deportivo Pereira;1;3;1;1;31404641;56.0;44.0;12;7;4;6;8.0;1.0;5;4;10;13;7;11;12;13;5.0;4.0;5.0;2.0;10;10
6109;CS Deportivo Pereira;1;6117;Millonarios FC;0;1;1;0;31404605;39.0;61.0;5;11;4;8;1.0;3.0;4;9;18;12;5;4;13;20;2.0;4.0;8.0;3.0;10;18
6118;CD Once Caldas;0;6109;CS Deportivo Pereira;0;0;0;0;31404485;53.0;47.0;7;4;2;3;5.0;1.0;5;7;13;12;7;14;14;25;3.0;2.0;3.0;2.0;11;11
39866;CD Cortulua;2;6109;CS Deportivo Pereira;1;3;1;1;31404443;61.0;39.0;13;6;4;3;9.0;3.0;6;5;16;15;5;10;19;22;3.0;4.0;3.0;3.0;14;11
6105;CD Junior FC;1;6103;CA Bucaramanga;0;1;1;0;33677347;51.0;49.0;6;1;4;0;2.0;1.0;8;3;17;17;5;13;22;14;1.0;2.0;0.0;3.0;15;14
6103;CA Bucaramanga;2;6105;CD Junior FC;0;2;1;1;33677335;32.0;68.0;3;4;3;2;0.0;2.0;0;6;21;11;18;8;15;24;2.0;2.0;2.0;1.0;10;18
39866;CD Cortulua;1;6105;CD Junior FC;0;1;1;0;31404665;55.0;45.0;3;6;2;5;1.0;1.0;5;4;26;15;7;5;21;22;3.0;6.0;5.0;1.0;13;25
6105;CD Junior FC;4;6114;Envigado FC;0;4;1;1;31404655;52.0;48.0;5;2;4;2;1.0;0.0;3;1;19;17;2;4;14;20;1.0;0.0;2.0;0.0;14;14
6105;CD Junior FC;2;6103;CA Bucaramanga;0;2;1;1;31404615;62.0;38.0;9;1;6;0;3.0;1.0;11;1;12;13;4;12;18;16;4.0;3.0;0.0;4.0;11;11
6103;CA Bucaramanga;2;6117;Millonarios FC;1;3;1;1;33677351;39.0;61.0;4;7;3;3;1.0;4.0;2;3;16;10;10;6;30;24;4.0;2.0;2.0;1.0;8;12
6117;Millonarios FC;1;6103;CA Bucaramanga;0;1;1;0;33677329;60.0;40.0;7;2;4;2;3.0;0.0;7;0;4;7;6;8;26;29;1.0;3.0;2.0;3.0;6;2
6102;America de Cali;3;6117;Millonarios FC;2;5;1;1;31404573;38.0;62.0;5;8;5;4;0.0;4.0;4;5;11;14;8;6;13;21;2.0;3.0;2.0;2.0;10;9
6103;CA Bucaramanga;3;39866;CD Cortulua;2;5;1;1;31404591;48.0;52.0;9;13;3;8;6.0;5.0;2;7;12;17;9;11;23;20;5.0;4.0;6.0;1.0;13;12
6118;CD Once Caldas;0;6112;AD Cali;1;1;1;0;31404643;56.0;44.0;23;6;11;4;12.0;2.0;7;3;14;13;5;15;36;21;0.0;6.0;3.0;11.0;9;13
6102;America de Cali;1;6112;AD Cali;1;2;1;1;31404611;48.0;52.0;4;3;2;2;2.0;1.0;3;4;13;14;8;9;29;23;2.0;2.0;1.0;1.0;13;12
6103;CA Bucaramanga;1;6112;AD Cali;0;1;1;0;31404511;55.0;45.0;4;5;4;3;0.0;2.0;5;5;19;7;9;8;17;19;2.0;2.0;3.0;3.0;7;16
89376;Union Magdalena;0;6112;AD Cali;2;2;1;1;31404475;54.0;46.0;5;8;2;5;3.0;3.0;5;5;20;12;6;11;32;20;2.0;3.0;3.0;2.0;10;17
6112;AD Cali;2;39866;CD Cortulua;1;3;1;1;31404553;47.0;53.0;3;2;2;1;1.0;1.0;5;6;11;18;5;6;31;26;2.0;0.0;;;13;9
6112;AD Cali;3;6106;Atletico Nacional Medellin;3;6;1;1;31404535;47.0;53.0;5;6;3;6;2.0;0.0;1;11;11;12;9;7;19;18;4.0;4.0;3.0;0.0;10;8
6106;Atletico Nacional Medellin;2;6116;Independiente Santa Fe;1;3;1;1;31404557;36.0;64.0;7;9;2;5;5.0;4.0;4;5;11;12;8;8;16;25;3.0;2.0;4.0;0.0;10;10
6116;Independiente Santa Fe;3;6103;CA Bucaramanga;1;4;1;1;31404533;55.0;45.0;10;5;7;3;3.0;2.0;5;4;17;11;8;12;20;12;1.0;2.0;2.0;4.0;6;12
6116;Independiente Santa Fe;1;6115;Independiente Medellin;0;1;1;0;31404453;46.0;54.0;5;3;3;2;2.0;1.0;5;6;10;12;12;12;19;31;1.0;3.0;2.0;2.0;10;10
6118;CD Once Caldas;1;39866;CD Cortulua;0;1;1;0;31404603;49.0;51.0;5;6;3;4;2.0;2.0;9;5;5;21;12;10;24;30;3.0;0.0;4.0;3.0;18;5
6117;Millonarios FC;1;6118;CD Once Caldas;0;1;1;0;31404503;72.0;28.0;4;1;2;0;2.0;1.0;3;3;13;12;9;9;32;29;1.0;4.0;0.0;1.0;11;9
6118;CD Once Caldas;0;6103;CA Bucaramanga;1;1;1;0;31404565;67.0;33.0;8;3;5;2;3.0;1.0;5;1;12;11;7;11;19;16;1.0;6.0;1.0;5.0;5;12
6118;CD Once Caldas;2;6111;CD Tolima;2;4;1;1;31404525;52.0;48.0;18;10;9;3;9.0;7.0;10;2;12;14;7;12;17;9;3.0;1.0;1.0;7.0;13;11
6111;CD Tolima;1;6102;America de Cali;0;1;1;0;31404561;45.0;55.0;8;2;6;2;2.0;0.0;8;7;14;16;4;6;16;14;3.0;0.0;2.0;5.0;15;13
6102;America de Cali;1;6115;Independiente Medellin;3;4;1;1;32653973;67.0;33.0;5;6;3;5;0.0;1.0;4;4;15;10;12;12;23;31;1.0;5.0;2.0;3.0;10;14
39866;CD Cortulua;1;6111;CD Tolima;3;4;1;1;31404483;50.0;50.0;11;5;3;5;8.0;0.0;8;1;20;6;3;10;23;23;2.0;1.0;2.0;2.0;5;12
6105;CD Junior FC;3;89376;Union Magdalena;1;4;1;1;31404497;47.0;53.0;10;4;7;3;3.0;1.0;0;2;16;16;9;12;18;18;2.0;4.0;2.0;4.0;14;15
6115;Independiente Medellin;2;6114;Envigado FC;1;3;1;1;31404579;53.0;47.0;7;2;5;1;2.0;1.0;4;2;16;11;4;12;22;32;2.0;9.0;0.0;3.0;9;16
5249;SD Aucas;2;5250;Barcelona SC;1;3;1;1;32284693;40.0;60.0;7;11;3;2;4.0;9.0;5;6;10;18;15;8;17;19;2.0;4.0;1.0;1.0;17;10
5257;LDU Quito;4;5249;SD Aucas;4;8;1;1;31766339;;;14;6;9;5;5.0;1.0;12;3;10;16;4;11;16;17;2.0;6.0;1.0;5.0;16;9
5249;SD Aucas;3;21942;CD Universidad Catolica del Ecuador;2;5;1;1;32284613;53.0;47.0;6;7;5;6;1.0;1.0;6;4;8;11;2;6;12;21;2.0;1.0;4.0;2.0;11;6
5249;SD Aucas;1;676869;9 de Octubre FC;1;2;1;1;31766349;55.0;45.0;9;3;4;2;5.0;1.0;5;4;11;11;5;13;12;15;3.0;3.0;1.0;3.0;8;9
21942;CD Universidad Catolica del Ecuador;4;241468;Delfin SC;2;6;1;1;32284709;55.0;45.0;15;8;6;5;9.0;3.0;2;3;7;11;8;15;25;10;3.0;1.0;3.0;1.0;9;6
5255;CS Emelec;0;21942;CD Universidad Catolica del Ecuador;1;1;1;0;32284685;53.0;47.0;3;4;2;2;1.0;2.0;8;3;2;10;1;10;20;18;3.0;1.0;1.0;2.0;9;2
403235;Orense SC;1;21942;CD Universidad Catolica del Ecuador;0;1;1;0;32284633;;;4;2;4;1;0.0;1.0;2;4;18;10;3;2;16;11;5.0;5.0;1.0;3.0;10;16
5251;CD Cuenca;0;21942;CD Universidad Catolica del Ecuador;2;2;1;1;31766341;44.0;56.0;6;11;3;6;3.0;5.0;5;6;13;13;10;12;14;8;1.0;4.0;4.0;3.0;7;13
5257;LDU Quito;2;21942;CD Universidad Catolica del Ecuador;1;3;1;1;31766303;51.0;49.0;10;3;5;3;5.0;0.0;6;1;12;15;3;11;19;14;3.0;2.0;2.0;3.0;15;12
21942;CD Universidad Catolica del Ecuador;4;21941;CD Tecnico Universitario;1;5;1;1;32284629;;;8;2;5;2;3.0;0.0;5;5;6;19;4;4;13;15;2.0;1.0;1.0;1.0;19;5
5257;LDU Quito;3;6001;CSD Macara;2;5;1;1;32284699;53.0;47.0;8;9;3;6;5.0;3.0;3;4;16;17;7;13;17;14;1.0;3.0;4.0;2.0;16;14
171976;Guayaquil City FC;2;5257;LDU Quito;2;4;1;1;32284683;;;4;7;4;5;0.0;2.0;3;2;17;6;7;2;7;13;1.0;2.0;3.0;3.0;6;16
5257;LDU Quito;3;241468;Delfin SC;2;5;1;1;32284671;;;6;3;4;2;2.0;1.0;11;6;11;7;2;4;13;17;2.0;0.0;0.0;1.0;7;9
5257;LDU Quito;2;676869;9 de Octubre FC;0;2;1;1;32284657;;;11;3;4;1;7.0;2.0;5;1;8;16;2;14;7;12;3.0;1.0;1.0;2.0;14;8
5257;LDU Quito;2;5250;Barcelona SC;0;2;1;1;32284591;;;6;1;3;0;3.0;1.0;6;0;9;15;6;7;11;9;5.0;4.0;0.0;1.0;15;6
39723;CSD Independiente del Valle;2;780238;Cumbaya FC;0;2;1;1;33873759;58.0;42.0;6;10;4;5;2.0;5.0;2;4;19;27;11;4;11;15;3.0;2.0;5.0;2.0;21;17
39723;CSD Independiente del Valle;2;5251;CD Cuenca;0;2;1;1;32284607;;;7;1;3;0;4.0;1.0;10;0;14;7;4;10;13;7;0.0;3.0;0.0;2.0;6;12
39723;CSD Independiente del Valle;0;171976;Guayaquil City FC;0;0;0;0;32284581;62.0;38.0;10;0;6;0;4.0;0.0;13;0;10;17;5;15;12;13;4.0;4.0;0.0;6.0;17;7
241468;Delfin SC;2;403235;Orense SC;1;3;1;1;32284649;;;7;1;5;1;2.0;0.0;2;4;7;11;8;9;11;11;2.0;3.0;0.0;3.0;10;7
676869;9 de Octubre FC;0;241468;Delfin SC;1;1;1;0;32284635;57.0;43.0;3;2;1;1;2.0;1.0;3;2;14;12;4;10;21;8;1.0;4.0;0.0;1.0;11;11
241468;Delfin SC;1;780238;Cumbaya FC;1;2;1;1;32284583;58.0;42.0;3;3;1;2;2.0;1.0;4;6;11;17;4;3;24;17;2.0;3.0;1.0;0.0;16;10
241468;Delfin SC;0;5251;CD Cuenca;0;0;0;0;31766361;64.0;36.0;6;3;3;2;3.0;1.0;5;1;17;13;4;8;21;17;1.0;5.0;2.0;3.0;11;17
241468;Delfin SC;1;6001;CSD Macara;0;1;1;0;31766307;54.0;46.0;4;8;4;3;0.0;5.0;8;1;16;18;9;4;11;17;2.0;5.0;3.0;2.0;18;14
5251;CD Cuenca;1;171976;Guayaquil City FC;0;1;1;0;33873755;51.0;49.0;5;3;2;1;3.0;2.0;6;4;8;17;4;5;16;9;3.0;2.0;1.0;1.0;14;8
134976;Mushuc Runa SC;1;5251;CD Cuenca;0;1;1;0;32284701;53.0;47.0;5;2;2;0;3.0;2.0;3;2;19;14;6;8;20;12;4.0;2.0;0.0;1.0;14;17
5251;CD Cuenca;1;403235;Orense SC;1;2;1;1;32284687;49.0;51.0;7;4;4;2;3.0;2.0;5;2;7;8;6;8;23;20;2.0;4.0;1.0;3.0;7;7
403235;Orense SC;0;134976;Mushuc Runa SC;0;0;0;0;31766359;55.0;45.0;4;3;4;2;0.0;1.0;11;0;16;13;8;5;10;12;1.0;2.0;2.0;4.0;12;15
134976;Mushuc Runa SC;0;6001;CSD Macara;0;0;0;0;32284599;48.0;52.0;2;7;0;3;2.0;4.0;1;5;13;18;12;7;17;18;3.0;4.0;3.0;0.0;16;11
5250;Barcelona SC;4;780238;Cumbaya FC;0;4;1;1;32284695;66.0;34.0;13;5;8;1;5.0;4.0;5;4;13;16;4;8;17;8;2.0;6.0;1.0;4.0;15;13
5250;Barcelona SC;1;5255;CS Emelec;1;2;1;1;32284643;51.0;49.0;2;4;2;2;0.0;2.0;8;4;20;9;4;4;17;18;4.0;4.0;1.0;1.0;8;19
6001;CSD Macara;1;5255;CS Emelec;3;4;1;1;33873761;;;5;8;3;5;2.0;3.0;4;2;10;6;6;3;8;5;4.0;3.0;2.0;2.0;5;10
403235;Orense SC;2;5255;CS Emelec;0;2;1;1;32284667;44.0;56.0;7;2;5;1;2.0;1.0;6;1;10;11;5;9;22;13;3.0;2.0;1.0;3.0;9;9
780238;Cumbaya FC;1;5255;CS Emelec;1;2;1;1;32284609;;;4;6;3;3;1.0;3.0;5;4;11;11;5;9;22;16;2.0;2.0;2.0;2.0;9;10
5255;CS Emelec;2;676869;9 de Octubre FC;1;3;1;1;32284585;60.0;40.0;9;3;6;1;3.0;2.0;11;0;10;10;2;13;29;13;4.0;3.0;0.0;4.0;10;8
403235;Orense SC;0;21941;CD Tecnico Universitario;0;0;0;0;32284595;60.0;40.0;6;2;2;2;4.0;0.0;6;4;13;16;3;9;19;14;3.0;5.0;2.0;1.0;13;11
676869;9 de Octubre FC;2;21941;CD Tecnico Universitario;0;2;1;1;33873763;48.0;52.0;8;3;3;1;5.0;2.0;6;7;10;5;4;9;9;11;2.0;1.0;1.0;1.0;5;7
319227;Gualaceo SC;2;171976;Guayaquil City FC;1;3;1;1;32284673;48.0;52.0;7;2;4;1;3.0;1.0;2;8;11;18;3;8;16;14;3.0;3.0;0.0;2.0;18;9
676869;9 de Octubre FC;1;319227;Gualaceo SC;1;2;1;1;31766333;;;4;4;3;3;1.0;1.0;6;1;12;17;4;7;16;15;2.0;5.0;3.0;2.0;17;9
5251;CD Cuenca;2;319227;Gualaceo SC;1;3;1;1;31766313;52.0;48.0;5;10;4;5;1.0;5.0;4;6;10;14;10;8;21;20;3.0;4.0;3.0;2.0;14;8
171976;Guayaquil City FC;0;21941;CD Tecnico Universitario;1;1;1;0;31766357;56.0;44.0;5;9;2;2;3.0;7.0;1;6;22;21;11;5;21;18;3.0;4.0;1.0;2.0;19;22
6001;CSD Macara;3;21941;CD Tecnico Universitario;1;4;1;1;32284681;;;5;5;5;3;0.0;2.0;3;6;20;12;6;4;15;17;4.0;6.0;2.0;2.0;11;20
21942;CD Universidad Catolica del Ecuador;2;6001;CSD Macara;2;4;1;1;31766321;63.0;37.0;7;6;4;4;3.0;2.0;1;7;17;22;5;9;28;21;2.0;3.0;2.0;2.0;20;16
780238;Cumbaya FC;2;21941;CD Tecnico Universitario;0;2;1;1;31766337;47.0;53.0;5;1;4;0;1.0;1.0;3;4;15;14;6;3;17;17;2.0;1.0;0.0;1.0;14;14
780238;Cumbaya FC;1;403235;Orense SC;1;2;1;1;31766311;54.0;46.0;6;2;3;1;3.0;1.0;3;1;12;16;8;10;17;12;0.0;2.0;0.0;2.0;15;12
21941;CD Tecnico Universitario;1;5257;LDU Quito;2;3;1;1;31766325;45.0;55.0;5;5;4;4;1.0;1.0;3;1;15;18;8;7;13;12;5.0;2.0;1.0;3.0;18;13
5062;Atromitos Athinon;0;3249;Ionikos Nikea FC;1;1;1;0;32556183;58.0;42.0;8;8;2;5;6.0;3.0;4;2;19;14;5;10;12;15;2.0;1.0;4.0;0.0;14;16
3249;Ionikos Nikea FC;5;6988;Apollon Smyrnis;1;6;1;1;32556177;55.0;45.0;10;16;7;10;3.0;6.0;3;9;15;8;9;7;16;17;2.0;1.0;7.0;3.0;8;14
120154;PAS Lamia 1964;0;3249;Ionikos Nikea FC;1;1;1;0;32556169;50.0;50.0;10;11;3;7;7.0;4.0;6;7;18;15;5;10;30;19;2.0;4.0;6.0;3.0;12;18
6342;Asteras Tripolis;2;3249;Ionikos Nikea FC;3;5;1;1;32556155;64.0;36.0;10;5;4;3;6.0;2.0;4;3;20;18;5;8;16;26;4.0;2.0;0.0;3.0;18;19
3249;Ionikos Nikea FC;2;373128;Volos NPS;2;4;1;1;32556133;55.0;45.0;13;13;10;7;3.0;6.0;3;5;14;18;11;6;16;14;2.0;2.0;5.0;8.0;19;12
3241;OFI Crete;2;3249;Ionikos Nikea FC;3;5;1;1;32556125;55.0;45.0;11;7;6;5;5.0;2.0;7;6;20;13;5;6;28;19;2.0;2.0;1.0;4.0;14;19
3251;PAOK Thessaloniki;1;3249;Ionikos Nikea FC;1;2;1;1;28623750;67.0;33.0;12;3;5;3;7.0;0.0;3;5;18;14;3;14;22;15;4.0;1.0;3.0;4.0;14;17
3249;Ionikos Nikea FC;1;7004;Panaitolikos Agrinio;2;3;1;1;28623760;52.0;48.0;13;9;5;4;8.0;5.0;4;6;19;22;8;12;14;22;4.0;1.0;2.0;3.0;19;15
3248;Panathinaikos Athens;4;6349;PAS Giannina;0;4;1;1;32556111;60.0;40.0;13;4;7;3;6.0;1.0;16;1;17;15;3;10;19;21;0.0;4.0;3.0;3.0;14;18
3245;Olympiacos Piraeus;1;3248;Panathinaikos Athens;2;3;1;1;32556103;66.0;34.0;16;6;9;3;7.0;3.0;6;3;20;16;3;8;21;24;3.0;5.0;1.0;8.0;15;17
3250;AEK Athens;0;3248;Panathinaikos Athens;0;0;0;0;32556095;50.0;50.0;9;6;3;2;6.0;4.0;4;6;9;26;7;10;26;13;4.0;4.0;2.0;2.0;24;8
3248;Panathinaikos Athens;1;3245;Olympiacos Piraeus;0;1;1;0;32556085;54.0;46.0;4;4;3;2;1.0;2.0;9;3;16;15;4;3;29;20;1.0;2.0;2.0;2.0;13;15
3252;Aris Thessaloniki;0;3248;Panathinaikos Athens;0;0;0;0;32556067;57.0;43.0;5;5;1;3;4.0;2.0;4;3;21;13;4;7;27;17;2.0;6.0;2.0;1.0;12;20
5062;Atromitos Athinon;0;3248;Panathinaikos Athens;2;2;1;1;28623758;40.0;60.0;4;8;0;7;4.0;1.0;3;6;22;18;10;5;22;16;0.0;1.0;5.0;0.0;18;20
3248;Panathinaikos Athens;2;3251;PAOK Thessaloniki;1;3;1;1;32556075;50.0;50.0;9;5;5;2;4.0;3.0;8;5;17;15;5;6;16;14;1.0;1.0;1.0;1.0;14;15
3248;Panathinaikos Athens;1;3250;AEK Athens;1;2;1;1;32556061;55.0;45.0;2;9;2;2;0.0;7.0;1;7;28;14;8;1;22;14;3.0;2.0;1.0;1.0;13;28
3248;Panathinaikos Athens;3;3250;AEK Athens;0;3;1;1;28623746;55.0;45.0;9;6;8;3;1.0;3.0;6;6;25;14;5;3;15;20;1.0;3.0;2.0;3.0;14;22
3250;AEK Athens;2;3245;Olympiacos Piraeus;3;5;1;1;32556113;50.0;50.0;10;19;5;11;5.0;8.0;2;6;10;14;10;5;16;21;2.0;1.0;8.0;4.0;13;8
3252;Aris Thessaloniki;0;3245;Olympiacos Piraeus;1;1;1;0;32556097;53.0;47.0;9;5;5;4;4.0;1.0;8;6;15;17;3;13;19;16;1.0;1.0;3.0;5.0;13;15
3251;PAOK Thessaloniki;1;3245;Olympiacos Piraeus;2;3;1;1;33266621;55.0;45.0;6;12;1;4;5.0;8.0;7;4;21;12;9;10;17;15;2.0;4.0;2.0;0.0;12;17
3245;Olympiacos Piraeus;3;6349;PAS Giannina;2;5;1;1;32556089;60.0;40.0;18;4;8;3;10.0;1.0;11;3;17;14;3;13;9;13;3.0;4.0;1.0;5.0;10;16
6349;PAS Giannina;1;3245;Olympiacos Piraeus;1;2;1;1;32556069;43.0;57.0;8;6;2;4;6.0;2.0;3;3;15;18;4;5;31;30;2.0;1.0;2.0;1.0;17;15
3252;Aris Thessaloniki;2;3245;Olympiacos Piraeus;1;3;1;1;28623756;60.0;40.0;8;5;3;2;5.0;3.0;1;2;21;17;6;7;18;16;1.0;2.0;1.0;1.0;14;21
3245;Olympiacos Piraeus;1;3250;AEK Athens;1;2;1;1;32556073;50.0;50.0;11;8;3;5;8.0;3.0;5;6;17;13;6;10;24;19;1.0;1.0;4.0;2.0;11;15
3245;Olympiacos Piraeus;2;3252;Aris Thessaloniki;1;3;1;1;32556059;54.0;46.0;12;8;8;4;4.0;4.0;7;1;18;17;4;5;20;14;2.0;7.0;3.0;4.0;16;15
3245;Olympiacos Piraeus;5;6342;Asteras Tripolis;1;6;1;1;32042723;65.0;35.0;12;8;8;4;4.0;4.0;9;3;15;17;7;5;20;18;3.0;0.0;3.0;0.0;14;11
3252;Aris Thessaloniki;3;3250;AEK Athens;2;5;1;1;32556107;44.0;56.0;12;7;11;4;1.0;3.0;7;4;12;20;9;4;20;24;1.0;4.0;2.0;4.0;15;12
3251;PAOK Thessaloniki;0;3252;Aris Thessaloniki;1;1;1;0;32556105;55.0;45.0;5;6;3;1;2.0;5.0;5;7;23;18;9;7;25;23;3.0;4.0;1.0;3.0;17;20
3250;AEK Athens;1;3252;Aris Thessaloniki;2;3;1;1;32556077;55.0;45.0;13;12;6;6;7.0;6.0;9;4;16;18;7;9;27;21;4.0;4.0;3.0;4.0;14;16
6342;Asteras Tripolis;0;3252;Aris Thessaloniki;2;2;1;1;28623740;50.0;50.0;12;8;1;5;11.0;3.0;2;2;22;15;7;15;19;19;5.0;4.0;3.0;1.0;13;18
3252;Aris Thessaloniki;0;6349;PAS Giannina;0;0;0;0;32556071;56.0;44.0;14;2;5;0;9.0;2.0;10;2;15;21;3;15;26;17;2.0;3.0;0.0;4.0;21;15
373128;Volos NPS;5;3241;OFI Crete;0;5;1;1;32556191;55.0;45.0;11;16;8;8;3.0;8.0;2;7;9;13;12;5;30;24;1.0;4.0;9.0;3.0;10;9
7004;Panaitolikos Agrinio;0;373128;Volos NPS;0;0;0;0;32556187;53.0;47.0;15;11;6;4;9.0;7.0;11;5;13;17;8;11;19;14;1.0;2.0;4.0;5.0;16;13
6988;Apollon Smyrnis;1;373128;Volos NPS;1;2;1;1;32556163;45.0;55.0;4;8;2;2;2.0;6.0;2;5;15;15;11;9;14;21;1.0;2.0;1.0;1.0;13;16
373128;Volos NPS;3;120154;PAS Lamia 1964;0;3;1;1;32556157;55.0;45.0;12;6;9;2;3.0;4.0;4;5;14;13;8;8;15;31;0.0;1.0;1.0;4.0;16;13
5062;Atromitos Athinon;2;373128;Volos NPS;1;3;1;1;32042729;53.0;47.0;11;10;8;3;3.0;7.0;2;4;18;11;12;6;21;20;1.0;2.0;2.0;5.0;11;17
373128;Volos NPS;0;6342;Asteras Tripolis;2;2;1;1;32556123;50.0;50.0;9;8;2;6;7.0;2.0;7;4;25;17;6;10;10;10;3.0;3.0;3.0;2.0;15;22
373128;Volos NPS;0;6349;PAS Giannina;0;0;0;0;28623766;48.0;52.0;18;11;9;6;9.0;5.0;8;7;23;22;7;9;11;15;4.0;2.0;5.0;8.0;21;19
373128;Volos NPS;0;3245;Olympiacos Piraeus;1;1;1;0;28623738;43.0;57.0;6;18;3;10;3.0;8.0;3;5;14;18;11;6;18;24;2.0;0.0;8.0;2.0;16;13
6988;Apollon Smyrnis;0;120154;PAS Lamia 1964;0;0;0;0;32556181;55.0;45.0;9;5;3;2;6.0;3.0;3;6;21;17;6;12;25;21;2.0;1.0;2.0;3.0;16;16
3241;OFI Crete;1;6988;Apollon Smyrnis;2;3;1;1;32556159;58.0;42.0;17;4;4;4;13.0;0.0;7;3;17;18;4;17;25;15;3.0;3.0;2.0;3.0;17;13
6988;Apollon Smyrnis;1;7004;Panaitolikos Agrinio;0;1;1;0;32556129;41.0;59.0;3;4;2;2;1.0;2.0;6;8;19;19;9;4;16;33;1.0;3.0;2.0;1.0;15;18
5062;Atromitos Athinon;1;6988;Apollon Smyrnis;0;1;1;0;32556121;58.0;42.0;8;4;2;0;6.0;4.0;2;2;14;19;8;7;22;31;2.0;3.0;0.0;1.0;18;14
3241;OFI Crete;2;6988;Apollon Smyrnis;0;2;1;1;28623764;60.0;40.0;12;2;4;1;8.0;1.0;8;1;26;17;2;11;21;21;2.0;2.0;1.0;2.0;15;23
6988;Apollon Smyrnis;0;3248;Panathinaikos Athens;3;3;1;1;32042695;40.0;60.0;5;12;1;8;4.0;4.0;5;3;16;16;6;7;22;24;2.0;2.0;6.0;1.0;15;16
6988;Apollon Smyrnis;0;7004;Panaitolikos Agrinio;0;0;0;0;28623724;50.0;50.0;8;9;5;5;3.0;4.0;2;5;25;30;7;9;19;23;3.0;1.0;4.0;4.0;29;24
3250;AEK Athens;3;6349;PAS Giannina;0;3;1;1;32556101;60.0;40.0;13;8;7;3;6.0;5.0;8;3;10;17;8;8;23;16;1.0;1.0;3.0;5.0;13;9
3251;PAOK Thessaloniki;1;3250;AEK Athens;1;2;1;1;32556093;54.0;46.0;7;10;4;4;3.0;6.0;1;4;28;12;8;6;20;23;2.0;6.0;3.0;2.0;12;21
6349;PAS Giannina;2;3250;AEK Athens;3;5;1;1;32556087;49.0;51.0;5;8;2;5;3.0;3.0;1;3;22;20;4;14;25;23;2.0;2.0;2.0;0.0;17;19
3250;AEK Athens;0;3251;PAOK Thessaloniki;1;1;1;0;32556065;62.0;38.0;5;6;2;4;3.0;2.0;5;4;17;27;3;7;25;20;0.0;3.0;3.0;2.0;21;14
120154;PAS Lamia 1964;0;5062;Atromitos Athinon;0;0;0;0;32556195;46.0;54.0;10;10;5;5;5.0;5.0;2;5;12;12;8;9;17;21;2.0;0.0;5.0;4.0;8;12
5062;Atromitos Athinon;1;3241;OFI Crete;1;2;1;1;32556165;50.0;50.0;6;10;3;4;3.0;6.0;6;3;15;16;15;5;16;22;1.0;0.0;2.0;2.0;15;15
7004;Panaitolikos Agrinio;2;5062;Atromitos Athinon;3;5;1;1;32556161;54.0;46.0;8;12;3;4;5.0;8.0;6;3;15;23;11;10;23;22;2.0;4.0;1.0;1.0;21;14
3252;Aris Thessaloniki;3;5062;Atromitos Athinon;0;3;1;1;32042713;65.0;35.0;21;1;10;1;11.0;0.0;3;0;14;15;3;18;22;12;1.0;2.0;1.0;7.0;11;14
3241;OFI Crete;1;6342;Asteras Tripolis;0;1;1;0;32556185;50.0;50.0;13;10;7;6;6.0;4.0;1;2;16;16;6;8;21;17;0.0;2.0;6.0;5.0;15;16
3241;OFI Crete;0;7004;Panaitolikos Agrinio;1;1;1;0;32556179;46.0;54.0;10;6;4;5;6.0;1.0;8;5;22;20;3;12;20;18;5.0;2.0;3.0;4.0;18;16
120154;PAS Lamia 1964;1;3241;OFI Crete;2;3;1;1;32556135;50.0;50.0;11;5;4;4;7.0;1.0;6;1;16;31;8;10;37;21;3.0;3.0;2.0;3.0;30;16
6349;PAS Giannina;1;3251;PAOK Thessaloniki;0;1;1;0;32556099;48.0;52.0;4;3;2;1;2.0;2.0;1;4;12;17;5;9;24;18;0.0;1.0;1.0;1.0;12;10
120154;PAS Lamia 1964;0;3251;PAOK Thessaloniki;2;2;1;1;28623762;42.0;58.0;4;9;1;5;3.0;4.0;5;5;13;17;8;7;35;23;1.0;3.0;3.0;0.0;15;13
3251;PAOK Thessaloniki;1;6349;PAS Giannina;0;1;1;0;32556063;72.0;28.0;10;7;8;1;2.0;6.0;7;2;17;14;9;7;22;21;3.0;1.0;1.0;7.0;14;14
7004;Panaitolikos Agrinio;0;6342;Asteras Tripolis;0;0;0;0;32556167;45.0;55.0;6;7;3;4;3.0;3.0;3;3;19;17;7;7;19;22;0.0;2.0;4.0;3.0;14;18
3245;Olympiacos Piraeus;3;7004;Panaitolikos Agrinio;1;4;1;1;28623692;60.0;40.0;16;7;8;4;8.0;3.0;4;3;19;10;5;11;18;11;0.0;2.0;3.0;5.0;9;16
7004;Panaitolikos Agrinio;1;120154;PAS Lamia 1964;2;3;1;1;32556127;50.0;50.0;9;5;4;3;5.0;2.0;5;1;20;17;4;9;24;19;2.0;1.0;1.0;3.0;17;18
7004;Panaitolikos Agrinio;1;3248;Panathinaikos Athens;0;1;1;0;28623736;25.0;75.0;4;5;2;3;2.0;2.0;3;10;18;18;8;4;13;21;2.0;2.0;3.0;1.0;16;15
6349;PAS Giannina;1;120154;PAS Lamia 1964;0;1;1;0;28623742;50.0;50.0;5;5;3;3;2.0;2.0;4;2;16;20;6;5;19;27;2.0;1.0;3.0;2.0;21;15
7004;Panaitolikos Agrinio;1;120154;PAS Lamia 1964;0;1;1;0;32042687;60.0;40.0;11;3;8;1;3.0;2.0;4;4;32;19;7;8;23;29;2.0;2.0;0.0;7.0;19;27
120154;PAS Lamia 1964;0;6342;Asteras Tripolis;2;2;1;1;32042699;53.0;47.0;8;6;4;3;4.0;3.0;1;2;24;19;8;8;22;20;0.0;3.0;1.0;4.0;16;23
174602;Northeast United FC;2;379404;Jamshedpur FC;3;5;1;1;31350975;55.0;45.0;6;11;3;5;3.0;6.0;6;3;18;17;16;3;17;26;5.0;2.0;2.0;1.0;15;17
379404;Jamshedpur FC;3;174598;Kerala Blasters FC;0;3;1;1;31350943;56.0;44.0;9;7;3;2;6.0;5.0;2;3;11;22;15;14;29;21;2.0;4.0;2.0;0.0;20;10
174598;Kerala Blasters FC;1;379404;Jamshedpur FC;1;2;1;1;29275010;51.0;49.0;6;9;3;5;3.0;4.0;4;6;20;21;7;4;19;33;2.0;1.0;4.0;2.0;20;16
174592;Odisha FC;0;379404;Jamshedpur FC;4;4;1;1;29274986;55.0;45.0;8;11;2;5;6.0;6.0;2;5;16;18;9;12;17;22;2.0;2.0;1.0;2.0;16;16
379404;Jamshedpur FC;1;174594;FC Goa;0;1;1;0;31350915;40.0;60.0;4;9;1;3;3.0;6.0;3;1;17;19;9;3;23;19;4.0;2.0;3.0;0.0;18;16
379404;Jamshedpur FC;3;174602;Northeast United FC;2;5;1;1;29275030;47.0;53.0;13;7;7;3;6.0;4.0;1;1;11;13;6;12;30;23;0.0;1.0;1.0;4.0;12;9
174590;Chennaiyin FC;0;759052;ATK Mohun Bagan;1;1;1;0;31350963;54.0;46.0;9;7;4;3;5.0;4.0;3;8;5;9;9;9;15;14;0.0;1.0;2.0;4.0;8;5
759052;ATK Mohun Bagan;2;118670;Bengaluru FC;0;2;1;1;32151233;46.0;54.0;8;9;4;1;4.0;8.0;7;5;18;10;13;6;20;22;0.0;3.0;1.0;2.0;10;14
174594;FC Goa;0;759052;ATK Mohun Bagan;2;2;1;1;31350971;66.0;34.0;13;12;3;5;10.0;7.0;7;7;14;11;7;15;34;17;1.0;2.0;3.0;3.0;10;12
759052;ATK Mohun Bagan;3;174602;Northeast United FC;1;4;1;1;31350985;45.0;55.0;12;11;8;5;4.0;6.0;8;10;6;7;10;6;22;26;0.0;2.0;4.0;5.0;5;6
643680;Hyderabad FC;1;759052;ATK Mohun Bagan;2;3;1;1;31350937;43.0;57.0;8;13;5;7;3.0;6.0;11;5;12;12;10;12;28;19;2.0;2.0;5.0;4.0;11;8
174600;Mumbai City FC;1;759052;ATK Mohun Bagan;1;2;1;1;31350927;49.0;51.0;8;11;2;3;6.0;8.0;3;8;10;10;12;6;15;22;2.0;1.0;2.0;2.0;9;10
759052;ATK Mohun Bagan;3;40655;SC East Bengal;1;4;1;1;31350917;64.0;36.0;15;9;5;4;10.0;5.0;9;3;8;9;6;20;18;18;2.0;1.0;3.0;2.0;7;8
759052;ATK Mohun Bagan;2;643680;Hyderabad FC;2;4;1;1;29275028;52.0;48.0;6;13;1;8;5.0;5.0;3;7;12;15;8;7;25;26;3.0;2.0;6.0;0.0;13;12
759052;ATK Mohun Bagan;2;174594;FC Goa;1;3;1;1;29275016;55.0;45.0;2;10;2;4;0.0;6.0;6;3;11;18;7;2;17;22;1.0;1.0;3.0;0.0;15;11
643680;Hyderabad FC;2;174598;Kerala Blasters FC;1;3;1;1;31350959;58.0;42.0;8;13;6;7;2.0;6.0;4;10;19;19;8;4;25;41;2.0;2.0;6.0;4.0;16;18
643680;Hyderabad FC;3;174594;FC Goa;2;5;1;1;31350949;45.0;55.0;7;9;4;5;3.0;4.0;2;4;17;20;9;4;26;22;3.0;2.0;3.0;1.0;18;14
118670;Bengaluru FC;1;643680;Hyderabad FC;2;3;1;1;31350979;54.0;46.0;6;9;2;5;4.0;4.0;4;4;13;30;8;7;24;23;3.0;1.0;3.0;1.0;25;13
174602;Northeast United FC;0;643680;Hyderabad FC;5;5;1;1;31350921;49.0;51.0;5;14;2;9;3.0;5.0;1;4;14;19;7;9;21;23;5.0;0.0;4.0;2.0;13;14
174592;Odisha FC;2;643680;Hyderabad FC;3;5;1;1;31350913;51.0;49.0;6;15;3;6;3.0;9.0;0;7;11;17;16;9;18;24;2.0;2.0;3.0;1.0;16;10
40655;SC East Bengal;0;643680;Hyderabad FC;4;4;1;1;31350907;45.0;55.0;7;18;4;9;3.0;9.0;2;5;17;13;14;8;27;10;1.0;1.0;5.0;3.0;13;14
174590;Chennaiyin FC;1;643680;Hyderabad FC;1;2;1;1;31350885;49.0;51.0;8;13;2;9;6.0;4.0;6;9;12;13;11;10;28;23;1.0;2.0;7.0;1.0;11;12
174598;Kerala Blasters FC;1;643680;Hyderabad FC;0;1;1;0;29275038;47.0;53.0;7;4;3;2;4.0;2.0;3;4;25;31;7;7;19;21;4.0;5.0;2.0;2.0;27;23
643680;Hyderabad FC;6;174592;Odisha FC;1;7;1;1;29275014;54.0;46.0;9;7;7;5;2.0;2.0;4;2;14;15;2;8;31;18;1.0;3.0;5.0;1.0;14;9
174594;FC Goa;4;174598;Kerala Blasters FC;4;8;1;1;31350987;59.0;41.0;10;10;6;7;4.0;3.0;2;6;12;14;4;7;11;28;2.0;1.0;3.0;2.0;9;12
174598;Kerala Blasters FC;3;174600;Mumbai City FC;1;4;1;1;32151329;45.0;55.0;12;9;4;2;8.0;7.0;4;8;20;13;12;8;21;18;1.0;3.0;1.0;1.0;12;14
174592;Odisha FC;0;174598;Kerala Blasters FC;2;2;1;1;31350883;47.0;53.0;8;8;3;4;5.0;4.0;1;5;19;15;8;9;30;16;2.0;3.0;2.0;3.0;13;18
174590;Chennaiyin FC;0;174598;Kerala Blasters FC;3;3;1;1;29275004;43.0;57.0;5;8;1;4;4.0;4.0;6;4;15;10;9;10;27;35;0.0;1.0;1.0;1.0;5;14
174598;Kerala Blasters FC;0;118670;Bengaluru FC;1;1;1;0;31350919;51.0;49.0;12;16;6;5;6.0;11.0;8;3;23;23;15;13;18;17;2.0;1.0;4.0;6.0;21;19
174594;FC Goa;0;174600;Mumbai City FC;2;2;1;1;31350961;58.0;42.0;12;12;3;7;9.0;5.0;10;5;14;18;5;12;24;22;3.0;5.0;5.0;1.0;16;13
174600;Mumbai City FC;4;174592;Odisha FC;1;5;1;1;31350981;56.0;44.0;11;10;5;3;6.0;7.0;8;10;13;14;7;9;15;24;1.0;2.0;2.0;1.0;10;12
174590;Chennaiyin FC;0;174600;Mumbai City FC;1;1;1;0;31350933;45.0;55.0;4;14;0;7;4.0;7.0;1;5;12;13;13;8;19;28;1.0;2.0;6.0;0.0;12;9
40655;SC East Bengal;0;174600;Mumbai City FC;0;0;0;0;29275032;35.0;65.0;4;11;2;3;2.0;8.0;1;8;12;15;16;7;30;28;1.0;1.0;3.0;2.0;13;10
174600;Mumbai City FC;0;118670;Bengaluru FC;3;3;1;1;31330091;55.0;45.0;9;12;6;8;3.0;4.0;8;5;19;19;11;6;21;20;3.0;2.0;5.0;6.0;16;17
40655;SC East Bengal;0;118670;Bengaluru FC;1;1;1;0;31350967;45.0;55.0;14;7;5;3;9.0;4.0;6;6;18;13;8;11;26;24;1.0;0.0;3.0;4.0;11;17
118670;Bengaluru FC;2;174592;Odisha FC;1;3;1;1;31350955;56.0;44.0;8;9;4;4;4.0;5.0;2;2;12;16;9;9;25;26;2.0;2.0;3.0;2.0;16;8
174602;Northeast United FC;2;118670;Bengaluru FC;1;3;1;1;31350939;42.0;58.0;10;8;5;6;5.0;2.0;3;7;15;11;7;11;19;24;4.0;2.0;5.0;3.0;9;11
174590;Chennaiyin FC;2;118670;Bengaluru FC;4;6;1;1;29275018;52.0;48.0;8;13;5;6;3.0;7.0;1;8;17;9;10;8;30;21;0.0;4.0;2.0;3.0;8;15
118670;Bengaluru FC;3;174590;Chennaiyin FC;0;3;1;1;31350911;52.0;48.0;9;12;5;4;4.0;8.0;4;4;9;15;8;11;21;29;0.0;2.0;4.0;2.0;13;9
118670;Bengaluru FC;1;174594;FC Goa;1;2;1;1;31350905;51.0;49.0;8;8;1;2;7.0;6.0;5;3;13;20;10;10;22;24;6.0;0.0;1.0;0.0;19;13
118670;Bengaluru FC;1;40655;SC East Bengal;1;2;1;1;29275026;65.0;35.0;5;4;1;1;4.0;3.0;3;2;12;13;10;15;28;21;1.0;2.0;0.0;1.0;10;11
174590;Chennaiyin FC;0;174594;FC Goa;5;5;1;1;31350941;44.0;56.0;4;12;1;6;3.0;6.0;1;4;17;13;11;11;24;17;1.0;1.0;2.0;1.0;13;13
174594;FC Goa;1;174592;Odisha FC;1;2;1;1;31350923;57.0;43.0;15;4;6;3;9.0;1.0;4;6;11;13;6;18;16;17;0.0;2.0;2.0;5.0;12;11
174598;Kerala Blasters FC;2;174594;FC Goa;2;4;1;1;29275020;41.0;59.0;5;13;2;7;3.0;6.0;2;4;9;17;11;7;21;24;2.0;3.0;5.0;0.0;17;6
174594;FC Goa;1;40655;SC East Bengal;2;3;1;1;31350897;65.0;35.0;14;4;4;2;10.0;2.0;9;0;15;18;3;27;25;18;1.0;1.0;0.0;3.0;15;14
174594;FC Goa;1;174602;Northeast United FC;1;2;1;1;31350887;64.0;36.0;19;5;7;4;12.0;1.0;12;5;16;11;7;23;27;13;1.0;3.0;3.0;6.0;8;15
174592;Odisha FC;2;174590;Chennaiyin FC;2;4;1;1;31350973;51.0;49.0;12;11;6;3;6.0;8.0;6;6;11;13;13;9;19;18;2.0;1.0;1.0;4.0;11;9
174592;Odisha FC;4;174600;Mumbai City FC;2;6;1;1;29275024;40.0;60.0;7;15;4;7;3.0;8.0;3;4;14;13;14;5;28;19;2.0;2.0;5.0;0.0;12;13
40655;SC East Bengal;1;174602;Northeast United FC;1;2;1;1;31350957;52.0;48.0;13;11;6;3;7.0;8.0;3;4;15;9;12;9;25;30;0.0;2.0;2.0;5.0;7;13
174590;Chennaiyin FC;2;174602;Northeast United FC;1;3;1;1;31350903;57.0;43.0;9;20;5;4;4.0;16.0;1;12;9;10;19;8;17;29;4.0;2.0;3.0;3.0;8;8
174602;Northeast United FC;0;174592;Odisha FC;2;2;1;1;31350895;60.0;40.0;10;12;2;7;8.0;5.0;3;8;15;14;8;9;21;28;1.0;0.0;3.0;2.0;10;13
174602;Northeast United FC;3;174600;Mumbai City FC;3;6;1;1;29275012;42.0;58.0;12;12;9;6;3.0;6.0;5;6;15;17;8;6;15;19;2.0;1.0;3.0;6.0;14;12
40655;SC East Bengal;2;174590;Chennaiyin FC;2;4;1;1;31350925;55.0;45.0;14;3;5;1;9.0;2.0;8;0;14;15;4;15;20;21;1.0;1.0;0.0;3.0;15;13
174594;FC Goa;1;174590;Chennaiyin FC;0;1;1;0;29275036;63.0;37.0;15;4;4;1;11.0;3.0;10;0;24;18;6;19;22;20;2.0;2.0;1.0;3.0;14;23
379404;Jamshedpur FC;0;174590;Chennaiyin FC;1;1;1;0;29275022;51.0;49.0;8;5;2;2;6.0;3.0;4;6;13;14;10;12;32;21;3.0;1.0;1.0;2.0;13;11
24254;Japan;1;252159;South Africa;0;1;1;0;27020004;55.0;45.0;12;4;7;1;5.0;3.0;6;1;7;19;6;14;18;17;3.0;0.0;1.0;6.0;15;5
785300;Saudi Arabia;1;24249;Brazil;3;4;1;1;27020420;48.0;52.0;5;13;2;7;3.0;6.0;3;11;16;19;7;6;7;10;4.0;3.0;4.0;1.0;16;14
69230;Mexico;4;789974;France;1;5;1;1;27020002;51.0;49.0;11;9;6;5;5.0;4.0;1;1;17;18;7;10;26;16;1.0;2.0;4.0;2.0;17;14
252153;Germany;1;24253;Ivory Coast;1;2;1;1;27020424;53.0;47.0;9;9;3;2;6.0;7.0;7;6;8;16;10;10;19;20;1.0;2.0;2.0;2.0;12;7
69238;Spain;1;24246;Argentina;1;2;1;1;27020382;60.0;40.0;14;12;7;7;7.0;5.0;7;6;14;15;10;9;18;11;1.0;6.0;6.0;6.0;13;13
24247;Australia;0;69238;Spain;1;1;1;0;27020378;25.0;75.0;2;12;0;6;2.0;6.0;1;4;16;18;9;4;18;19;4.0;2.0;3.0;0.0;17;13
69224;Egypt;0;69238;Spain;0;0;0;0;27020366;38.0;62.0;3;7;1;5;2.0;2.0;1;7;10;9;5;4;15;20;4.0;0.0;5.0;1.0;8;8
24247;Australia;0;69224;Egypt;2;2;1;1;27020384;49.0;51.0;9;9;5;5;4.0;4.0;6;6;15;14;9;6;26;18;1.0;2.0;2.0;5.0;13;13
69224;Egypt;0;24246;Argentina;1;1;1;0;27020374;42.0;58.0;5;6;2;2;3.0;4.0;3;9;14;15;10;4;20;24;0.0;4.0;0.0;2.0;14;13
69234;Romania;0;24256;New Zealand;0;0;0;0;27020360;40.0;60.0;6;5;3;1;3.0;4.0;5;8;20;20;8;10;26;25;2.0;3.0;1.0;3.0;16;20
24256;New Zealand;2;24251;Honduras;3;5;1;1;27020356;42.0;58.0;7;14;7;8;0.0;6.0;5;3;10;17;14;1;20;20;2.0;1.0;5.0;5.0;17;9
785300;Saudi Arabia;2;252153;Germany;3;5;1;1;27020414;55.0;45.0;10;14;5;9;5.0;5.0;8;3;13;10;6;11;16;15;1.0;0.0;6.0;3.0;10;13
789974;France;4;252159;South Africa;3;7;1;1;27020008;54.0;46.0;17;18;11;11;6.0;7.0;11;2;6;12;10;10;16;17;2.0;2.0;8.0;7.0;10;4
42729;Juventus Turin;4;174564;Malmo FF;1;5;1;1;29116372;58.0;42.0;16;8;12;4;4.0;4.0;4;7;15;13;10;11;12;21;1.0;2.0;3.0;8.0;11;15
90124;Chelsea FC;1;42729;Juventus Turin;3;4;1;1;29116366;58.0;42.0;11;8;5;5;6.0;3.0;6;1;12;17;7;6;18;19;0.0;1.0;2.0;4.0;16;12
42729;Juventus Turin;3;90124;Chelsea FC;1;4;1;1;29116356;45.0;55.0;12;11;6;3;6.0;8.0;4;3;15;10;15;10;11;23;3.0;1.0;3.0;3.0;8;15
120848;Manchester United FC;1;224740;Villarreal CF;4;5;1;1;29116308;38.0;62.0;7;10;2;6;5.0;4.0;3;2;15;14;3;7;25;16;3.0;2.0;2.0;1.0;12;12
120854;Real Madrid;1;107723;FC Shakhtar Donetsk;0;1;1;0;29116268;51.0;49.0;10;6;4;3;6.0;3.0;3;4;12;15;9;8;9;15;1.0;2.0;3.0;3.0;13;12
224772;FC RB Salzburg;2;222410;Sevilla FC;0;2;1;1;29116346;53.0;47.0;12;3;4;2;8.0;1.0;2;2;15;13;1;10;30;30;2.0;5.0;2.0;2.0;12;15
173716;Arnett Gardens FC;2;173734;Tivoli Gardens;0;2;1;1;31643531;50.0;50.0;6;12;2;6;4.0;6.0;3;6;24;34;15;6;23;29;5.0;3.0;6.0;0.0;31;24
173720;Cavaliers FC;0;502938;Mount Pleasant FC;0;0;0;0;31643535;48.0;52.0;10;9;4;3;6.0;6.0;3;0;18;17;10;14;21;17;1.0;2.0;3.0;4.0;15;16
3137;Yokohama Marinos;3;3135;Sanfrecce Hiroshima;0;3;1;1;31767853;51.0;49.0;7;17;4;4;3.0;13.0;3;9;20;11;13;5;31;20;2.0;2.0;4.0;1.0;11;16
3137;Yokohama Marinos;4;3140;Kashiwa Reysol;0;4;1;1;31767809;70.0;30.0;10;4;6;2;4.0;2.0;5;6;18;16;7;10;24;16;1.0;3.0;2.0;2.0;13;17
3145;Urawa Red Diamonds;3;3137;Yokohama Marinos;3;6;1;1;31767699;47.0;53.0;9;8;5;5;4.0;3.0;3;3;13;16;10;9;17;12;0.0;2.0;2.0;2.0;14;12
3137;Yokohama Marinos;2;3149;Kyoto Sanga FC;0;2;1;1;31767761;67.0;33.0;20;5;12;1;8.0;4.0;4;2;21;18;11;14;48;28;2.0;2.0;1.0;10.0;17;15
3137;Yokohama Marinos;2;3136;Nagoya Grampus;1;3;1;1;31767707;67.0;33.0;8;7;5;2;3.0;5.0;6;9;18;19;7;6;20;25;1.0;1.0;0.0;1.0;16;13
3137;Yokohama Marinos;0;21904;Sagan Tosu;0;0;0;0;31767577;51.0;49.0;9;7;1;1;8.0;6.0;2;5;17;16;17;14;38;45;0.0;1.0;1.0;1.0;14;16
3145;Urawa Red Diamonds;3;3147;FC Tokyo;0;3;1;1;31767873;54.0;46.0;14;6;6;5;8.0;1.0;8;6;7;5;3;11;24;16;1.0;0.0;5.0;3.0;3;7
3138;Gamba Osaka;1;3145;Urawa Red Diamonds;1;2;1;1;31767839;49.0;51.0;7;8;4;5;3.0;3.0;5;9;9;13;7;9;18;13;3.0;2.0;4.0;3.0;11;9
3146;Vissel Kobe;0;3145;Urawa Red Diamonds;1;1;1;0;31767821;44.0;56.0;5;8;0;3;5.0;5.0;1;6;14;16;10;7;24;28;2.0;1.0;2.0;0.0;13;12
3145;Urawa Red Diamonds;3;3136;Nagoya Grampus;0;3;1;1;31767799;55.0;45.0;12;6;6;1;6.0;5.0;10;7;10;4;8;16;21;9;1.0;2.0;1.0;3.0;4;9
3143;Avispa Fukuoka;0;3145;Urawa Red Diamonds;0;0;0;0;31767775;35.0;65.0;4;12;2;6;2.0;6.0;1;8;8;14;9;5;14;29;3.0;0.0;6.0;2.0;14;6
3141;Cerezo Osaka;2;3145;Urawa Red Diamonds;0;2;1;1;31767767;47.0;53.0;10;7;5;1;5.0;6.0;6;9;9;8;10;7;26;27;1.0;0.0;1.0;3.0;7;7
3140;Kashiwa Reysol;0;3145;Urawa Red Diamonds;0;0;0;0;31767717;42.0;58.0;6;5;3;2;3.0;3.0;1;1;9;18;7;9;21;24;4.0;1.0;2.0;3.0;18;6
3147;FC Tokyo;0;3145;Urawa Red Diamonds;0;0;0;0;31767635;45.0;55.0;6;8;4;3;2.0;5.0;2;4;8;9;14;4;15;25;1.0;0.0;3.0;4.0;7;6
3145;Urawa Red Diamonds;0;3135;Sanfrecce Hiroshima;0;0;0;0;31767719;41.0;59.0;12;14;7;4;5.0;10.0;4;7;15;14;12;8;13;13;2.0;2.0;4.0;7.0;11;13
3132;Jubilo Iwata;0;3146;Vissel Kobe;1;1;1;0;31767865;43.0;57.0;3;7;2;4;1.0;3.0;1;7;9;13;9;6;15;14;1.0;1.0;3.0;2.0;11;7
21904;Sagan Tosu;0;3146;Vissel Kobe;2;2;1;1;31767843;53.0;47.0;9;8;5;7;4.0;1.0;4;8;5;10;4;8;18;24;1.0;0.0;5.0;5.0;9;4
3140;Kashiwa Reysol;3;3146;Vissel Kobe;1;4;1;1;31767801;40.0;60.0;8;8;5;3;3.0;5.0;6;5;12;10;8;6;23;14;2.0;1.0;2.0;2.0;9;8
3146;Vissel Kobe;4;3142;Hokkaido Consadole Sapporo;1;5;1;1;31767777;40.0;60.0;10;11;6;2;4.0;9.0;5;5;13;15;11;5;22;20;3.0;2.0;1.0;3.0;15;13
21905;Shonan Bellmare;2;3146;Vissel Kobe;1;3;1;1;31767745;40.0;60.0;5;5;3;3;2.0;2.0;4;3;9;14;7;4;19;31;0.0;1.0;2.0;1.0;13;8
3146;Vissel Kobe;0;3132;Jubilo Iwata;0;0;0;0;31767769;57.0;43.0;12;3;6;1;6.0;2.0;3;1;10;5;9;10;27;21;1.0;3.0;1.0;6.0;4;8
3135;Sanfrecce Hiroshima;1;21905;Shonan Bellmare;1;2;1;1;31767871;45.0;55.0;9;10;6;7;3.0;3.0;5;5;15;12;5;4;26;22;1.0;0.0;6.0;5.0;10;15
3149;Kyoto Sanga FC;0;21905;Shonan Bellmare;1;1;1;0;31767823;48.0;52.0;4;11;1;4;3.0;7.0;3;4;17;18;13;6;24;21;3.0;1.0;2.0;1.0;16;16
21905;Shonan Bellmare;0;3141;Cerezo Osaka;2;2;1;1;31767781;50.0;50.0;14;7;3;4;11.0;3.0;10;1;9;11;4;17;23;14;0.0;1.0;2.0;3.0;10;8
5127;Kawasaki Frontale;0;21905;Shonan Bellmare;4;4;1;1;31767759;53.0;47.0;9;13;4;8;5.0;5.0;4;7;11;9;11;9;25;30;2.0;3.0;4.0;4.0;6;9
3142;Hokkaido Consadole Sapporo;1;21905;Shonan Bellmare;0;1;1;0;31767671;47.0;53.0;11;5;6;4;5.0;1.0;7;7;13;11;3;11;16;29;2.0;0.0;4.0;5.0;10;11
3138;Gamba Osaka;0;21905;Shonan Bellmare;1;1;1;0;31767653;52.0;48.0;6;9;3;3;3.0;6.0;2;6;12;13;12;8;21;21;0.0;1.0;3.0;3.0;10;11
3135;Sanfrecce Hiroshima;3;3132;Jubilo Iwata;0;3;1;1;31767833;51.0;49.0;15;5;8;3;7.0;2.0;2;0;12;8;4;8;24;24;0.0;3.0;3.0;5.0;6;12
3138;Gamba Osaka;2;3135;Sanfrecce Hiroshima;0;2;1;1;33913487;51.0;49.0;8;7;4;3;4.0;4.0;1;1;11;19;8;5;22;27;2.0;0.0;3.0;2.0;16;10
3143;Avispa Fukuoka;1;3135;Sanfrecce Hiroshima;3;4;1;1;31767811;43.0;57.0;8;6;3;4;5.0;2.0;2;4;12;20;2;9;17;25;1.0;2.0;1.0;2.0;18;11
3135;Sanfrecce Hiroshima;2;3141;Cerezo Osaka;1;3;1;1;31767807;55.0;45.0;11;4;5;3;6.0;1.0;7;1;6;16;9;18;24;20;1.0;1.0;2.0;3.0;12;5
3133;Shimizu S-Pulse;2;3135;Sanfrecce Hiroshima;2;4;1;1;31767673;41.0;59.0;9;14;4;7;5.0;7.0;2;7;9;10;18;9;16;35;2.0;0.0;5.0;2.0;9;8
3132;Jubilo Iwata;2;3135;Sanfrecce Hiroshima;2;4;1;1;31767659;42.0;58.0;6;20;2;11;4.0;9.0;3;5;12;10;14;7;18;24;2.0;1.0;10.0;0.0;9;10
3135;Sanfrecce Hiroshima;1;3136;Nagoya Grampus;0;1;1;0;31767773;48.0;52.0;13;7;8;1;5.0;6.0;5;4;15;17;13;7;27;25;1.0;0.0;1.0;7.0;13;14
3135;Sanfrecce Hiroshima;3;3134;Kashima Antlers;0;3;1;1;31767705;51.0;49.0;9;5;5;2;4.0;3.0;5;4;8;20;7;11;25;23;2.0;1.0;2.0;2.0;19;8
3141;Cerezo Osaka;2;5127;Kawasaki Frontale;1;3;1;1;31767841;39.0;61.0;7;11;3;5;4.0;6.0;6;4;11;9;8;5;20;26;1.0;1.0;4.0;1.0;7;10
3136;Nagoya Grampus;1;3141;Cerezo Osaka;0;1;1;0;31767723;42.0;58.0;4;5;1;2;3.0;3.0;2;6;6;11;5;9;18;29;1.0;1.0;2.0;0.0;8;6
21904;Sagan Tosu;1;3141;Cerezo Osaka;1;2;1;1;31767691;60.0;40.0;7;9;4;6;3.0;3.0;11;3;8;11;6;9;24;24;1.0;1.0;5.0;3.0;9;7
3143;Avispa Fukuoka;0;3141;Cerezo Osaka;0;0;0;0;31767661;44.0;56.0;7;10;2;4;5.0;6.0;2;4;13;14;11;11;15;21;1.0;1.0;4.0;2.0;13;10
3142;Hokkaido Consadole Sapporo;0;3134;Kashima Antlers;0;0;0;0;31767867;56.0;44.0;1;4;0;1;1.0;3.0;3;3;21;11;9;9;18;14;1.0;3.0;1.0;1.0;9;19
3140;Kashiwa Reysol;1;3134;Kashima Antlers;2;3;1;1;31767829;48.0;52.0;12;7;5;3;7.0;4.0;6;1;16;15;5;7;39;16;1.0;1.0;1.0;4.0;14;14
3136;Nagoya Grampus;1;3134;Kashima Antlers;1;2;1;1;31767817;60.0;40.0;13;9;9;2;4.0;7.0;5;2;18;11;11;8;20;15;1.0;2.0;1.0;8.0;10;16
3147;FC Tokyo;3;3134;Kashima Antlers;1;4;1;1;31767779;55.0;45.0;10;11;6;2;4.0;9.0;7;2;18;14;17;9;33;23;0.0;4.0;1.0;3.0;13;16
3134;Kashima Antlers;4;21904;Sagan Tosu;4;8;1;1;31767757;57.0;43.0;14;6;10;4;4.0;2.0;6;6;22;14;6;9;25;18;0.0;1.0;0.0;6.0;12;21
3134;Kashima Antlers;4;3142;Hokkaido Consadole Sapporo;1;5;1;1;31767727;55.0;45.0;15;8;5;2;10.0;6.0;2;6;8;8;9;13;31;26;0.0;3.0;1.0;2.0;8;7
3134;Kashima Antlers;0;3136;Nagoya Grampus;0;0;0;0;31767655;54.0;46.0;4;4;1;2;3.0;2.0;5;3;22;13;4;8;35;23;3.0;1.0;2.0;1.0;12;20
21904;Sagan Tosu;0;3140;Kashiwa Reysol;1;1;1;0;31767879;65.0;35.0;4;10;2;2;2.0;8.0;3;5;12;16;10;12;33;14;1.0;1.0;1.0;2.0;11;10
3140;Kashiwa Reysol;0;3136;Nagoya Grampus;1;1;1;0;31767847;47.0;53.0;14;6;8;4;6.0;2.0;6;3;10;16;4;13;28;22;1.0;3.0;3.0;8.0;14;10
3147;FC Tokyo;0;3140;Kashiwa Reysol;0;0;0;0;31767743;60.0;40.0;5;4;2;1;3.0;3.0;5;6;16;10;9;7;29;12;0.0;2.0;1.0;2.0;7;16
3135;Sanfrecce Hiroshima;1;3140;Kashiwa Reysol;2;3;1;1;31767685;56.0;44.0;9;9;6;5;3.0;4.0;8;5;12;11;8;10;24;23;0.0;1.0;3.0;5.0;7;12
5127;Kawasaki Frontale;1;3140;Kashiwa Reysol;0;1;1;0;31767631;58.0;42.0;7;2;4;1;3.0;1.0;10;1;11;12;3;8;30;24;5.0;2.0;1.0;3.0;10;10
3140;Kashiwa Reysol;0;3138;Gamba Osaka;1;1;1;0;31767735;36.0;64.0;15;6;4;3;11.0;3.0;6;3;7;12;7;12;29;14;0.0;1.0;2.0;4.0;9;5
3132;Jubilo Iwata;0;3143;Avispa Fukuoka;1;1;1;0;31767857;52.0;48.0;4;3;2;2;2.0;1.0;5;4;14;15;3;6;22;26;0.0;1.0;1.0;2.0;13;11
3147;FC Tokyo;2;3143;Avispa Fukuoka;2;4;1;1;31767827;62.0;38.0;7;10;5;7;2.0;3.0;3;4;13;13;7;4;28;29;1.0;1.0;5.0;3.0;9;13
3133;Shimizu S-Pulse;3;3143;Avispa Fukuoka;1;4;1;1;31767795;52.0;48.0;7;9;4;5;3.0;4.0;5;7;13;11;12;6;18;26;2.0;2.0;4.0;1.0;11;11
3143;Avispa Fukuoka;5;3147;FC Tokyo;1;6;1;1;31767693;36.0;64.0;9;4;5;2;4.0;2.0;6;4;12;21;8;6;22;26;2.0;1.0;1.0;0.0;21;11
21904;Sagan Tosu;5;3147;FC Tokyo;0;5;1;1;31767825;53.0;47.0;10;11;7;3;3.0;8.0;3;6;7;19;12;3;14;29;2.0;0.0;3.0;2.0;17;4
3132;Jubilo Iwata;3;21904;Sagan Tosu;1;4;1;1;31767797;39.0;61.0;6;5;3;3;3.0;2.0;1;6;13;14;9;6;19;23;1.0;1.0;2.0;0.0;12;12
3147;FC Tokyo;0;21904;Sagan Tosu;1;1;1;0;31767715;53.0;47.0;6;7;2;3;4.0;4.0;3;9;19;11;8;6;35;26;3.0;2.0;2.0;2.0;9;16
3149;Kyoto Sanga FC;3;21904;Sagan Tosu;1;4;1;1;31767647;49.0;51.0;6;7;4;4;2.0;3.0;4;3;11;13;11;8;16;23;3.0;1.0;3.0;1.0;12;9
5127;Kawasaki Frontale;5;3142;Hokkaido Consadole Sapporo;2;7;1;1;31767803;69.0;31.0;14;3;9;3;5.0;0.0;6;4;13;10;7;9;23;20;0.0;4.0;1.0;4.0;8;10
3149;Kyoto Sanga FC;1;5127;Kawasaki Frontale;0;1;1;0;31767789;40.0;60.0;4;8;0;2;4.0;6.0;6;1;14;13;15;6;18;28;3.0;1.0;2.0;0.0;12;8
3132;Jubilo Iwata;1;5127;Kawasaki Frontale;1;2;1;1;31767619;41.0;59.0;6;16;5;10;1.0;6.0;2;6;8;15;11;3;26;23;2.0;0.0;9.0;4.0;15;7
3149;Kyoto Sanga FC;0;3133;Shimizu S-Pulse;0;0;0;0;31767725;54.0;46.0;10;13;4;9;6.0;4.0;4;5;9;13;5;13;22;17;2.0;0.0;9.0;4.0;12;7
3133;Shimizu S-Pulse;0;3147;FC Tokyo;3;3;1;1;31767763;46.0;54.0;9;9;2;6;7.0;3.0;3;7;11;14;11;12;18;16;1.0;0.0;3.0;2.0;14;10
3133;Shimizu S-Pulse;1;3136;Nagoya Grampus;2;3;1;1;31767739;46.0;54.0;11;10;5;7;6.0;3.0;2;7;7;11;7;9;25;38;1.0;0.0;5.0;4.0;11;6
3142;Hokkaido Consadole Sapporo;1;3149;Kyoto Sanga FC;0;1;1;0;31767709;54.0;46.0;8;6;4;1;4.0;5.0;5;2;11;13;6;6;19;21;0.0;1.0;1.0;3.0;9;10
3147;FC Tokyo;3;3142;Hokkaido Consadole Sapporo;0;3;1;1;31767849;44.0;56.0;9;11;6;3;3.0;8.0;2;5;10;9;9;7;17;13;1.0;3.0;3.0;3.0;8;10
3132;Jubilo Iwata;2;3147;FC Tokyo;1;3;1;1;31767721;32.0;68.0;7;5;2;4;5.0;1.0;6;7;11;11;10;7;27;31;1.0;1.0;3.0;0.0;10;11
3136;Nagoya Grampus;0;3142;Hokkaido Consadole Sapporo;2;2;1;1;31767645;41.0;59.0;10;5;5;3;5.0;2.0;7;7;18;16;9;5;17;20;2.0;1.0;1.0;5.0;15;16
21905;Shonan Bellmare;0;3132;Jubilo Iwata;0;0;0;0;31767643;44.0;56.0;11;10;4;1;7.0;9.0;4;1;12;18;9;15;23;22;3.0;1.0;1.0;4.0;16;11
3138;Gamba Osaka;0;3142;Hokkaido Consadole Sapporo;0;0;0;0;31767695;46.0;54.0;7;15;4;7;3.0;8.0;5;7;17;8;12;5;22;31;2.0;1.0;7.0;4.0;8;16
3142;Hokkaido Consadole Sapporo;0;3147;FC Tokyo;0;0;0;0;31767651;46.0;54.0;12;7;6;3;6.0;4.0;2;3;12;15;8;8;19;22;3.0;1.0;3.0;6.0;13;11
118830;CA Youssoufia Berrechid;0;36268;Wydad AC;0;0;0;0;31996651;60.0;40.0;2;3;2;3;;;3;9;17;8;4;2;6;11;2.0;3.0;3.0;2.0;8;16
17;Manchester City;3;40;Aston Villa;2;5;1;1;27751808;71.0;29.0;12;4;4;2;8.0;2.0;13;1;13;6;4;20;28;15;0.0;2.0;0.0;1.0;5;11
37;West Ham United;2;17;Manchester City;2;4;1;1;27751788;23.0;77.0;5;14;2;5;3.0;9.0;4;9;5;10;19;5;7;15;3.0;1.0;4.0;0.0;9;5
3;Wolverhampton Wanderers;1;17;Manchester City;5;6;1;1;33394967;33.0;67.0;4;14;3;5;1.0;9.0;6;2;14;4;9;2;8;12;0.0;1.0;0.0;2.0;2;11
17;Manchester City;5;39;Newcastle United;0;5;1;1;27751768;71.0;29.0;15;7;9;3;6.0;4.0;8;2;15;7;5;15;11;9;1.0;3.0;3.0;4.0;6;11
34;Leeds United;0;17;Manchester City;4;4;1;1;27751736;41.0;59.0;2;10;1;6;1.0;4.0;3;6;4;16;6;3;24;20;1.0;2.0;2.0;1.0;13;3
17;Manchester City;5;24;Watford FC;1;6;1;1;27751728;74.0;26.0;14;4;9;2;5.0;2.0;11;4;9;9;3;7;13;13;1.0;0.0;1.0;4.0;9;7
6;Burnley FC;0;17;Manchester City;2;2;1;1;27751654;22.0;78.0;2;16;1;6;1.0;10.0;1;8;5;16;12;2;9;20;1.0;0.0;4.0;1.0;11;5
7;Crystal Palace;0;17;Manchester City;0;0;0;0;27751620;23.0;77.0;7;10;1;6;6.0;4.0;2;6;14;8;15;7;15;27;3.0;1.0;6.0;1.0;6;11
48;Everton FC;0;17;Manchester City;1;1;1;0;27751582;22.0;78.0;4;10;1;8;3.0;2.0;3;4;16;11;9;5;14;14;3.0;2.0;7.0;1.0;7;14
17;Manchester City;3;30;Brighton & Hove Albion;0;3;1;1;32679883;65.0;35.0;10;2;5;1;5.0;1.0;7;4;8;11;4;8;12;19;0.0;3.0;1.0;2.0;10;6
17;Manchester City;2;44;Liverpool FC;2;4;1;1;27751682;56.0;44.0;9;4;4;4;5.0;0.0;4;1;13;14;2;10;20;15;1.0;4.0;2.0;2.0;9;11
17;Manchester City;4;35;Manchester United;1;5;1;1;27751600;77.0;23.0;14;3;9;2;5.0;1.0;9;3;15;10;3;11;13;9;0.0;1.0;1.0;5.0;10;14
44;Liverpool FC;3;3;Wolverhampton Wanderers;1;4;1;1;27751806;60.0;40.0;14;7;8;5;6.0;2.0;5;3;4;9;4;9;25;15;1.0;0.0;4.0;5.0;6;3
45;Southampton FC;1;44;Liverpool FC;2;3;1;1;27751782;25.0;75.0;3;14;3;6;0.0;8.0;1;9;8;6;14;1;16;26;2.0;0.0;4.0;2.0;6;6
39;Newcastle United;0;44;Liverpool FC;1;1;1;0;27751740;34.0;66.0;3;19;2;10;1.0;9.0;0;6;12;20;16;2;25;15;1.0;3.0;9.0;2.0;11;11
44;Liverpool FC;2;48;Everton FC;0;2;1;1;27751726;85.0;15.0;11;5;4;1;7.0;4.0;13;1;8;9;9;9;30;15;2.0;5.0;1.0;2.0;8;8
42;Arsenal FC;0;44;Liverpool FC;2;2;1;1;32182529;47.0;53.0;5;5;2;3;3.0;2.0;1;6;11;13;7;5;23;17;0.0;1.0;1.0;2.0;9;9
30;Brighton & Hove Albion;0;44;Liverpool FC;2;2;1;1;27751616;51.0;49.0;6;14;2;8;4.0;6.0;7;5;16;12;7;10;26;19;3.0;1.0;6.0;2.0;11;15
44;Liverpool FC;4;35;Manchester United;0;4;1;1;32679895;72.0;28.0;7;4;5;3;2.0;1.0;9;2;8;6;5;5;21;12;1.0;2.0;3.0;1.0;3;6
44;Liverpool FC;2;24;Watford FC;0;2;1;1;27751662;70.0;30.0;12;4;3;2;9.0;2.0;9;3;11;10;3;14;25;15;1.0;1.0;2.0;1.0;9;8
44;Liverpool FC;1;37;West Ham United;0;1;1;0;27751598;69.0;31.0;13;7;5;4;8.0;3.0;4;6;11;8;8;9;20;13;2.0;1.0;4.0;4.0;7;7
263;Norwich City;0;33;Tottenham Hotspur;5;5;1;1;27751810;41.0;59.0;5;13;0;11;5.0;2.0;3;2;11;13;4;8;17;15;3.0;1.0;6.0;0.0;13;7
33;Tottenham Hotspur;1;6;Burnley FC;0;1;1;0;27751784;67.0;33.0;14;7;7;1;7.0;6.0;8;2;10;13;7;9;20;15;3.0;2.0;1.0;6.0;12;8
50;Brentford FC;0;33;Tottenham Hotspur;0;0;0;0;27751714;44.0;56.0;5;3;2;0;3.0;3.0;12;8;8;9;9;6;19;20;2.0;1.0;0.0;2.0;8;7
40;Aston Villa;0;33;Tottenham Hotspur;4;4;1;1;27751674;53.0;47.0;13;4;8;4;5.0;0.0;9;3;16;13;5;9;16;11;2.0;3.0;0.0;8.0;12;14
30;Brighton & Hove Albion;0;33;Tottenham Hotspur;2;2;1;1;32182531;48.0;52.0;4;12;0;6;4.0;6.0;6;3;8;13;6;3;16;14;2.0;2.0;3.0;0.0;10;7
35;Manchester United;3;33;Tottenham Hotspur;2;5;1;1;27751626;42.0;58.0;8;5;6;3;2.0;2.0;4;5;9;7;10;4;9;18;2.0;1.0;2.0;3.0;7;7
33;Tottenham Hotspur;0;30;Brighton & Hove Albion;1;1;1;0;27751704;49.0;51.0;3;9;0;4;3.0;5.0;4;4;13;15;9;4;21;17;3.0;3.0;3.0;0.0;14;10
33;Tottenham Hotspur;5;39;Newcastle United;1;6;1;1;27751666;66.0;34.0;15;3;6;1;9.0;2.0;2;3;11;10;5;11;10;9;2.0;3.0;0.0;1.0;10;7
33;Tottenham Hotspur;3;37;West Ham United;1;4;1;1;27751646;52.0;48.0;11;5;5;1;6.0;4.0;5;3;7;8;6;8;12;12;0.0;1.0;0.0;3.0;7;7
42;Arsenal FC;5;48;Everton FC;1;6;1;1;27751792;74.0;26.0;17;5;9;2;8.0;3.0;12;2;8;10;5;10;12;13;0.0;1.0;1.0;4.0;8;8
39;Newcastle United;2;42;Arsenal FC;0;2;1;1;27751780;54.0;46.0;10;4;4;2;6.0;2.0;12;8;9;17;4;10;22;14;0.0;3.0;2.0;3.0;11;8
37;West Ham United;1;42;Arsenal FC;2;3;1;1;27751748;56.0;44.0;4;10;3;6;1.0;4.0;3;7;9;9;6;6;22;11;2.0;2.0;4.0;2.0;8;9
42;Arsenal FC;3;35;Manchester United;1;4;1;1;27751712;57.0;43.0;12;10;7;4;5.0;6.0;1;7;14;11;9;7;12;19;3.0;4.0;3.0;4.0;9;12
38;Chelsea FC;2;42;Arsenal FC;4;6;1;1;32679857;69.0;31.0;7;11;2;5;5.0;6.0;6;1;10;8;8;8;22;17;3.0;1.0;1.0;0.0;7;6
45;Southampton FC;1;42;Arsenal FC;0;1;1;0;27751702;24.0;76.0;6;18;3;5;3.0;13.0;6;8;6;8;16;3;13;24;2.0;1.0;5.0;2.0;6;6
7;Crystal Palace;3;42;Arsenal FC;0;3;1;1;27751658;32.0;68.0;5;11;5;4;0.0;7.0;0;2;19;13;10;5;17;30;0.0;2.0;4.0;2.0;11;15
42;Arsenal FC;1;30;Brighton & Hove Albion;2;3;1;1;27751672;64.0;36.0;10;7;4;3;6.0;4.0;11;2;21;14;3;4;14;19;3.0;4.0;1.0;3.0;12;19
42;Arsenal FC;2;31;Leicester City;0;2;1;1;27751612;48.0;52.0;11;4;7;3;4.0;1.0;2;6;9;10;2;8;14;21;0.0;3.0;3.0;5.0;8;9
6;Burnley FC;1;39;Newcastle United;2;3;1;1;27751798;39.0;61.0;8;7;5;5;3.0;2.0;8;2;10;13;8;8;27;23;1.0;0.0;3.0;4.0;8;10
263;Norwich City;0;39;Newcastle United;3;3;1;1;27751730;44.0;56.0;5;11;2;7;3.0;4.0;2;3;10;12;7;7;25;28;0.0;2.0;4.0;2.0;11;10
39;Newcastle United;1;7;Crystal Palace;0;1;1;0;32679911;41.0;59.0;6;8;5;2;1.0;6.0;2;5;15;14;6;4;26;19;1.0;1.0;2.0;4.0;12;12
38;Chelsea FC;1;39;Newcastle United;0;1;1;0;27751618;72.0;28.0;6;8;3;3;3.0;5.0;7;2;22;20;6;9;13;22;4.0;3.0;2.0;2.0;17;16
39;Newcastle United;2;31;Leicester City;1;3;1;1;27751700;32.0;68.0;14;4;6;2;8.0;2.0;3;5;10;11;6;11;26;26;2.0;2.0;1.0;4.0;10;10
39;Newcastle United;1;3;Wolverhampton Wanderers;0;1;1;0;27751684;43.0;57.0;7;4;4;2;3.0;2.0;1;2;13;7;5;8;19;17;1.0;1.0;2.0;3.0;7;13
39;Newcastle United;2;30;Brighton & Hove Albion;1;3;1;1;27751602;33.0;67.0;5;6;3;2;2.0;4.0;4;7;14;8;8;4;16;20;1.0;1.0;1.0;1.0;8;10
34;Leeds United;1;30;Brighton & Hove Albion;1;2;1;1;27751776;56.0;44.0;11;11;4;6;7.0;5.0;8;1;9;17;8;9;19;12;3.0;2.0;5.0;3.0;16;8
30;Brighton & Hove Albion;4;35;Manchester United;0;4;1;1;27751756;56.0;44.0;10;10;5;5;5.0;5.0;7;6;12;16;6;7;16;12;0.0;2.0;5.0;1.0;13;9
3;Wolverhampton Wanderers;0;30;Brighton & Hove Albion;3;3;1;1;27751750;48.0;52.0;5;12;1;9;4.0;3.0;7;3;5;7;6;9;12;20;2.0;1.0;6.0;1.0;6;4
30;Brighton & Hove Albion;2;45;Southampton FC;2;4;1;1;27751716;48.0;52.0;4;11;4;5;0.0;6.0;6;6;10;14;9;4;22;33;1.0;0.0;3.0;3.0;12;7
30;Brighton & Hove Albion;0;263;Norwich City;0;0;0;0;27751652;61.0;39.0;14;4;3;0;11.0;4.0;11;2;12;13;4;14;23;23;1.0;1.0;0.0;3.0;12;11
7;Crystal Palace;1;35;Manchester United;0;1;1;0;27751802;38.0;62.0;7;6;3;4;4.0;2.0;3;6;26;14;6;4;19;27;2.0;4.0;4.0;2.0;12;22
48;Everton FC;3;7;Crystal Palace;2;5;1;1;33040637;43.0;57.0;10;7;7;5;3.0;2.0;4;5;16;9;4;13;21;24;2.0;3.0;3.0;4.0;9;13
40;Aston Villa;1;7;Crystal Palace;1;2;1;1;27751772;52.0;48.0;8;6;3;4;5.0;2.0;1;5;15;12;7;6;22;23;1.0;3.0;3.0;2.0;11;15
45;Southampton FC;1;7;Crystal Palace;2;3;1;1;27751742;39.0;61.0;6;9;3;5;3.0;4.0;6;7;15;13;6;7;17;24;1.0;3.0;3.0;2.0;13;11
7;Crystal Palace;0;34;Leeds United;0;0;0;0;27751722;53.0;47.0;13;6;7;2;6.0;4.0;6;3;13;13;10;8;30;24;2.0;2.0;2.0;7.0;12;13
3;Wolverhampton Wanderers;0;7;Crystal Palace;2;2;1;1;27751610;63.0;37.0;8;8;5;7;3.0;1.0;7;7;16;14;2;8;15;12;0.0;3.0;5.0;5.0;13;8
7;Crystal Palace;1;6;Burnley FC;1;2;1;1;27751580;56.0;44.0;7;2;4;1;3.0;1.0;5;4;19;5;1;5;22;25;0.0;2.0;1.0;3.0;5;17
31;Leicester City;4;45;Southampton FC;1;5;1;1;27751804;54.0;46.0;9;5;5;2;4.0;3.0;3;3;8;11;5;3;9;10;0.0;1.0;1.0;1.0;10;5
38;Chelsea FC;1;31;Leicester City;1;2;1;1;33040631;69.0;31.0;11;2;7;1;4.0;1.0;6;0;8;13;2;9;20;13;4.0;1.0;0.0;6.0;12;7
24;Watford FC;1;31;Leicester City;5;6;1;1;27751786;34.0;66.0;10;12;5;6;5.0;6.0;7;3;8;8;11;7;16;16;0.0;1.0;1.0;4.0;5;6
31;Leicester City;1;48;Everton FC;2;3;1;1;27751764;66.0;34.0;12;5;8;3;4.0;2.0;6;1;6;13;3;6;28;13;3.0;0.0;1.0;7.0;11;6
48;Everton FC;1;31;Leicester City;1;2;1;1;32679855;37.0;63.0;12;4;3;3;9.0;1.0;5;4;18;8;5;11;23;24;4.0;2.0;2.0;2.0;8;17
35;Manchester United;1;31;Leicester City;1;2;1;1;27751664;53.0;47.0;7;9;4;3;3.0;6.0;6;5;7;17;10;7;22;13;2.0;2.0;2.0;3.0;13;6
31;Leicester City;0;40;Aston Villa;0;0;0;0;27751724;64.0;36.0;5;6;3;3;2.0;3.0;7;6;17;15;6;4;29;23;3.0;2.0;3.0;3.0;15;16
31;Leicester City;2;50;Brentford FC;1;3;1;1;27751636;57.0;43.0;7;6;3;3;4.0;3.0;2;5;13;12;8;8;7;23;1.0;2.0;2.0;1.0;10;10
50;Brentford FC;3;45;Southampton FC;0;3;1;1;27751754;37.0;63.0;13;9;5;4;8.0;5.0;4;7;11;12;9;11;14;15;0.0;1.0;4.0;2.0;12;9
35;Manchester United;3;50;Brentford FC;0;3;1;1;27751738;64.0;36.0;8;9;5;3;3.0;6.0;3;8;8;7;8;7;10;16;1.0;0.0;3.0;2.0;4;6
263;Norwich City;1;50;Brentford FC;3;4;1;1;27751604;60.0;40.0;10;15;7;6;3.0;2.0;5;5;23;14;4;5;30;16;2.0;5.0;3.0;6.0;13;18
50;Brentford FC;2;37;West Ham United;0;2;1;1;27751676;47.0;53.0;10;4;7;1;3.0;3.0;4;6;8;3;9;6;19;13;0.0;1.0;1.0;5.0;2;6
50;Brentford FC;0;39;Newcastle United;2;2;1;1;27751574;36.0;64.0;3;17;1;11;2.0;6.0;6;6;7;9;10;4;14;15;3.0;1.0;3.0;1.0;9;7
24;Watford FC;0;48;Everton FC;0;0;0;0;33040633;49.0;51.0;3;7;0;4;3.0;3.0;1;13;13;6;6;8;11;17;1.0;2.0;4.0;0.0;5;12
48;Everton FC;1;38;Chelsea FC;0;1;1;0;27751734;22.0;78.0;7;8;3;4;4.0;4.0;3;8;14;9;8;10;21;14;3.0;5.0;4.0;2.0;9;12
6;Burnley FC;3;48;Everton FC;2;5;1;1;32679943;48.0;52.0;8;9;4;4;4.0;5.0;9;6;16;10;10;8;36;26;2.0;2.0;2.0;1.0;9;16
48;Everton FC;1;35;Manchester United;0;1;1;0;27751678;32.0;68.0;5;5;3;4;2.0;1.0;5;7;11;5;8;8;22;26;2.0;2.0;4.0;2.0;4;9
38;Chelsea FC;2;3;Wolverhampton Wanderers;2;4;1;1;27751760;59.0;41.0;13;11;7;4;6.0;7.0;9;3;12;9;9;12;19;13;1.0;3.0;2.0;5.0;7;11
35;Manchester United;1;38;Chelsea FC;1;2;1;1;27751778;34.0;66.0;4;13;3;6;1.0;7.0;2;9;15;11;10;2;16;20;0.0;1.0;5.0;2.0;9;12
45;Southampton FC;0;38;Chelsea FC;6;6;1;1;27751688;30.0;70.0;1;18;1;11;0.0;7.0;2;3;11;11;8;2;24;16;1.0;0.0;5.0;1.0;11;10
263;Norwich City;1;38;Chelsea FC;3;4;1;1;27751644;33.0;67.0;3;9;3;5;0.0;4.0;3;8;16;10;7;7;16;12;0.0;2.0;2.0;2.0;8;15
6;Burnley FC;1;40;Aston Villa;3;4;1;1;27751758;52.0;48.0;12;10;6;8;6.0;2.0;4;5;13;14;3;11;16;19;1.0;2.0;5.0;5.0;13;11
3;Wolverhampton Wanderers;2;40;Aston Villa;1;3;1;1;27751670;49.0;51.0;8;9;4;4;4.0;5.0;4;9;9;16;6;5;21;15;4.0;3.0;3.0;3.0;15;8
34;Leeds United;0;40;Aston Villa;3;3;1;1;32182537;55.0;45.0;3;11;1;9;2.0;2.0;3;5;15;18;4;9;17;16;5.0;3.0;6.0;1.0;15;10
40;Aston Villa;0;42;Arsenal FC;1;1;1;0;27751632;45.0;55.0;7;6;1;4;6.0;2.0;6;5;15;14;6;11;20;21;3.0;3.0;3.0;1.0;13;14
24;Watford FC;1;6;Burnley FC;2;3;1;1;27751746;47.0;53.0;9;10;2;5;7.0;5.0;5;6;10;14;8;11;26;27;1.0;2.0;3.0;2.0;13;10
6;Burnley FC;1;3;Wolverhampton Wanderers;0;1;1;0;27751718;37.0;63.0;8;5;5;4;3.0;1.0;3;6;9;13;6;5;15;23;3.0;1.0;4.0;4.0;8;7
37;West Ham United;1;6;Burnley FC;1;2;1;1;27751708;62.0;38.0;15;6;6;1;9.0;5.0;13;4;11;10;5;12;29;12;2.0;2.0;0.0;5.0;9;10
263;Norwich City;2;6;Burnley FC;0;2;1;1;27751686;45.0;55.0;11;11;6;3;5.0;8.0;6;7;13;15;11;6;19;29;1.0;1.0;3.0;4.0;12;10
6;Burnley FC;2;45;Southampton FC;0;2;1;1;32679869;44.0;56.0;10;7;6;3;4.0;4.0;10;10;9;10;5;8;20;21;2.0;2.0;3.0;4.0;7;7
263;Norwich City;0;37;West Ham United;4;4;1;1;27751770;40.0;60.0;4;7;2;5;2.0;2.0;9;5;10;8;5;4;8;15;1.0;1.0;1.0;2.0;6;7
37;West Ham United;1;3;Wolverhampton Wanderers;0;1;1;0;27751590;42.0;58.0;12;5;4;1;8.0;4.0;3;5;3;10;5;12;19;18;1.0;0.0;1.0;3.0;8;2
24;Watford FC;0;34;Leeds United;3;3;1;1;27751690;48.0;52.0;9;9;1;5;8.0;4.0;3;7;13;10;10;7;38;28;2.0;0.0;2.0;1.0;7;12
31;Leicester City;1;34;Leeds United;0;1;1;0;27751596;53.0;47.0;4;12;4;4;0.0;8.0;5;10;12;11;9;2;22;31;1.0;2.0;4.0;3.0;9;12
34;Leeds United;2;263;Norwich City;1;3;1;1;27751624;52.0;48.0;8;4;4;2;4.0;2.0;6;2;11;20;7;9;15;24;3.0;1.0;1.0;2.0;18;8
48;Everton FC;0;3;Wolverhampton Wanderers;1;1;1;0;27751622;38.0;62.0;7;7;1;3;6.0;4.0;5;2;11;18;3;7;13;10;3.0;1.0;;;12;11
40;Aston Villa;4;45;Southampton FC;0;4;1;1;27751592;39.0;61.0;13;8;9;1;4.0;7.0;4;7;9;10;10;4;15;18;1.0;1.0;1.0;5.0;10;8
45;Southampton FC;1;39;Newcastle United;2;3;1;1;32182545;60.0;40.0;10;4;7;3;3.0;1.0;12;5;8;7;4;5;20;15;1.0;1.0;1.0;6.0;6;7
24;Watford FC;2;42;Arsenal FC;3;5;1;1;27751608;37.0;63.0;10;13;7;4;3.0;9.0;1;5;11;7;9;4;34;17;1.0;2.0;1.0;5.0;5;11
73716;CD Universitario Penonome;1;168806;CD Plaza Amador Panama City;4;5;1;1;31885125;41.0;59.0;7;10;4;10;3.0;0.0;5;2;25;11;2;6;27;20;2.0;2.0;6.0;3.0;10;20
5996;Libertad Asuncion;1;5991;Cerro Porteno;0;1;1;0;32038773;65.0;35.0;3;1;2;0;1.0;1.0;5;1;2;1;1;2;2;1;0.0;3.0;0.0;1.0;1;2
36439;Sol de America Villa Elisa;0;5996;Libertad Asuncion;3;3;1;1;32038767;45.0;55.0;7;6;3;6;4.0;0.0;2;4;16;11;7;6;14;18;2.0;1.0;3.0;3.0;10;14
5996;Libertad Asuncion;2;322375;Guairena FC;0;2;1;1;32038751;53.0;47.0;12;5;4;1;8.0;4.0;6;2;16;3;8;8;25;23;1.0;6.0;1.0;3.0;2;16
5994;Club Guarani Asuncion;1;5996;Libertad Asuncion;1;2;1;1;33974769;53.0;47.0;7;5;2;3;5.0;2.0;6;4;8;13;3;13;21;16;;;2.0;1.0;11;8
818704;Club General Caballero Jlm;0;5996;Libertad Asuncion;1;1;1;0;32038677;52.0;48.0;12;10;4;6;8.0;4.0;8;4;5;5;7;15;17;14;2.0;3.0;5.0;4.0;4;3
5991;Cerro Porteno;4;5996;Libertad Asuncion;0;4;1;1;32038639;48.0;52.0;9;1;7;0;2.0;1.0;12;7;5;6;7;4;25;10;0.0;2.0;0.0;3.0;5;5
5996;Libertad Asuncion;4;5989;12 de Octubre de Itaugua;0;4;1;1;32038667;51.0;49.0;8;1;6;0;2.0;1.0;7;6;9;9;5;6;16;14;1.0;2.0;0.0;3.0;8;7
5989;12 de Octubre de Itaugua;0;5991;Cerro Porteno;1;1;1;0;32038745;;;12;11;4;2;8.0;9.0;5;1;8;11;11;12;32;22;2.0;0.0;1.0;4.0;11;7
5991;Cerro Porteno;1;90968;Resistencia FC;0;1;1;0;33974745;57.0;43.0;7;6;4;4;3.0;2.0;5;4;12;10;5;7;22;20;1.0;2.0;4.0;3.0;9;11
5997;Club Olimpia;0;5991;Cerro Porteno;4;4;1;1;32038727;52.0;48.0;11;11;3;8;8.0;3.0;4;2;14;13;3;14;25;18;4.0;3.0;4.0;3.0;11;14
5991;Cerro Porteno;0;322375;Guairena FC;0;0;0;0;32038699;66.0;34.0;12;4;2;0;10.0;4.0;6;3;9;7;5;18;28;28;0.0;3.0;0.0;2.0;5;8
5997;Club Olimpia;4;5989;12 de Octubre de Itaugua;1;5;1;1;32038777;49.0;51.0;13;3;10;2;3.0;1.0;1;7;2;8;5;8;12;13;3.0;1.0;1.0;6.0;6;1
33001;Nacional Asuncion;1;5997;Club Olimpia;1;2;1;1;32038763;;;11;7;4;2;7.0;5.0;7;2;11;9;11;12;20;22;0.0;4.0;1.0;3.0;9;9
818704;Club General Caballero Jlm;2;5997;Club Olimpia;3;5;1;1;32038663;40.0;60.0;7;10;7;7;0.0;3.0;3;9;10;11;5;5;18;30;1.0;2.0;4.0;5.0;10;10
33001;Nacional Asuncion;0;5994;Club Guarani Asuncion;1;1;1;0;32038775;47.0;53.0;6;7;2;3;4.0;4.0;5;3;12;12;8;11;26;24;2.0;4.0;2.0;2.0;11;12
90968;Resistencia FC;1;5994;Club Guarani Asuncion;2;3;1;1;32038707;49.0;51.0;4;7;4;4;0.0;3.0;4;6;5;9;12;2;16;23;1.0;0.0;2.0;3.0;6;2
36439;Sol de America Villa Elisa;2;5994;Club Guarani Asuncion;2;4;1;1;32038683;42.0;58.0;8;11;4;6;4.0;5.0;5;8;13;14;8;6;21;23;4.0;2.0;4.0;2.0;14;12
5994;Club Guarani Asuncion;3;5989;12 de Octubre de Itaugua;0;3;1;1;32038713;55.0;45.0;11;4;5;3;6.0;1.0;1;5;9;9;8;8;22;32;1.0;0.0;3.0;2.0;7;9
818704;Club General Caballero Jlm;2;90968;Resistencia FC;1;3;1;1;32038771;43.0;57.0;8;7;6;4;2.0;3.0;4;6;4;3;4;4;9;8;3.0;1.0;3.0;4.0;3;2
322375;Guairena FC;1;818704;Club General Caballero Jlm;2;3;1;1;33974767;55.0;45.0;4;8;2;4;2.0;4.0;6;1;15;14;10;5;34;21;2.0;1.0;2.0;1.0;14;14
90968;Resistencia FC;2;818704;Club General Caballero Jlm;1;3;1;1;32038645;60.0;40.0;9;12;5;7;4.0;5.0;4;9;9;10;11;9;11;20;2.0;3.0;6.0;3.0;9;7
322375;Guairena FC;1;33001;Nacional Asuncion;1;2;1;1;32038785;51.0;49.0;7;8;2;1;5.0;7.0;5;6;7;13;11;9;25;21;2.0;1.0;0.0;1.0;13;7
607728;Sportivo Ameliano;2;322375;Guairena FC;2;4;1;1;32038769;49.0;51.0;14;9;5;5;9.0;4.0;4;2;16;10;5;14;23;25;2.0;3.0;3.0;3.0;9;15
322375;Guairena FC;0;5999;Tacuary Asuncion;0;0;0;0;32038759;54.0;46.0;9;8;5;4;4.0;4.0;2;8;9;10;9;10;26;28;2.0;1.0;4.0;5.0;9;9
322375;Guairena FC;0;90968;Resistencia FC;0;0;0;0;32038711;54.0;46.0;8;11;3;4;5.0;7.0;6;4;12;16;14;10;34;23;2.0;3.0;4.0;4.0;14;10
607728;Sportivo Ameliano;2;33001;Nacional Asuncion;2;4;1;1;32038747;44.0;56.0;7;8;5;3;2.0;5.0;7;6;8;11;8;12;27;18;4.0;1.0;1.0;3.0;11;6
33001;Nacional Asuncion;3;5999;Tacuary Asuncion;0;3;1;1;33974771;45.0;55.0;8;11;5;6;3.0;5.0;4;4;15;16;10;7;17;29;0.0;3.0;6.0;2.0;15;14
5989;12 de Octubre de Itaugua;1;33001;Nacional Asuncion;2;3;1;1;32038697;60.0;40.0;4;4;1;2;3.0;2.0;2;2;7;4;2;8;14;4;1.0;4.0;;;3;6
33001;Nacional Asuncion;1;90968;Resistencia FC;2;3;1;1;32038693;54.0;46.0;14;5;6;3;8.0;2.0;2;3;10;12;7;12;32;17;2.0;2.0;1.0;5.0;10;9
5999;Tacuary Asuncion;2;36439;Sol de America Villa Elisa;2;4;1;1;32038779;41.0;59.0;13;6;6;3;7.0;3.0;2;2;19;8;8;10;24;23;1.0;6.0;1.0;4.0;6;19
5989;12 de Octubre de Itaugua;2;5999;Tacuary Asuncion;0;2;1;1;32038673;50.0;50.0;9;8;6;2;3.0;6.0;7;8;11;12;8;6;16;20;5.0;1.0;3.0;4.0;11;11
36439;Sol de America Villa Elisa;1;5999;Tacuary Asuncion;0;1;1;0;32038647;58.0;42.0;9;6;4;5;5.0;1.0;1;5;13;19;4;8;20;24;5.0;4.0;5.0;3.0;19;13
5999;Tacuary Asuncion;3;90968;Resistencia FC;1;4;1;1;32038671;;;13;5;9;2;4.0;3.0;5;2;16;10;7;6;11;18;2.0;4.0;1.0;6.0;9;14
36439;Sol de America Villa Elisa;0;5989;12 de Octubre de Itaugua;0;0;0;0;33959129;50.0;50.0;4;4;1;0;3.0;4.0;2;2;8;13;6;11;24;21;2.0;2.0;0.0;1.0;12;8
90968;Resistencia FC;0;36439;Sol de America Villa Elisa;0;0;0;0;32038729;52.0;48.0;7;7;2;1;5.0;6.0;5;1;14;13;9;13;18;28;1.0;0.0;1.0;2.0;11;13
5989;12 de Octubre de Itaugua;0;5997;Club Olimpia;0;0;0;0;32038637;52.0;48.0;5;8;0;1;5.0;7.0;6;1;11;7;13;11;19;21;2.0;3.0;1.0;0.0;6;9
2302;Sporting Cristal;1;2307;Alianza Atletico;0;1;1;0;31787131;65.0;35.0;14;12;13;4;1.0;8.0;8;7;17;17;11;3;8;15;1.0;3.0;4.0;9.0;14;16
2302;Sporting Cristal;3;2312;Sport Boys Association;0;3;1;1;31787095;62.0;38.0;5;14;3;4;2.0;10.0;11;9;12;19;13;3;18;14;1.0;1.0;4.0;0.0;15;10
2305;Universitario de Deportes;1;2302;Sporting Cristal;1;2;1;1;31787077;41.0;59.0;13;10;7;6;6.0;4.0;10;1;15;16;6;6;10;18;1.0;3.0;4.0;5.0;15;12
2301;CS Cienciano;0;2302;Sporting Cristal;1;1;1;0;31787001;;;20;7;2;3;18.0;4.0;9;2;8;15;4;25;19;26;1.0;4.0;2.0;3.0;11;7
2302;Sporting Cristal;1;407335;Em Deportivo Binacional;0;1;1;0;31787025;;;10;6;5;1;5.0;5.0;11;0;13;20;6;6;16;10;5.0;4.0;1.0;4.0;18;11
2302;Sporting Cristal;6;7031;Deportivo Municipal;4;10;1;1;31786987;;;9;6;6;5;3.0;1.0;8;2;12;23;2;9;13;8;3.0;3.0;1.0;0.0;18;12
2308;FBC Melgar;1;428219;Atletico Grau;0;1;1;0;31787127;60.0;40.0;16;6;6;2;10.0;4.0;11;3;10;12;12;16;29;30;1.0;3.0;2.0;5.0;10;10
2312;Sport Boys Association;0;2308;FBC Melgar;1;1;1;0;31787115;50.0;50.0;10;12;3;5;7.0;7.0;4;10;20;18;11;10;14;16;1.0;3.0;4.0;3.0;17;16
33894;Ayacucho FC;0;2308;FBC Melgar;1;1;1;0;31787063;30.0;70.0;10;9;2;5;8.0;4.0;5;7;16;14;12;10;26;34;3.0;3.0;4.0;2.0;11;11
2308;FBC Melgar;3;655781;Asociacion Deportiva Tarma;0;3;1;1;31787057;60.0;40.0;13;2;5;1;8.0;1.0;13;5;12;16;6;10;24;17;0.0;3.0;1.0;4.0;14;11
2308;FBC Melgar;1;2301;CS Cienciano;0;1;1;0;31787019;;;7;9;3;4;4.0;5.0;8;3;12;17;10;10;28;20;2.0;4.0;4.0;2.0;16;10
33895;Sport Huancayo;2;2311;Alianza Lima;0;2;1;1;33824021;53.0;47.0;13;4;6;2;7.0;2.0;5;7;21;8;3;13;25;28;1.0;6.0;2.0;4.0;8;18
33895;Sport Huancayo;4;2307;Alianza Atletico;1;5;1;1;31787093;65.0;35.0;10;14;7;8;3.0;6.0;9;2;11;10;5;6;19;20;1.0;3.0;5.0;1.0;9;10
407335;Em Deportivo Binacional;1;33895;Sport Huancayo;0;1;1;0;31787065;;;14;11;3;3;11.0;8.0;5;1;13;14;11;16;22;25;2.0;2.0;3.0;2.0;12;13
7031;Deportivo Municipal;0;33895;Sport Huancayo;1;1;1;0;31787037;54.0;46.0;7;6;3;2;4.0;4.0;3;6;17;20;8;5;10;15;2.0;1.0;1.0;3.0;16;15
33895;Sport Huancayo;1;5281;CD Universidad Cesar Vallejo;1;2;1;1;31787023;63.0;37.0;12;16;2;6;10.0;10.0;10;7;11;14;9;14;22;21;1.0;3.0;4.0;1.0;10;11
2301;CS Cienciano;2;5281;CD Universidad Cesar Vallejo;0;2;1;1;34391585;51.0;49.0;12;16;3;4;9.0;12.0;5;10;7;16;17;12;14;25;1.0;0.0;4.0;1.0;9;6
2301;CS Cienciano;5;5282;CDU San Martin;3;8;1;1;31787147;64.0;36.0;20;6;7;4;13.0;2.0;4;2;13;22;5;17;29;9;3.0;5.0;1.0;3.0;18;12
2311;Alianza Lima;1;2301;CS Cienciano;0;1;1;0;31787083;49.0;51.0;10;7;5;2;5.0;5.0;6;5;19;18;9;9;17;25;3.0;3.0;2.0;3.0;18;17
2301;CS Cienciano;3;87854;UTC de Cajamarca;2;5;1;1;31787069;66.0;34.0;13;8;7;3;6.0;5.0;6;5;15;13;11;9;24;19;2.0;4.0;1.0;5.0;12;15
2301;CS Cienciano;5;2307;Alianza Atletico;0;5;1;1;31786967;;;14;6;9;2;5.0;4.0;10;0;14;13;9;11;23;15;4.0;5.0;2.0;4.0;12;12
5281;CD Universidad Cesar Vallejo;4;407335;Em Deportivo Binacional;0;4;1;1;31787125;56.0;44.0;16;7;10;4;6.0;3.0;7;2;15;25;5;10;13;19;2.0;1.0;4.0;6.0;24;14
5281;CD Universidad Cesar Vallejo;2;5282;CDU San Martin;0;2;1;1;31787107;60.0;40.0;12;3;7;1;5.0;2.0;6;6;17;16;3;8;19;29;2.0;1.0;2.0;4.0;14;13
5281;CD Universidad Cesar Vallejo;0;312410;AD Cantolao;1;1;1;0;31787067;62.0;38.0;12;9;4;3;8.0;6.0;8;3;19;13;8;11;20;17;1.0;3.0;3.0;4.0;13;16
407335;Em Deportivo Binacional;4;5282;CDU San Martin;0;4;1;1;34391967;75.0;25.0;22;6;9;2;13.0;4.0;11;1;8;15;7;18;18;18;1.0;1.0;2.0;5.0;14;7
407335;Em Deportivo Binacional;3;655209;FC Carlos Stein;0;3;1;1;31787143;70.0;30.0;22;9;10;6;12.0;3.0;12;4;8;13;4;20;23;14;1.0;3.0;6.0;7.0;10;7
2307;Alianza Atletico;2;407335;Em Deportivo Binacional;0;2;1;1;31786975;51.0;49.0;10;5;4;2;6.0;3.0;2;5;14;17;6;10;14;21;3.0;2.0;2.0;3.0;17;12
2312;Sport Boys Association;1;407335;Em Deportivo Binacional;3;4;1;1;31786947;64.0;36.0;7;11;4;8;3.0;3.0;6;2;21;18;3;8;22;19;4.0;4.0;5.0;3.0;18;20
5282;CDU San Martin;0;407335;Em Deportivo Binacional;1;1;1;0;31786803;52.0;48.0;11;11;4;6;7.0;5.0;5;7;18;20;7;9;26;17;4.0;1.0;5.0;4.0;17;16
407335;Em Deportivo Binacional;2;330527;Carlos Mannucci;1;3;1;1;31786997;64.0;36.0;19;5;5;2;14.0;3.0;10;1;10;6;10;19;23;23;0.0;3.0;1.0;4.0;5;10
87854;UTC de Cajamarca;1;330527;Carlos Mannucci;2;3;1;1;31787121;55.0;45.0;10;12;6;4;4.0;8.0;10;7;11;16;14;8;26;24;3.0;5.0;1.0;4.0;13;11
33894;Ayacucho FC;2;330527;Carlos Mannucci;2;4;1;1;31787029;62.0;38.0;19;14;9;6;10.0;8.0;17;2;11;10;8;13;34;16;1.0;2.0;4.0;7.0;9;9
7031;Deportivo Municipal;1;330527;Carlos Mannucci;0;1;1;0;31786969;70.0;30.0;7;10;4;6;3.0;4.0;4;8;16;13;8;5;20;24;4.0;3.0;6.0;2.0;10;11
330527;Carlos Mannucci;0;2305;Universitario de Deportes;0;0;0;0;31787053;51.0;49.0;9;1;2;1;7.0;0.0;1;4;20;15;4;13;25;28;3.0;4.0;1.0;2.0;14;19
2305;Universitario de Deportes;1;312410;AD Cantolao;1;2;1;1;34391817;52.0;48.0;11;5;6;2;5.0;3.0;6;1;17;21;7;9;15;12;3.0;3.0;1.0;5.0;18;15
312410;AD Cantolao;0;7031;Deportivo Municipal;2;2;1;1;31787081;38.0;62.0;4;14;1;9;3.0;5.0;1;5;22;16;6;6;13;13;5.0;3.0;6.0;1.0;15;20
312410;AD Cantolao;0;2312;Sport Boys Association;1;1;1;0;31787009;;;9;6;2;3;7.0;3.0;9;4;20;21;5;9;21;13;3.0;4.0;2.0;2.0;19;14
312410;AD Cantolao;0;33895;Sport Huancayo;2;2;1;1;31786955;36.0;64.0;5;15;2;8;3.0;7.0;3;5;17;22;10;3;14;27;2.0;1.0;6.0;2.0;18;16
2311;Alianza Lima;2;33894;Ayacucho FC;0;2;1;1;31787119;65.0;35.0;14;7;7;2;7.0;5.0;4;5;26;23;6;10;31;24;2.0;4.0;1.0;5.0;20;24
7031;Deportivo Municipal;0;2311;Alianza Lima;3;3;1;1;31787071;58.0;42.0;19;8;7;4;12.0;4.0;14;3;21;14;6;16;12;18;3.0;4.0;1.0;4.0;12;18
5282;CDU San Martin;0;2311;Alianza Lima;1;1;1;0;31787043;31.0;69.0;4;8;4;2;0.0;6.0;10;11;16;23;12;7;20;8;1.0;1.0;1.0;3.0;21;15
2311;Alianza Lima;1;87854;UTC de Cajamarca;0;1;1;0;31786959;;;17;3;8;2;9.0;1.0;9;3;19;17;2;15;21;18;1.0;3.0;2.0;6.0;16;19
2311;Alianza Lima;0;2302;Sporting Cristal;1;1;1;0;31786875;37.0;63.0;6;6;4;5;2.0;1.0;4;3;13;21;8;8;24;27;6.0;4.0;2.0;4.0;20;10
5282;CDU San Martin;2;655781;Asociacion Deportiva Tarma;0;2;1;1;31787097;40.0;60.0;5;9;3;4;2.0;5.0;4;7;14;23;7;5;25;22;3.0;1.0;4.0;1.0;22;9
2302;Sporting Cristal;4;5282;CDU San Martin;1;5;1;1;31786951;61.0;39.0;18;7;9;3;9.0;4.0;6;6;13;18;5;14;17;15;1.0;1.0;2.0;5.0;12;13
2305;Universitario de Deportes;1;87854;UTC de Cajamarca;0;1;1;0;31787153;60.0;40.0;12;8;7;3;5.0;5.0;2;2;20;18;4;10;20;16;2.0;3.0;3.0;6.0;17;17
87854;UTC de Cajamarca;3;33895;Sport Huancayo;4;7;1;1;31786925;49.0;51.0;8;15;6;9;2.0;6.0;6;6;10;10;10;6;24;27;3.0;3.0;5.0;4.0;7;9
2305;Universitario de Deportes;1;2311;Alianza Lima;4;5;1;1;31786989;46.0;54.0;10;11;3;7;7.0;4.0;7;7;19;13;9;8;21;13;3.0;4.0;2.0;3.0;12;19
2312;Sport Boys Association;1;33894;Ayacucho FC;0;1;1;0;31786985;45.0;55.0;8;7;4;2;4.0;5.0;3;7;16;22;9;8;21;28;3.0;2.0;2.0;3.0;18;14
7031;Deportivo Municipal;1;655209;FC Carlos Stein;1;2;1;1;31787111;73.0;27.0;14;7;4;3;10.0;4.0;8;2;14;17;4;16;12;6;1.0;4.0;1.0;4.0;13;9
2307;Alianza Atletico;2;33894;Ayacucho FC;1;3;1;1;31787011;54.0;46.0;9;10;2;5;7.0;5.0;4;2;22;24;8;12;27;30;0.0;1.0;4.0;0.0;23;21
21895;Al Hilal Rijad;2;56035;AL Faisaly FC;1;3;1;1;32901101;53.0;47.0;4;9;3;2;1.0;7.0;6;7;13;18;12;6;23;18;2.0;4.0;1.0;1.0;17;13
168090;Abha Club;1;168072;AL Tai;0;1;1;0;31529707;42.0;58.0;10;12;4;4;6.0;8.0;4;5;12;17;14;14;25;18;1.0;2.0;4.0;3.0;16;12
34318;AL Ettifaq FC;0;168072;AL Tai;1;1;1;0;31501451;60.0;40.0;15;5;5;4;10.0;1.0;6;3;13;6;1;17;28;21;1.0;2.0;3.0;5.0;5;11
34313;AL Shabab FC (KSA);2;220298;Damac FC;1;3;1;1;31501323;55.0;45.0;10;10;6;4;4.0;6.0;5;4;16;17;9;9;16;15;2.0;3.0;3.0;4.0;16;14
168086;AL Hazem FC;2;56031;AL Raed FC;0;2;1;1;31145075;40.0;60.0;8;8;4;4;4.0;4.0;3;3;13;19;4;8;20;21;2.0;1.0;4.0;2.0;17;12
34082;Young Lions FC;0;3041;Lion City Sailors FC;1;1;1;0;31805913;48.0;52.0;12;8;7;3;5.0;5.0;8;3;15;7;6;9;20;25;1.0;0.0;2.0;7.0;7;9
3038;Tanjong Pagar United FC;4;3043;Tampines Rovers FC;2;6;1;1;31805995;42.0;58.0;9;18;7;10;2.0;8.0;2;8;17;10;17;6;11;25;1.0;2.0;8.0;3.0;7;16
3038;Tanjong Pagar United FC;1;3039;Balestier Khalsa FC;0;1;1;0;31805985;;;9;12;6;6;3.0;6.0;7;9;13;17;12;6;19;22;2.0;2.0;6.0;5.0;16;11
34083;Hougang United FC;3;3039;Balestier Khalsa FC;1;4;1;1;31805999;52.0;48.0;12;8;6;4;6.0;4.0;3;5;18;17;8;9;27;24;2.0;2.0;3.0;3.0;16;11
3043;Tampines Rovers FC;7;34083;Hougang United FC;1;8;1;1;31805891;65.0;35.0;15;2;8;1;7.0;1.0;6;2;21;16;2;13;18;18;0.0;1.0;0.0;1.0;12;18
350824;SC Dnipro-1;3;3310;FC Chernomorets Odessa;1;4;1;1;28078314;47.0;53.0;16;8;9;3;7.0;5.0;4;5;12;14;7;9;18;21;2.0;5.0;2.0;6.0;13;11
350824;SC Dnipro-1;5;3309;FC Vorskla Poltava;1;6;1;1;28078302;54.0;46.0;19;6;10;2;9.0;4.0;3;2;10;15;6;9;18;12;1.0;3.0;1.0;5.0;13;8
350824;SC Dnipro-1;4;451399;FC Minaj;0;4;1;1;28175398;60.0;40.0;18;1;10;1;8.0;0.0;6;1;7;10;2;14;13;15;1.0;4.0;1.0;6.0;7;7
23790;FC Lviv;0;350824;SC Dnipro-1;1;1;1;0;27759750;42.0;58.0;10;10;4;4;6.0;6.0;5;4;14;20;12;13;30;17;6.0;4.0;3.0;4.0;17;12
350824;SC Dnipro-1;2;213176;Kolos Kovalivka;0;2;1;1;27759762;57.0;43.0;16;2;8;0;8.0;2.0;4;1;16;11;5;7;12;18;3.0;2.0;0.0;6.0;9;16
25479;FC Oleksandriya;1;3313;FC Shakhtar Donetsk;2;3;1;1;28078340;47.0;53.0;7;7;4;6;3.0;1.0;5;5;9;21;7;7;26;19;7.0;3.0;4.0;3.0;19;9
211970;FC Ingulets Petrove;0;3313;FC Shakhtar Donetsk;1;1;1;0;28078308;32.0;68.0;2;8;1;7;1.0;1.0;2;9;12;10;11;4;17;17;2.0;2.0;6.0;0.0;9;9
3313;FC Shakhtar Donetsk;2;277645;FC Rukh Lviv;0;2;1;1;27759824;60.0;40.0;17;2;8;2;9.0;0.0;9;2;8;10;0;17;21;10;0.0;3.0;2.0;6.0;10;6
213176;Kolos Kovalivka;1;3313;FC Shakhtar Donetsk;3;4;1;1;27759808;45.0;55.0;6;4;5;3;1.0;1.0;1;5;10;7;7;4;7;2;3.0;4.0;0.0;4.0;5;10
3313;FC Shakhtar Donetsk;4;25480;FC Desna Chernihiv;1;5;1;1;27759792;77.0;23.0;19;4;11;2;8.0;2.0;8;2;3;10;2;14;12;9;2.0;0.0;0.0;7.0;8;2
3305;FC Dynamo Kiev;0;3313;FC Shakhtar Donetsk;0;0;0;0;27759742;45.0;55.0;6;5;3;0;3.0;5.0;3;7;20;13;9;5;10;19;2.0;4.0;0.0;3.0;11;19
3319;FC Mariupol;0;3313;FC Shakhtar Donetsk;5;5;1;1;27759712;35.0;65.0;1;16;0;7;1.0;9.0;1;7;9;15;24;5;9;22;1.0;0.0;2.0;0.0;13;8
3313;FC Shakhtar Donetsk;6;5987;FC Zorya Lugansk;1;7;1;1;27759760;59.0;41.0;12;8;8;1;4.0;7.0;4;3;21;17;8;5;19;9;0.0;2.0;0.0;2.0;13;18
3313;FC Shakhtar Donetsk;4;213180;Veres Rivne;1;5;1;1;27759728;75.0;25.0;10;9;4;6;6.0;3.0;7;1;14;12;7;12;11;19;1.0;3.0;5.0;1.0;9;11
3305;FC Dynamo Kiev;1;5987;FC Zorya Lugansk;1;2;1;1;28078342;60.0;40.0;16;3;6;2;10.0;1.0;8;2;21;10;3;19;15;13;0.0;2.0;1.0;5.0;9;20
451399;FC Minaj;0;3305;FC Dynamo Kiev;2;2;1;1;28175404;34.0;66.0;3;11;0;5;3.0;6.0;4;7;17;12;6;3;21;15;1.0;2.0;3.0;0.0;11;16
3310;FC Chernomorets Odessa;1;3305;FC Dynamo Kiev;6;7;1;1;27759822;46.0;54.0;3;14;1;7;2.0;7.0;1;11;9;14;11;5;11;10;2.0;1.0;1.0;0.0;14;8
3305;FC Dynamo Kiev;1;3309;FC Vorskla Poltava;2;3;1;1;27759806;54.0;46.0;14;4;6;3;8.0;1.0;14;1;10;13;4;16;30;13;4.0;5.0;1.0;5.0;13;10
3319;FC Mariupol;2;3305;FC Dynamo Kiev;3;5;1;1;27759790;41.0;59.0;7;16;5;4;2.0;12.0;6;8;15;12;13;6;16;12;3.0;2.0;1.0;3.0;10;14
23790;FC Lviv;1;3305;FC Dynamo Kiev;4;5;1;1;27759758;45.0;55.0;4;11;3;5;1.0;6.0;0;8;11;8;14;5;20;20;1.0;3.0;2.0;2.0;7;11
277645;FC Rukh Lviv;0;3305;FC Dynamo Kiev;2;2;1;1;27759726;43.0;57.0;4;9;0;4;4.0;5.0;0;10;9;8;10;5;10;17;4.0;0.0;2.0;0.0;8;7
3305;FC Dynamo Kiev;1;25479;FC Oleksandriya;0;1;1;0;27759710;54.0;46.0;14;5;7;0;7.0;5.0;8;2;18;17;7;8;15;14;6.0;4.0;;;15;17
5987;FC Zorya Lugansk;1;211970;FC Ingulets Petrove;0;1;1;0;28078322;65.0;35.0;12;8;6;2;6.0;6.0;6;5;17;26;7;9;23;19;4.0;1.0;2.0;5.0;25;15
23790;FC Lviv;2;5987;FC Zorya Lugansk;1;3;1;1;27759826;49.0;51.0;7;7;2;2;5.0;5.0;5;3;20;14;12;9;19;24;3.0;3.0;1.0;1.0;14;19
5987;FC Zorya Lugansk;3;213180;Veres Rivne;0;3;1;1;27759810;53.0;47.0;9;6;5;4;4.0;2.0;2;7;12;17;8;8;10;11;1.0;3.0;4.0;2.0;13;11
5987;FC Zorya Lugansk;1;213176;Kolos Kovalivka;0;1;1;0;27759778;60.0;40.0;6;2;3;0;3.0;2.0;7;4;12;27;5;5;30;33;3.0;2.0;0.0;2.0;26;12
5987;FC Zorya Lugansk;2;25480;FC Desna Chernihiv;0;2;1;1;27759744;55.0;45.0;9;8;6;3;3.0;5.0;3;5;8;18;7;5;33;21;3.0;3.0;3.0;5.0;16;8
5987;FC Zorya Lugansk;3;3310;FC Chernomorets Odessa;0;3;1;1;27759714;55.0;45.0;10;12;5;3;5.0;9.0;5;5;7;19;9;6;19;6;3.0;2.0;3.0;2.0;16;6
213176;Kolos Kovalivka;2;451399;FC Minaj;1;3;1;1;28175408;57.0;43.0;9;6;6;3;3.0;3.0;4;2;23;16;6;14;22;17;1.0;5.0;2.0;4.0;15;21
373230;FC Metalist 1925 Kharkiv;0;213176;Kolos Kovalivka;1;1;1;0;28078320;49.0;51.0;6;10;3;5;3.0;5.0;4;6;14;18;6;4;11;11;1.0;1.0;4.0;3.0;16;14
213176;Kolos Kovalivka;1;213180;Veres Rivne;0;1;1;0;28078304;54.0;46.0;6;5;3;1;3.0;4.0;3;3;19;17;9;11;25;23;0.0;3.0;1.0;2.0;13;19
451399;FC Minaj;1;213176;Kolos Kovalivka;1;2;1;1;30574065;44.0;56.0;7;7;4;2;3.0;5.0;4;5;26;25;9;4;14;18;3.0;4.0;1.0;3.0;21;25
211970;FC Ingulets Petrove;0;213176;Kolos Kovalivka;2;2;1;1;27759716;48.0;52.0;6;8;4;4;2.0;4.0;9;3;12;14;10;8;28;23;2.0;4.0;2.0;4.0;12;11
213176;Kolos Kovalivka;0;23790;FC Lviv;1;1;1;0;27759796;43.0;57.0;2;5;1;4;1.0;1.0;4;6;15;17;9;12;25;17;1.0;4.0;3.0;1.0;16;14
213176;Kolos Kovalivka;2;3310;FC Chernomorets Odessa;1;3;1;1;27759746;50.0;50.0;13;15;10;11;3.0;4.0;6;5;13;13;8;5;7;13;1.0;3.0;10.0;8.0;10;13
213176;Kolos Kovalivka;0;3309;FC Vorskla Poltava;1;1;1;0;27759732;47.0;53.0;3;8;2;4;1.0;4.0;3;2;11;19;7;5;31;18;2.0;3.0;3.0;2.0;17;10
23790;FC Lviv;1;3309;FC Vorskla Poltava;1;2;1;1;28078336;51.0;49.0;11;7;6;2;5.0;5.0;8;3;10;14;7;11;21;13;4.0;1.0;1.0;5.0;14;6
3319;FC Mariupol;0;23790;FC Lviv;1;1;1;0;28078298;55.0;45.0;10;6;5;3;5.0;3.0;4;1;32;19;3;10;28;20;1.0;6.0;2.0;5.0;16;29
3310;FC Chernomorets Odessa;1;23790;FC Lviv;1;2;1;1;27759782;54.0;46.0;10;8;2;3;8.0;5.0;8;3;21;11;9;8;18;34;3.0;3.0;2.0;1.0;11;18
451399;FC Minaj;1;23790;FC Lviv;2;3;1;1;28175390;47.0;53.0;6;9;2;6;4.0;3.0;3;2;17;16;10;10;19;24;3.0;2.0;4.0;1.0;16;15
213180;Veres Rivne;1;23790;FC Lviv;0;1;1;0;27759704;46.0;54.0;9;6;3;1;6.0;5.0;4;5;16;17;6;10;29;30;2.0;4.0;1.0;2.0;15;14
23790;FC Lviv;0;373230;FC Metalist 1925 Kharkiv;0;0;0;0;27759724;45.0;55.0;7;5;6;1;1.0;4.0;5;6;14;14;11;7;26;22;4.0;2.0;1.0;6.0;12;12
3309;FC Vorskla Poltava;0;3310;FC Chernomorets Odessa;0;0;0;0;27759798;56.0;44.0;17;9;6;4;11.0;5.0;10;2;18;9;7;17;16;17;3.0;4.0;4.0;6.0;8;17
25479;FC Oleksandriya;1;3309;FC Vorskla Poltava;2;3;1;1;27759764;45.0;55.0;9;5;7;3;2.0;2.0;8;2;14;15;6;3;27;17;4.0;2.0;1.0;6.0;15;14
3309;FC Vorskla Poltava;3;211970;FC Ingulets Petrove;0;3;1;1;27759748;62.0;38.0;13;13;4;8;9.0;5.0;6;1;18;8;5;15;23;25;1.0;2.0;8.0;1.0;7;17
3309;FC Vorskla Poltava;2;451399;FC Minaj;0;2;1;1;28175388;59.0;41.0;7;4;3;2;4.0;2.0;4;5;11;21;3;7;17;14;1.0;3.0;2.0;1.0;20;10
3309;FC Vorskla Poltava;2;25480;FC Desna Chernihiv;2;4;1;1;27759702;55.0;45.0;10;11;4;8;6.0;3.0;8;8;15;11;3;8;18;22;2.0;5.0;6.0;2.0;11;14
25480;FC Desna Chernihiv;1;25479;FC Oleksandriya;1;2;1;1;27759780;48.0;52.0;9;8;5;3;4.0;5.0;3;4;22;16;15;7;11;19;2.0;4.0;2.0;4.0;15;20
213180;Veres Rivne;0;25479;FC Oleksandriya;0;0;0;0;27759752;45.0;55.0;4;8;1;2;3.0;6.0;3;6;18;19;13;6;29;32;1.0;5.0;2.0;1.0;19;14
3310;FC Chernomorets Odessa;2;25479;FC Oleksandriya;2;4;1;1;27759690;52.0;48.0;10;11;5;6;5.0;5.0;5;5;17;14;8;5;18;25;3.0;1.0;4.0;3.0;14;16
25479;FC Oleksandriya;2;3319;FC Mariupol;1;3;1;1;27759738;56.0;44.0;21;9;15;5;6.0;4.0;6;3;12;15;5;10;16;25;2.0;3.0;4.0;13.0;14;11
211970;FC Ingulets Petrove;2;25480;FC Desna Chernihiv;1;3;1;1;28078334;55.0;45.0;7;9;2;3;5.0;6.0;1;2;9;19;15;7;17;19;2.0;3.0;2.0;0.0;19;9
3310;FC Chernomorets Odessa;0;25480;FC Desna Chernihiv;1;1;1;0;28078300;45.0;55.0;7;10;4;9;3.0;1.0;7;9;11;15;3;13;25;17;5.0;1.0;8.0;4.0;13;9
451399;FC Minaj;0;25480;FC Desna Chernihiv;0;0;0;0;28175394;58.0;42.0;12;9;2;3;10.0;6.0;7;2;20;12;8;11;17;20;3.0;4.0;3.0;2.0;11;19
25480;FC Desna Chernihiv;1;373230;FC Metalist 1925 Kharkiv;2;3;1;1;27759734;58.0;42.0;10;8;2;3;8.0;5.0;4;3;17;11;9;12;23;17;1.0;3.0;1.0;1.0;11;16
25480;FC Desna Chernihiv;1;277645;FC Rukh Lviv;0;1;1;0;27759720;66.0;34.0;4;4;2;1;2.0;3.0;7;2;21;10;4;8;16;15;3.0;5.0;1.0;1.0;10;15
25480;FC Desna Chernihiv;0;213180;Veres Rivne;4;4;1;1;27759684;46.0;54.0;7;7;1;4;6.0;3.0;4;2;10;12;6;13;12;11;3.0;3.0;0.0;1.0;9;8
3310;FC Chernomorets Odessa;2;373230;FC Metalist 1925 Kharkiv;1;3;1;1;28078328;55.0;45.0;10;13;5;3;5.0;10.0;5;10;13;9;13;7;17;14;0.0;4.0;1.0;0.0;6;12
3310;FC Chernomorets Odessa;4;277645;FC Rukh Lviv;3;7;1;1;27759818;55.0;45.0;8;15;5;9;3.0;6.0;1;3;10;10;6;6;11;22;2.0;3.0;6.0;1.0;10;9
451399;FC Minaj;2;3310;FC Chernomorets Odessa;2;4;1;1;28175386;56.0;44.0;5;13;3;6;2.0;7.0;1;5;26;10;10;3;18;18;1.0;1.0;4.0;1.0;8;19
3319;FC Mariupol;2;3310;FC Chernomorets Odessa;3;5;1;1;27759660;54.0;46.0;7;10;3;4;4.0;6.0;2;7;14;18;12;8;23;22;4.0;3.0;1.0;1.0;16;13
277645;FC Rukh Lviv;2;373230;FC Metalist 1925 Kharkiv;0;2;1;1;28078296;57.0;43.0;11;4;4;1;7.0;3.0;9;3;13;15;5;9;25;18;1.0;1.0;1.0;2.0;13;12
3319;FC Mariupol;0;277645;FC Rukh Lviv;2;2;1;1;27759754;46.0;54.0;3;10;1;4;2.0;6.0;1;2;19;23;9;9;15;14;6.0;2.0;2.0;1.0;21;19
350824;SC Dnipro-1;2;277645;FC Rukh Lviv;0;2;1;1;27759672;54.0;46.0;18;5;10;1;8.0;4.0;9;2;15;13;4;11;17;27;3.0;3.0;1.0;8.0;13;13
277645;FC Rukh Lviv;1;5987;FC Zorya Lugansk;1;2;1;1;27759698;36.0;64.0;7;18;5;8;2.0;10.0;0;6;16;21;13;2;19;20;4.0;3.0;7.0;4.0;19;15
211970;FC Ingulets Petrove;0;213180;Veres Rivne;0;0;0;0;27759804;48.0;52.0;5;4;2;2;3.0;2.0;5;7;18;19;7;5;25;28;1.0;1.0;2.0;2.0;16;16
373230;FC Metalist 1925 Kharkiv;4;211970;FC Ingulets Petrove;0;4;1;1;27759788;56.0;44.0;8;4;5;2;3.0;2.0;3;0;14;13;12;6;7;10;0.0;1.0;2.0;1.0;10;12
3310;FC Chernomorets Odessa;1;211970;FC Ingulets Petrove;1;2;1;1;27759740;45.0;55.0;11;11;7;4;4.0;7.0;6;4;15;20;11;9;16;25;3.0;2.0;3.0;6.0;20;13
25479;FC Oleksandriya;1;211970;FC Ingulets Petrove;0;1;1;0;27759706;52.0;48.0;12;4;4;1;8.0;3.0;4;3;18;15;5;14;17;16;2.0;3.0;1.0;3.0;13;18
211970;FC Ingulets Petrove;3;3319;FC Mariupol;0;3;1;1;27759692;49.0;51.0;11;6;6;1;5.0;5.0;4;7;12;14;10;11;16;19;1.0;5.0;1.0;3.0;13;12
213180;Veres Rivne;2;3319;FC Mariupol;0;2;1;1;27759786;45.0;55.0;8;6;7;1;1.0;5.0;1;4;19;19;12;6;23;19;2.0;1.0;1.0;4.0;18;17
213176;Kolos Kovalivka;1;3319;FC Mariupol;3;4;1;1;27759700;57.0;43.0;14;9;7;4;7.0;5.0;10;0;16;26;5;12;45;14;6.0;4.0;1.0;6.0;24;15
3319;FC Mariupol;1;373230;FC Metalist 1925 Kharkiv;2;3;1;1;27759770;44.0;56.0;8;9;4;5;4.0;4.0;5;3;14;14;10;5;17;18;1.0;4.0;3.0;3.0;13;14
373230;FC Metalist 1925 Kharkiv;1;451399;FC Minaj;0;1;1;0;28175392;53.0;47.0;5;6;4;3;1.0;3.0;5;3;12;11;4;2;17;22;5.0;3.0;3.0;3.0;11;11
373230;FC Metalist 1925 Kharkiv;0;3305;FC Dynamo Kiev;2;2;1;1;27759694;37.0;63.0;4;21;1;8;3.0;13.0;1;7;12;10;17;6;13;14;3.0;2.0;6.0;1.0;10;9
81305;Al Dhafra SSC;1;34060;Sharjah FC;4;5;1;1;30279097;39.0;61.0;2;13;1;9;1.0;4.0;2;5;20;11;6;3;11;18;3.0;0.0;5.0;0.0;11;17
55705;Al-Ittihad Kalba;1;58687;Ajman Club;0;1;1;0;31494471;52.0;48.0;11;7;5;1;6.0;6.0;5;4;10;23;7;10;19;27;2.0;1.0;1.0;4.0;20;9
47466;Emirates Club;1;290574;Al Urooba UAE;0;1;1;0;30278819;51.0;49.0;2;7;2;2;0.0;5.0;3;7;13;14;9;3;14;21;3.0;1.0;2.0;1.0;12;12
47674;Al-Wasl FC;1;46332;Al-Nasr Dubai CSC;0;1;1;0;31494473;65.0;35.0;11;3;5;1;6.0;2.0;3;7;17;15;7;8;25;28;2.0;3.0;1.0;4.0;12;17
290574;Al Urooba UAE;3;81305;Al Dhafra SSC;0;3;1;1;30279135;46.0;54.0;9;12;7;5;2.0;7.0;3;6;16;14;10;4;18;14;0.0;3.0;5.0;4.0;9;13
3230;Club Nacional de Football;3;3235;Plaza Colonia;1;4;1;1;34536749;56.0;44.0;11;1;8;1;3.0;0.0;6;2;9;10;4;9;19;13;3.0;3.0;0.0;5.0;8;9
3230;Club Nacional de Football;3;3237;CA River Plate (URU);0;3;1;1;34033951;;;10;3;5;1;5.0;2.0;7;2;12;8;4;10;10;16;3.0;4.0;1.0;2.0;7;11
3229;Defensor Sporting;0;3230;Club Nacional de Football;1;1;1;0;34032839;50.0;50.0;12;11;4;7;8.0;4.0;7;7;14;11;7;11;24;25;1.0;2.0;6.0;4.0;10;9
3229;Defensor Sporting;0;3230;Club Nacional de Football;2;2;1;1;33423421;65.0;35.0;21;8;12;3;9.0;5.0;15;4;12;9;8;13;24;21;3.0;4.0;0.0;12.0;8;12
174970;CA Boston River;2;3229;Defensor Sporting;3;5;1;1;34536753;55.0;45.0;13;13;4;6;9.0;7.0;3;6;17;12;10;14;23;17;5.0;4.0;3.0;2.0;7;17
174970;CA Boston River;2;3228;Danubio FC;0;2;1;1;34033953;48.0;52.0;7;15;3;7;4.0;8.0;1;6;6;13;16;5;18;29;2.0;2.0;7.0;1.0;11;6
3235;Plaza Colonia;0;174970;CA Boston River;0;0;0;0;34032841;48.0;52.0;6;10;2;6;4.0;4.0;4;2;12;16;10;7;20;23;4.0;4.0;6.0;2.0;15;10
3227;CA Penarol Montevideo;1;174970;CA Boston River;0;1;1;0;33308603;;;8;3;3;1;5.0;2.0;7;3;13;13;2;7;23;21;2.0;2.0;1.0;2.0;11;13
35189;CA Rentistas;0;174970;CA Boston River;1;1;1;0;33406439;40.0;60.0;2;6;0;4;2.0;2.0;3;8;13;12;8;9;25;32;3.0;3.0;3.0;0.0;12;9
174970;CA Boston River;2;6879;Liverpool Montevideo;3;5;1;1;33423417;55.0;45.0;11;8;8;5;3.0;3.0;8;4;17;15;6;6;31;24;1.0;3.0;2.0;6.0;13;17
6879;Liverpool Montevideo;1;3223;Atletico Fenix Montevideo;0;1;1;0;33308635;49.0;51.0;7;8;2;3;5.0;5.0;4;2;18;17;10;10;18;23;6.0;5.0;3.0;1.0;17;18
25009;Cerro Largo FC;1;6879;Liverpool Montevideo;2;3;1;1;33308625;52.0;48.0;9;8;3;4;6.0;4.0;4;4;17;11;15;13;32;31;3.0;1.0;2.0;2.0;9;15
6879;Liverpool Montevideo;2;3237;CA River Plate (URU);1;3;1;1;33308609;44.0;56.0;10;4;5;1;5.0;3.0;2;7;12;17;10;8;23;27;4.0;4.0;0.0;3.0;17;11
6879;Liverpool Montevideo;1;3235;Plaza Colonia;0;1;1;0;33406449;51.0;49.0;8;11;4;8;4.0;3.0;6;4;19;23;7;12;22;11;3.0;4.0;8.0;3.0;19;19
6879;Liverpool Montevideo;2;174972;Montevideo City Torque;0;2;1;1;33142185;;;9;16;5;5;2.0;11.0;5;10;12;13;17;7;18;21;4.0;3.0;5.0;4.0;13;10
417775;Albion FC;1;174972;Montevideo City Torque;0;1;1;0;34536739;37.0;63.0;8;9;4;5;4.0;4.0;5;16;11;11;8;6;14;38;4.0;3.0;5.0;3.0;11;9
417775;Albion FC;1;3240;Montevideo Wanderers;1;2;1;1;34033801;44.0;56.0;8;7;6;5;2.0;2.0;8;5;20;17;6;4;20;32;3.0;5.0;4.0;5.0;15;18
417775;Albion FC;1;3228;Danubio FC;2;3;1;1;33308629;45.0;55.0;6;7;3;5;3.0;2.0;2;6;25;18;5;7;22;31;3.0;2.0;3.0;2.0;15;23
3223;Atletico Fenix Montevideo;2;417775;Albion FC;1;3;1;1;33285825;40.0;60.0;7;9;5;2;2.0;7.0;2;7;22;19;13;6;25;22;4.0;3.0;1.0;3.0;16;19
3229;Defensor Sporting;1;25009;Cerro Largo FC;0;1;1;0;34033963;51.0;49.0;8;11;2;6;6.0;5.0;12;7;14;15;6;13;20;19;5.0;4.0;6.0;1.0;15;13
25009;Cerro Largo FC;1;3235;Plaza Colonia;0;1;1;0;34033947;54.0;46.0;13;4;5;2;8.0;2.0;14;2;11;11;4;16;23;18;2.0;2.0;2.0;4.0;10;10
3228;Danubio FC;1;25009;Cerro Largo FC;1;2;1;1;34032837;58.0;42.0;8;6;3;2;5.0;4.0;11;4;12;7;8;16;29;27;2.0;1.0;0.0;1.0;5;11
3227;CA Penarol Montevideo;0;25009;Cerro Largo FC;1;1;1;0;33308641;54.0;46.0;7;10;2;5;5.0;5.0;7;4;5;11;10;13;28;19;2.0;2.0;4.0;2.0;11;3
3228;Danubio FC;2;25009;Cerro Largo FC;0;2;1;1;33406451;61.0;39.0;7;7;3;2;4.0;5.0;2;4;13;18;17;9;20;23;1.0;3.0;2.0;1.0;16;12
25009;Cerro Largo FC;1;3234;Deportivo Maldonado;0;1;1;0;33423419;49.0;51.0;2;6;2;2;0.0;4.0;3;1;18;18;10;5;21;32;2.0;4.0;2.0;1.0;18;17
35189;CA Rentistas;1;3229;Defensor Sporting;0;1;1;0;33308643;48.0;52.0;6;10;2;5;4.0;5.0;2;10;18;8;11;7;19;25;5.0;2.0;5.0;1.0;8;15
3229;Defensor Sporting;1;3234;Deportivo Maldonado;1;2;1;1;33308623;58.0;42.0;9;8;3;4;6.0;4.0;4;6;17;17;4;12;21;28;4.0;4.0;3.0;2.0;16;15
3229;Defensor Sporting;0;6877;CS Cerrito;0;0;0;0;33285831;56.0;44.0;13;3;4;1;9.0;2.0;6;1;10;23;5;14;22;26;3.0;2.0;1.0;4.0;20;10
3229;Defensor Sporting;2;3223;Atletico Fenix Montevideo;1;3;1;1;33142159;43.0;57.0;8;10;4;4;4.0;6.0;0;4;7;21;6;5;25;17;2.0;2.0;4.0;2.0;19;7
3240;Montevideo Wanderers;1;174972;Montevideo City Torque;0;1;1;0;34033821;52.0;48.0;4;10;1;3;3.0;7.0;7;2;16;17;9;6;20;19;5.0;5.0;3.0;0.0;16;15
3227;CA Penarol Montevideo;1;3240;Montevideo Wanderers;0;1;1;0;33406437;58.0;42.0;7;7;2;5;5.0;2.0;4;1;16;16;3;8;17;18;4.0;3.0;5.0;1.0;13;15
3240;Montevideo Wanderers;1;174972;Montevideo City Torque;1;2;1;1;33423429;;;11;9;6;3;5.0;6.0;10;1;17;14;9;16;18;20;4.0;5.0;2.0;5.0;13;14
174972;Montevideo City Torque;1;3235;Plaza Colonia;1;2;1;1;33308613;52.0;48.0;8;9;5;5;3.0;4.0;13;4;14;11;7;12;23;12;3.0;3.0;4.0;4.0;10;13
3235;Plaza Colonia;0;3227;CA Penarol Montevideo;1;1;1;0;33423425;40.0;60.0;4;4;1;1;3.0;3.0;4;3;12;18;7;6;33;29;3.0;3.0;0.0;1.0;15;11
3235;Plaza Colonia;1;3228;Danubio FC;1;2;1;1;33032743;57.0;43.0;12;7;8;3;4.0;4.0;4;4;19;15;12;11;30;36;2.0;2.0;2.0;7.0;13;18
3237;CA River Plate (URU);3;6877;CS Cerrito;0;3;1;1;34032835;49.0;51.0;9;12;5;4;4.0;8.0;4;10;5;14;11;8;17;20;2.0;3.0;4.0;2.0;13;5
3237;CA River Plate (URU);0;3227;CA Penarol Montevideo;0;0;0;0;33308617;46.0;54.0;4;11;3;4;1.0;7.0;3;9;16;10;10;4;24;23;4.0;3.0;5.0;3.0;9;14
3234;Deportivo Maldonado;2;3237;CA River Plate (URU);1;3;1;1;33406443;47.0;53.0;12;15;4;6;8.0;9.0;9;10;9;14;13;13;20;20;2.0;1.0;5.0;2.0;12;9
3227;CA Penarol Montevideo;1;174972;Montevideo City Torque;2;3;1;1;34032831;51.0;49.0;6;9;1;4;5.0;5.0;3;3;13;21;6;6;27;18;1.0;3.0;2.0;0.0;20;12
6877;CS Cerrito;2;174972;Montevideo City Torque;2;4;1;1;33406455;53.0;47.0;5;14;3;7;2.0;7.0;4;5;15;15;13;4;22;29;4.0;2.0;5.0;1.0;14;12
3223;Atletico Fenix Montevideo;0;3228;Danubio FC;0;0;0;0;33423423;52.0;48.0;4;4;2;2;2.0;2.0;6;2;10;16;7;8;30;28;3.0;2.0;2.0;2.0;13;9
3227;CA Penarol Montevideo;0;3223;Atletico Fenix Montevideo;0;0;0;0;34536745;57.0;43.0;10;5;4;2;6.0;3.0;8;3;15;18;5;12;30;27;5.0;3.0;2.0;4.0;13;15
3223;Atletico Fenix Montevideo;0;3234;Deportivo Maldonado;0;0;0;0;34033829;44.0;56.0;4;13;2;5;2.0;8.0;3;11;15;17;10;7;15;20;3.0;5.0;5.0;2.0;17;14
3223;Atletico Fenix Montevideo;2;35189;CA Rentistas;1;3;1;1;33308621;58.0;42.0;9;3;4;1;5.0;2.0;4;3;19;7;6;9;38;35;2.0;3.0;0.0;2.0;6;18
3234;Deportivo Maldonado;0;3223;Atletico Fenix Montevideo;1;1;1;0;33308607;55.0;45.0;7;8;1;4;6.0;4.0;8;3;17;11;8;7;26;15;3.0;4.0;3.0;1.0;10;16
3223;Atletico Fenix Montevideo;2;6877;CS Cerrito;0;2;1;1;33032749;56.0;44.0;9;3;4;1;5.0;2.0;3;6;12;22;14;8;19;28;2.0;4.0;1.0;3.0;20;11
3234;Deportivo Maldonado;1;3227;CA Penarol Montevideo;3;4;1;1;34033811;45.0;55.0;7;8;3;6;4.0;2.0;2;5;13;13;9;8;15;42;4.0;4.0;3.0;3.0;13;13
6877;CS Cerrito;0;3227;CA Penarol Montevideo;0;0;0;0;33142179;27.0;73.0;5;9;1;6;4.0;3.0;0;9;15;11;7;10;13;29;2.0;2.0;6.0;1.0;11;14
35189;CA Rentistas;1;3234;Deportivo Maldonado;1;2;1;1;34032827;48.0;52.0;7;12;3;3;4.0;9.0;1;2;10;17;15;6;28;22;1.0;5.0;2.0;2.0;17;9
2046;FC Salzburg;1;43254;SK Austria Klagenfurt;1;2;1;1;32514661;68.0;32.0;14;5;9;2;5.0;3.0;13;3;10;8;5;11;21;20;1.0;1.0;1.0;8.0;8;9
2051;SK Sturm Graz;2;2046;FC Salzburg;1;3;1;1;32514519;52.0;48.0;6;8;4;4;2.0;4.0;3;5;18;6;7;7;34;31;1.0;2.0;3.0;2.0;5;15
2046;FC Salzburg;5;2203;FK Austria Wien;0;5;1;1;32514187;;;19;2;13;1;6.0;1.0;3;0;9;8;4;13;17;13;1.0;2.0;1.0;8.0;7;9
2203;FK Austria Wien;1;2046;FC Salzburg;2;3;1;1;32514145;43.0;57.0;4;8;3;3;1.0;5.0;4;8;12;9;8;5;28;28;1.0;1.0;1.0;2.0;8;12
2076;Wolfsberger AC;1;2046;FC Salzburg;4;5;1;1;32513813;48.0;52.0;4;13;2;9;2.0;4.0;3;3;19;9;8;6;32;36;0.0;1.0;5.0;1.0;9;14
2046;FC Salzburg;2;2055;SK Rapid Wien;1;3;1;1;32514059;51.0;49.0;14;5;7;3;7.0;2.0;8;2;19;19;3;10;33;14;5.0;2.0;2.0;5.0;17;17
2046;FC Salzburg;1;2051;SK Sturm Graz;0;1;1;0;32513789;64.0;36.0;10;6;5;3;5.0;3.0;6;7;12;15;8;11;33;28;0.0;1.0;3.0;4.0;12;11
2046;FC Salzburg;4;4856;SCR Altach;0;4;1;1;27847420;60.0;40.0;7;2;4;1;3.0;1.0;4;0;7;19;2;7;10;10;0.0;2.0;1.0;0.0;13;6
5405;WSG Tirol;4;2075;TSV Hartberg;2;6;1;1;32514813;34.0;66.0;9;11;4;4;5.0;7.0;5;5;6;9;16;11;21;22;3.0;0.0;2.0;2.0;6;6
2050;FC Admira Wacker Modling;1;5405;WSG Tirol;1;2;1;1;32514807;57.0;43.0;14;14;5;9;9.0;5.0;6;2;17;18;10;17;26;21;2.0;3.0;8.0;4.0;11;14
5405;WSG Tirol;4;2058;LASK;0;4;1;1;32514801;36.0;64.0;11;16;7;6;4.0;10.0;6;8;12;12;12;4;24;36;1.0;2.0;6.0;3.0;11;9
2049;SV Ried;2;5405;WSG Tirol;3;5;1;1;32514133;60.0;40.0;13;6;8;4;5.0;2.0;6;5;12;10;3;5;40;26;1.0;6.0;1.0;6.0;9;12
2075;TSV Hartberg;0;5405;WSG Tirol;1;1;1;0;32514049;56.0;44.0;8;8;2;4;6.0;4.0;4;4;20;16;8;8;25;22;4.0;3.0;3.0;2.0;13;19
2075;TSV Hartberg;0;5405;WSG Tirol;1;1;1;0;27847422;55.0;45.0;9;3;5;1;4.0;2.0;9;3;17;15;5;8;37;14;1.0;3.0;0.0;5.0;15;14
5405;WSG Tirol;0;4856;SCR Altach;3;3;1;1;32514113;57.0;43.0;6;6;2;3;4.0;3.0;9;4;12;13;4;13;25;24;3.0;2.0;0.0;2.0;11;10
5405;WSG Tirol;0;2050;FC Admira Wacker Modling;0;0;0;0;32513801;57.0;43.0;7;3;3;0;4.0;3.0;4;0;20;22;7;7;34;23;2.0;1.0;0.0;4.0;21;17
5405;WSG Tirol;0;2055;SK Rapid Wien;2;2;1;1;27847406;53.0;47.0;6;10;2;6;4.0;4.0;5;5;17;19;7;7;31;24;2.0;1.0;4.0;2.0;17;15
2076;Wolfsberger AC;2;2055;SK Rapid Wien;1;3;1;1;32514665;43.0;57.0;7;9;4;3;3.0;6.0;6;8;16;10;7;13;29;30;3.0;2.0;2.0;2.0;9;14
2076;Wolfsberger AC;1;43254;SK Austria Klagenfurt;2;3;1;1;32514147;67.0;33.0;10;9;5;4;5.0;5.0;4;5;19;8;7;15;22;22;2.0;3.0;2.0;4.0;7;18
2203;FK Austria Wien;1;2076;Wolfsberger AC;0;1;1;0;27847404;44.0;56.0;7;6;6;2;1.0;3.0;1;3;14;19;7;6;26;29;4.0;1.0;2.0;4.0;16;13
2076;Wolfsberger AC;1;2058;LASK;0;1;1;0;27847414;44.0;56.0;6;15;2;7;4.0;8.0;3;9;18;10;16;4;27;37;2.0;1.0;6.0;1.0;7;15
43254;SK Austria Klagenfurt;1;2051;SK Sturm Graz;2;3;1;1;32514531;;;3;14;1;6;2.0;8.0;2;7;21;9;14;4;17;18;1.0;2.0;3.0;0.0;7;17
2051;SK Sturm Graz;2;2055;SK Rapid Wien;1;3;1;1;32514143;52.0;48.0;8;4;5;2;3.0;2.0;7;6;6;24;5;6;26;35;3.0;2.0;1.0;3.0;22;5
2051;SK Sturm Graz;1;2203;FK Austria Wien;0;1;1;0;32514127;56.0;44.0;12;3;4;2;8.0;1.0;7;1;17;12;3;12;37;34;0.0;4.0;2.0;3.0;10;17
2051;SK Sturm Graz;3;43254;SK Austria Klagenfurt;1;4;1;1;32513873;52.0;48.0;13;4;7;1;6.0;3.0;5;7;13;11;9;12;24;15;1.0;4.0;1.0;4.0;9;10
2051;SK Sturm Graz;3;2075;TSV Hartberg;0;3;1;1;27847408;54.0;46.0;9;1;6;1;3.0;0.0;7;5;14;15;3;9;31;29;2.0;2.0;1.0;3.0;13;13
2058;LASK;3;2050;FC Admira Wacker Modling;1;4;1;1;32514815;57.0;43.0;12;6;8;2;4.0;4.0;7;5;19;17;5;11;25;29;2.0;4.0;1.0;5.0;15;13
4856;SCR Altach;0;2058;LASK;0;0;0;0;32514139;37.0;63.0;5;10;3;5;2.0;5.0;4;10;16;16;13;4;26;30;5.0;4.0;5.0;3.0;14;15
2050;FC Admira Wacker Modling;1;2058;LASK;1;2;1;1;32514079;40.0;60.0;8;9;5;5;3.0;4.0;3;9;18;25;7;6;23;43;1.0;1.0;4.0;4.0;19;18
2075;TSV Hartberg;0;2058;LASK;0;0;0;0;32513803;42.0;58.0;1;13;0;5;1.0;8.0;9;9;14;12;12;1;28;29;1.0;3.0;5.0;0.0;10;13
2058;LASK;0;2049;SV Ried;2;2;1;1;32514043;;;7;2;2;2;5.0;0.0;8;3;14;18;1;7;31;26;1.0;2.0;1.0;2.0;17;9
2075;TSV Hartberg;1;2049;SV Ried;1;2;1;1;32514819;36.0;64.0;10;7;6;2;4.0;5.0;7;3;8;12;7;11;28;21;1.0;0.0;1.0;5.0;10;7
2075;TSV Hartberg;1;2050;FC Admira Wacker Modling;2;3;1;1;32514141;61.0;39.0;9;4;8;2;1.0;2.0;7;3;17;15;9;6;25;27;5.0;4.0;0.0;7.0;15;15
2050;FC Admira Wacker Modling;0;4856;SCR Altach;3;3;1;1;32514811;43.0;57.0;8;8;3;4;5.0;4.0;10;5;27;7;6;13;43;28;1.0;6.0;1.0;4.0;7;26
4856;SCR Altach;1;2049;SV Ried;1;2;1;1;32514805;60.0;40.0;8;7;5;4;3.0;3.0;10;1;10;26;5;8;17;22;2.0;0.0;4.0;4.0;21;8
2049;SV Ried;1;4856;SCR Altach;2;3;1;1;32513795;60.0;40.0;7;6;4;4;3.0;2.0;2;7;17;16;7;6;17;24;3.0;2.0;2.0;3.0;16;15
4856;SCR Altach;2;2050;FC Admira Wacker Modling;2;4;1;1;32514045;47.0;53.0;8;6;2;5;6.0;1.0;2;6;18;20;6;8;35;28;3.0;5.0;4.0;0.0;18;14
4856;SCR Altach;0;2050;FC Admira Wacker Modling;2;2;1;1;27847410;45.0;55.0;10;9;4;6;6.0;3.0;4;4;22;26;5;6;38;20;2.0;2.0;4.0;4.0;23;18
43254;SK Austria Klagenfurt;1;2203;FK Austria Wien;2;3;1;1;32514657;45.0;55.0;12;7;6;3;6.0;4.0;7;3;17;13;8;8;17;13;3.0;1.0;1.0;5.0;12;12
2055;SK Rapid Wien;1;2203;FK Austria Wien;1;2;1;1;32513983;46.0;54.0;4;11;2;5;2.0;6.0;7;5;16;17;10;3;31;18;3.0;5.0;3.0;1.0;16;12
2203;FK Austria Wien;1;43254;SK Austria Klagenfurt;1;2;1;1;32514055;65.0;35.0;10;4;7;2;3.0;2.0;13;3;19;7;4;11;22;19;1.0;1.0;1.0;6.0;6;18
2055;SK Rapid Wien;3;43254;SK Austria Klagenfurt;0;3;1;1;27847418;56.0;44.0;14;6;7;4;7.0;2.0;7;5;11;17;5;9;20;26;2.0;1.0;4.0;4.0;13;10
2049;SV Ried;1;2050;FC Admira Wacker Modling;1;2;1;1;32514797;45.0;55.0;5;8;3;2;2.0;6.0;4;8;22;15;11;8;30;26;1.0;3.0;1.0;2.0;14;19
2050;FC Admira Wacker Modling;2;2049;SV Ried;0;2;1;1;32513767;56.0;44.0;10;2;5;1;5.0;1.0;11;3;20;10;6;10;21;23;0.0;2.0;1.0;3.0;9;18
4860;Union Saint-Gilloise;0;2895;St. Truidense VV;1;1;1;0;27649638;71.0;29.0;9;10;2;5;7.0;5.0;5;4;13;16;12;13;30;22;5.0;2.0;4.0;2.0;16;12
4858;KV Kortrijk;1;2895;St. Truidense VV;3;4;1;1;27649622;76.0;24.0;8;9;2;4;6.0;5.0;6;2;19;19;4;10;39;22;3.0;4.0;1.0;1.0;16;19
2895;St. Truidense VV;3;34985;RFC Seraing;1;4;1;1;27649568;57.0;43.0;8;6;6;1;2.0;5.0;6;1;8;14;7;8;30;22;2.0;2.0;0.0;3.0;14;5
2888;Club Brugge;1;2900;RSC Anderlecht;1;2;1;1;33159973;48.0;52.0;9;9;4;6;5.0;3.0;5;2;20;7;7;9;22;18;2.0;2.0;6.0;3.0;5;16
2889;Royal Antwerp FC;1;2888;Club Brugge;3;4;1;1;33159969;40.0;60.0;9;6;4;3;5.0;3.0;4;6;8;16;5;14;27;19;4.0;3.0;0.0;3.0;15;7
4860;Union Saint-Gilloise;0;2888;Club Brugge;2;2;1;1;33159945;53.0;47.0;10;8;5;5;5.0;3.0;7;5;12;16;7;10;35;25;4.0;4.0;3.0;5.0;9;11
2900;RSC Anderlecht;0;2888;Club Brugge;0;0;0;0;33159943;44.0;56.0;9;5;3;1;6.0;4.0;5;3;15;25;9;9;22;22;2.0;2.0;1.0;3.0;22;12
169260;K Beerschot VA;1;2888;Club Brugge;3;4;1;1;27649752;33.0;67.0;3;16;1;9;2.0;7.0;2;5;10;12;12;3;26;15;1.0;0.0;6.0;0.0;9;7
2888;Club Brugge;4;2889;Royal Antwerp FC;1;5;1;1;27649666;51.0;49.0;10;3;9;1;1.0;2.0;7;3;14;18;7;2;33;23;3.0;2.0;0.0;5.0;17;11
169260;K Beerschot VA;0;2903;KAA Gent;2;2;1;1;27649716;34.0;66.0;7;11;2;6;5.0;5.0;6;2;15;16;9;6;23;28;4.0;2.0;4.0;2.0;14;14
2903;KAA Gent;2;2933;SV Zulte Waregem;1;3;1;1;27649686;67.0;33.0;20;9;8;5;12.0;4.0;10;0;10;7;4;14;22;16;0.0;3.0;4.0;6.0;5;9
2900;RSC Anderlecht;2;2889;Royal Antwerp FC;1;3;1;1;33159963;67.0;33.0;9;4;3;1;6.0;3.0;9;2;15;15;6;9;24;24;2.0;1.0;0.0;1.0;12;11
2889;Royal Antwerp FC;0;2900;RSC Anderlecht;4;4;1;1;33159959;52.0;48.0;9;7;5;5;4.0;2.0;4;4;19;11;6;7;22;12;2.0;2.0;1.0;5.0;10;16
4860;Union Saint-Gilloise;3;2900;RSC Anderlecht;1;4;1;1;33159939;31.0;69.0;11;6;5;4;6.0;2.0;3;3;16;15;6;9;29;30;2.0;3.0;3.0;2.0;14;16
4858;KV Kortrijk;2;2900;RSC Anderlecht;3;5;1;1;27649762;42.0;58.0;11;12;5;9;6.0;3.0;7;3;9;10;8;12;28;32;1.0;1.0;6.0;3.0;10;6
2900;RSC Anderlecht;4;2898;Royal Charleroi SC;0;4;1;1;27649738;52.0;48.0;17;0;10;0;7.0;0.0;5;2;15;10;1;13;15;8;1.0;2.0;0.0;6.0;8;14
2900;RSC Anderlecht;2;2889;Royal Antwerp FC;1;3;1;1;27649702;53.0;47.0;12;8;9;5;3.0;3.0;6;3;13;14;9;6;17;17;3.0;4.0;4.0;7.0;12;13
2900;RSC Anderlecht;3;4494;KV Oostende;0;3;1;1;27649684;63.0;37.0;10;6;7;1;3.0;5.0;2;5;10;14;8;6;29;25;1.0;2.0;1.0;4.0;8;10
4860;Union Saint-Gilloise;0;2889;Royal Antwerp FC;1;1;1;0;33159975;56.0;44.0;10;10;5;6;5.0;4.0;5;5;5;16;10;6;18;31;3.0;1.0;4.0;5.0;15;5
2889;Royal Antwerp FC;0;4860;Union Saint-Gilloise;0;0;0;0;33159941;47.0;53.0;9;11;5;3;4.0;8.0;10;2;18;20;13;7;30;25;4.0;3.0;3.0;5.0;20;16
2901;Standard Liege;1;4860;Union Saint-Gilloise;3;4;1;1;27649740;44.0;56.0;5;9;1;4;4.0;5.0;4;7;18;18;10;3;15;27;4.0;2.0;1.0;0.0;18;12
2918;Oud-Heverlee Leuven;1;4860;Union Saint-Gilloise;4;5;1;1;27649708;44.0;56.0;8;13;2;8;6.0;5.0;5;7;10;12;10;6;20;13;2.0;0.0;4.0;1.0;11;10
4860;Union Saint-Gilloise;1;4494;KV Oostende;1;2;1;1;27649730;66.0;34.0;15;2;9;2;6.0;0.0;9;1;15;21;4;13;32;24;1.0;5.0;1.0;8.0;17;12
4860;Union Saint-Gilloise;0;2926;KAS Eupen;0;0;0;0;27649674;56.0;44.0;9;1;4;0;5.0;1.0;9;3;12;18;3;12;35;21;0.0;4.0;0.0;4.0;16;11
5044;Yellow-Red KV Mechelen;2;2898;Royal Charleroi SC;2;4;1;1;27649714;53.0;47.0;7;10;3;4;4.0;6.0;4;3;10;14;9;8;24;37;2.0;4.0;2.0;1.0;11;7
169260;K Beerschot VA;2;2898;Royal Charleroi SC;3;5;1;1;27649680;52.0;48.0;6;13;4;7;2.0;6.0;4;3;9;12;9;9;30;27;1.0;2.0;5.0;2.0;10;8
2898;Royal Charleroi SC;3;2933;SV Zulte Waregem;0;3;1;1;27649770;55.0;45.0;12;6;8;4;4.0;2.0;7;3;11;11;4;9;24;22;0.0;2.0;3.0;6.0;9;11
2929;Cercle Brugge;2;4858;KV Kortrijk;0;2;1;1;27649710;49.0;51.0;12;2;5;0;7.0;2.0;6;5;10;20;6;16;30;30;1.0;2.0;0.0;3.0;18;10
2918;Oud-Heverlee Leuven;3;2929;Cercle Brugge;2;5;1;1;27649634;60.0;40.0;6;10;4;4;2.0;6.0;5;5;16;12;10;3;38;30;2.0;4.0;4.0;2.0;12;15
4858;KV Kortrijk;0;2901;Standard Liege;1;1;1;0;27649726;51.0;49.0;9;6;1;3;8.0;3.0;2;6;20;20;10;8;32;25;0.0;3.0;2.0;1.0;16;20
2901;Standard Liege;1;5044;Yellow-Red KV Mechelen;2;3;1;1;27649608;47.0;53.0;12;8;8;5;4.0;3.0;6;5;16;14;6;5;28;22;1.0;4.0;3.0;7.0;11;16
5044;Yellow-Red KV Mechelen;3;4494;KV Oostende;0;3;1;1;27649642;60.0;40.0;10;4;4;1;6.0;3.0;7;3;14;5;6;13;25;33;0.0;1.0;1.0;1.0;1;13
2933;SV Zulte Waregem;0;4494;KV Oostende;0;0;0;0;31855925;59.0;41.0;6;9;6;2;0.0;7.0;6;8;15;13;14;4;31;34;0.0;1.0;2.0;6.0;10;14
4494;KV Oostende;1;2889;Royal Antwerp FC;2;3;1;1;27649574;35.0;65.0;9;11;6;4;3.0;7.0;5;8;11;11;11;6;18;39;1.0;2.0;2.0;5.0;8;7
2889;Royal Antwerp FC;1;2933;SV Zulte Waregem;0;1;1;0;27649724;65.0;35.0;12;2;7;2;5.0;0.0;6;0;4;10;3;14;14;21;1.0;2.0;2.0;6.0;6;4
2933;SV Zulte Waregem;1;34985;RFC Seraing;0;1;1;0;27649676;36.0;64.0;5;9;4;5;1.0;4.0;4;7;7;9;9;5;26;26;1.0;1.0;5.0;3.0;8;7
2890;KRC Genk;2;2933;SV Zulte Waregem;0;2;1;1;27649618;59.0;41.0;10;6;5;2;5.0;4.0;5;4;9;13;4;8;18;12;2.0;2.0;2.0;4.0;11;8
169260;K Beerschot VA;3;2933;SV Zulte Waregem;3;6;1;1;27649606;55.0;45.0;9;7;7;3;2.0;4.0;13;1;15;16;10;6;22;22;1.0;3.0;0.0;4.0;11;15
2933;SV Zulte Waregem;1;2918;Oud-Heverlee Leuven;1;2;1;1;27649588;44.0;56.0;8;6;5;3;3.0;3.0;6;2;13;6;7;9;24;17;2.0;2.0;2.0;4.0;6;10
2903;KAA Gent;4;34985;RFC Seraing;0;4;1;1;32249797;59.0;41.0;9;4;4;2;5.0;2.0;3;8;5;12;4;8;19;16;1.0;2.0;2.0;1.0;8;5
2926;KAS Eupen;3;2918;Oud-Heverlee Leuven;1;4;1;1;27649700;51.0;49.0;8;7;5;2;3.0;5.0;3;7;12;9;10;9;13;28;1.0;3.0;1.0;2.0;7;11
2900;RSC Anderlecht;4;2926;KAS Eupen;1;5;1;1;27649614;60.0;40.0;16;8;6;6;10.0;2.0;9;3;9;14;4;12;28;20;0.0;1.0;5.0;2.0;13;8
2918;Oud-Heverlee Leuven;0;2889;Royal Antwerp FC;1;1;1;0;27649744;51.0;49.0;11;6;4;3;7.0;3.0;6;3;12;12;8;9;18;26;1.0;3.0;2.0;4.0;12;11
2889;Royal Antwerp FC;2;169260;K Beerschot VA;1;3;1;1;27649688;64.0;36.0;9;4;6;2;3.0;2.0;7;3;13;12;3;8;22;30;2.0;6.0;1.0;4.0;12;13
169260;K Beerschot VA;2;4858;KV Kortrijk;1;3;1;1;27649644;45.0;55.0;9;8;3;4;6.0;4.0;3;7;12;20;9;9;22;21;2.0;3.0;3.0;1.0;17;10
2898;Royal Charleroi SC;1;4858;KV Kortrijk;1;2;1;1;27649590;55.0;45.0;15;6;10;2;5.0;4.0;6;2;13;14;6;15;18;24;2.0;3.0;1.0;9.0;14;12
2903;KAA Gent;2;4858;KV Kortrijk;2;4;1;1;27649546;65.0;35.0;18;11;8;8;10.0;3.0;6;6;19;11;3;13;11;18;1.0;5.0;6.0;6.0;9;19
169260;K Beerschot VA;3;2918;Oud-Heverlee Leuven;1;4;1;1;27649570;50.0;50.0;14;9;12;5;2.0;4.0;8;5;17;16;9;6;21;20;1.0;3.0;4.0;9.0;14;12
1963;SE Palmeiras SP;3;1957;SC Corinthians SP;0;3;1;1;31932205;45.0;55.0;17;5;8;1;9.0;4.0;12;3;13;16;8;10;21;26;1.0;2.0;1.0;4.0;13;13
1960;Goias EC GO;1;1963;SE Palmeiras SP;1;2;1;1;31932193;33.0;67.0;7;13;6;3;1.0;10.0;2;6;9;16;16;2;12;25;4.0;0.0;1.0;1.0;16;7
1981;Sao Paulo FC SP;4;1967;CA Paranaense PR;0;4;1;1;31932163;54.0;46.0;14;5;10;1;4.0;4.0;5;5;16;20;10;10;18;8;1.0;3.0;1.0;4.0;18;14
1967;CA Paranaense PR;0;1977;Atletico Mineiro MG;1;1;1;0;31932197;41.0;59.0;10;15;4;5;6.0;10.0;2;5;15;10;13;13;25;25;2.0;3.0;4.0;4.0;9;15
1999;Red Bull Bragantino SP;1;1981;Sao Paulo FC SP;1;2;1;1;31932203;36.0;64.0;8;17;2;8;6.0;9.0;6;9;14;13;10;13;14;24;5.0;2.0;7.0;1.0;12;12
5981;CR Flamengo RJ;3;1981;Sao Paulo FC SP;1;4;1;1;31932181;53.0;47.0;13;3;6;1;7.0;2.0;2;3;26;19;7;10;12;14;2.0;6.0;0.0;1.0;17;25
1968;Santos FC SP;2;1982;Coritiba FC PR;1;3;1;1;31932187;55.0;45.0;7;10;4;5;3.0;5.0;4;7;7;17;8;6;5;15;2.0;4.0;3.0;2.0;15;7
1982;Coritiba FC PR;3;1960;Goias EC GO;0;3;1;1;31932177;49.0;51.0;12;4;9;0;3.0;4.0;7;3;13;13;8;6;16;20;2.0;4.0;0.0;6.0;10;11
1977;Atletico Mineiro MG;2;1966;SC Internacional RS;0;2;1;1;31932159;59.0;41.0;12;4;4;2;8.0;2.0;3;3;15;13;5;10;19;18;2.0;4.0;2.0;2.0;12;15
7314;AC Goianiense GO;1;1958;Botafogo FR RJ;1;2;1;1;31932213;51.0;49.0;9;6;3;2;6.0;4.0;2;7;7;14;7;11;20;21;2.0;1.0;2.0;2.0;12;5
1958;Botafogo FR RJ;1;1957;SC Corinthians SP;3;4;1;1;31932167;59.0;41.0;7;12;3;9;4.0;3.0;2;4;18;6;6;9;28;20;1.0;4.0;1.0;0.0;6;17
1961;Fluminense FC RJ;0;1966;SC Internacional RS;1;1;1;0;31932201;55.0;45.0;6;9;3;5;3.0;4.0;5;4;13;19;8;4;17;16;5.0;3.0;4.0;3.0;15;11
1966;SC Internacional RS;2;2020;Fortaleza EC CE;1;3;1;1;31932189;45.0;55.0;11;5;6;3;5.0;2.0;8;5;14;12;10;8;17;14;5.0;5.0;2.0;4.0;12;12
7314;AC Goianiense GO;1;5981;CR Flamengo RJ;1;2;1;1;31932173;47.0;53.0;7;8;5;3;2.0;5.0;4;10;14;8;14;4;20;15;3.0;2.0;1.0;1.0;7;12
1968;Santos FC SP;3;1973;America FC MG;0;3;1;1;31932207;36.0;64.0;11;10;7;0;4.0;10.0;3;8;9;17;15;5;11;26;2.0;0.0;0.0;4.0;15;8
1961;Fluminense FC RJ;0;1968;Santos FC SP;0;0;0;0;31932161;61.0;39.0;13;3;5;1;8.0;2.0;8;1;20;15;3;13;17;19;1.0;0.0;1.0;5.0;15;16
49202;Cuiaba Esporte Clube MT;0;1961;Fluminense FC RJ;1;1;1;0;31932195;35.0;65.0;4;10;3;3;1.0;7.0;2;5;17;19;6;5;21;18;2.0;1.0;3.0;3.0;18;17
49202;Cuiaba Esporte Clube MT;1;7314;AC Goianiense GO;1;2;1;1;31932235;50.0;50.0;11;13;5;8;6.0;5.0;4;6;14;13;9;11;14;10;2.0;0.0;7.0;4.0;12;14
1999;Red Bull Bragantino SP;4;7314;AC Goianiense GO;0;4;1;1;31932183;60.0;40.0;9;4;9;2;0.0;2.0;13;2;10;14;4;6;19;28;1.0;4.0;2.0;5.0;13;9
1980;EC Juventude RS;2;1999;Red Bull Bragantino SP;2;4;1;1;31932169;55.0;45.0;10;6;7;2;3.0;4.0;5;4;17;24;6;3;16;25;4.0;5.0;1.0;6.0;19;16
1980;EC Juventude RS;0;49202;Cuiaba Esporte Clube MT;1;1;1;0;31932209;;;10;10;3;5;7.0;5.0;6;7;18;20;9;14;23;14;2.0;4.0;4.0;3.0;18;17
2020;Fortaleza EC CE;0;49202;Cuiaba Esporte Clube MT;1;1;1;0;31932171;65.0;35.0;12;7;5;4;7.0;3.0;7;1;20;24;3;12;26;16;2.0;3.0;3.0;5.0;23;20
3273;PFC Levski Sofia;0;43840;PFC Ludogorets 1945 Razgrad;1;1;1;0;33137731;53.0;47.0;7;4;3;2;4.0;2.0;6;2;21;17;8;6;23;28;3.0;4.0;3.0;3.0;17;20
43840;PFC Ludogorets 1945 Razgrad;1;3280;PFC Cherno More Varna;0;1;1;0;33137695;60.0;40.0;6;6;1;3;5.0;3.0;7;4;19;11;9;9;29;22;2.0;1.0;3.0;0.0;11;16
5241;Botev Plovdiv;1;43840;PFC Ludogorets 1945 Razgrad;2;3;1;1;33137689;41.0;59.0;6;11;5;4;1.0;7.0;6;9;9;21;13;4;13;23;6.0;1.0;4.0;4.0;20;7
43840;PFC Ludogorets 1945 Razgrad;5;3275;PFC CSKA Sofia;0;5;1;1;33137679;59.0;41.0;16;5;8;2;8.0;3.0;8;5;10;13;4;11;16;21;1.0;0.0;2.0;3.0;13;6
3281;PFK Beroe Stara Zagora;0;43840;PFC Ludogorets 1945 Razgrad;1;1;1;0;28724058;31.0;69.0;6;12;2;5;4.0;7.0;9;6;18;13;14;5;19;28;0.0;4.0;4.0;2.0;13;16
275869;FC Tsarsko Selo Sofia;1;43840;PFC Ludogorets 1945 Razgrad;1;2;1;1;28724040;35.0;65.0;5;12;1;4;4.0;8.0;2;5;21;13;16;5;15;28;3.0;3.0;3.0;0.0;11;19
36938;POFC Botev Vratsa;1;43840;PFC Ludogorets 1945 Razgrad;2;3;1;1;28724004;38.0;62.0;5;26;4;10;1.0;16.0;3;19;11;10;19;5;11;36;2.0;3.0;9.0;3.0;8;11
3280;PFC Cherno More Varna;1;43840;PFC Ludogorets 1945 Razgrad;2;3;1;1;28723976;47.0;53.0;6;8;4;5;2.0;3.0;4;3;18;18;5;4;22;32;2.0;4.0;3.0;3.0;15;18
43840;PFC Ludogorets 1945 Razgrad;3;5241;Botev Plovdiv;0;3;1;1;28724050;58.0;42.0;12;6;5;3;7.0;3.0;14;5;10;11;3;9;14;14;1.0;0.0;3.0;2.0;11;9
43840;PFC Ludogorets 1945 Razgrad;2;3273;PFC Levski Sofia;1;3;1;1;28724024;53.0;47.0;11;8;5;4;6.0;4.0;5;9;17;14;8;11;29;19;4.0;3.0;3.0;3.0;10;17
43840;PFC Ludogorets 1945 Razgrad;3;3274;PFC Slavia Sofia;1;4;1;1;28723996;58.0;42.0;10;4;6;2;4.0;2.0;4;9;15;13;4;10;16;20;4.0;1.0;1.0;3.0;12;15
3274;PFC Slavia Sofia;1;3273;PFC Levski Sofia;2;3;1;1;33137693;48.0;52.0;12;6;5;4;7.0;2.0;1;3;16;9;8;12;40;29;3.0;1.0;2.0;4.0;7;14
3280;PFC Cherno More Varna;0;3273;PFC Levski Sofia;1;1;1;0;33137691;45.0;55.0;10;9;6;6;4.0;3.0;4;6;12;16;6;9;21;28;4.0;2.0;5.0;6.0;15;11
3273;PFC Levski Sofia;2;5241;Botev Plovdiv;0;2;1;1;33137677;60.0;40.0;12;6;4;4;8.0;2.0;7;7;13;15;7;11;33;18;3.0;1.0;4.0;2.0;14;11
3275;PFC CSKA Sofia;0;3273;PFC Levski Sofia;0;0;0;0;33137673;52.0;48.0;8;7;2;3;6.0;4.0;7;8;13;14;8;8;18;31;4.0;2.0;6.0;3.0;10;13
5245;FC Pirin Blagoevgrad;0;3273;PFC Levski Sofia;3;3;1;1;28724052;40.0;60.0;6;15;3;9;3.0;6.0;5;6;17;14;10;6;14;40;1.0;2.0;6.0;4.0;12;16
288687;FC CSKA 1948;0;3273;PFC Levski Sofia;2;2;1;1;28723988;59.0;41.0;9;6;3;4;6.0;2.0;5;5;18;14;5;11;24;31;2.0;5.0;2.0;3.0;11;17
3273;PFC Levski Sofia;1;3277;Lokomotive Sofia;0;1;1;0;28724036;60.0;40.0;19;3;5;1;14.0;2.0;3;0;14;20;2;19;23;23;0.0;2.0;1.0;4.0;17;11
3273;PFC Levski Sofia;2;3272;PFC Lokomotiv Plovdiv;1;3;1;1;28723978;61.0;39.0;6;5;3;2;3.0;3.0;6;4;10;18;7;5;22;36;1.0;2.0;1.0;1.0;18;10
3272;PFC Lokomotiv Plovdiv;1;288687;FC CSKA 1948;1;2;1;1;33158905;45.0;55.0;7;7;5;4;2.0;3.0;8;6;13;14;7;5;23;34;5.0;4.0;3.0;4.0;13;12
288687;FC CSKA 1948;1;3272;PFC Lokomotiv Plovdiv;0;1;1;0;33158873;48.0;52.0;7;8;4;1;3.0;7.0;4;4;9;9;13;5;23;43;3.0;1.0;1.0;3.0;9;7
364786;FC Arda Kardzhali;3;288687;FC CSKA 1948;6;9;1;1;33158869;53.0;47.0;9;17;3;11;6.0;6.0;6;6;8;13;8;11;20;19;2.0;2.0;5.0;1.0;10;7
3281;PFK Beroe Stara Zagora;1;288687;FC CSKA 1948;0;1;1;0;33157389;40.0;60.0;12;5;7;2;5.0;3.0;4;5;14;17;6;11;28;25;3.0;3.0;2.0;6.0;15;14
288687;FC CSKA 1948;2;5241;Botev Plovdiv;2;4;1;1;28724016;51.0;49.0;9;9;5;7;4.0;2.0;7;2;20;8;4;9;26;18;0.0;1.0;5.0;3.0;7;18
36938;POFC Botev Vratsa;0;275869;FC Tsarsko Selo Sofia;0;0;0;0;33159067;54.0;46.0;6;5;3;2;3.0;3.0;5;1;15;23;5;10;34;26;5.0;3.0;2.0;3.0;23;14
275869;FC Tsarsko Selo Sofia;3;5245;FC Pirin Blagoevgrad;0;3;1;1;33158983;37.0;63.0;10;6;6;2;4.0;4.0;5;2;17;14;9;10;18;32;2.0;4.0;2.0;3.0;14;16
3277;Lokomotive Sofia;0;275869;FC Tsarsko Selo Sofia;0;0;0;0;33144555;58.0;42.0;7;5;2;1;5.0;4.0;8;3;17;19;6;12;29;21;2.0;2.0;1.0;2.0;16;14
5245;FC Pirin Blagoevgrad;0;275869;FC Tsarsko Selo Sofia;2;2;1;1;33158785;52.0;48.0;8;9;3;5;5.0;4.0;2;5;14;15;7;10;24;26;2.0;1.0;4.0;3.0;12;14
3277;Lokomotive Sofia;2;275869;FC Tsarsko Selo Sofia;1;3;1;1;28724048;47.0;53.0;3;6;3;3;0.0;3.0;1;4;12;18;8;2;26;29;3.0;5.0;2.0;1.0;12;10
3275;PFC CSKA Sofia;0;275869;FC Tsarsko Selo Sofia;0;0;0;0;28724018;68.0;32.0;12;0;4;0;8.0;0.0;8;1;17;15;3;16;30;28;2.0;4.0;0.0;4.0;13;16
3272;PFC Lokomotiv Plovdiv;1;275869;FC Tsarsko Selo Sofia;0;1;1;0;28723992;49.0;51.0;3;9;1;3;2.0;6.0;0;2;17;16;7;5;31;28;5.0;6.0;3.0;0.0;13;16
275869;FC Tsarsko Selo Sofia;1;5245;FC Pirin Blagoevgrad;0;1;1;0;28724068;40.0;60.0;8;6;4;2;4.0;4.0;4;3;23;18;8;5;23;22;3.0;4.0;2.0;3.0;17;19
5241;Botev Plovdiv;2;3274;PFC Slavia Sofia;1;3;1;1;33137699;48.0;52.0;11;9;7;4;4.0;5.0;6;6;8;7;11;7;23;22;3.0;0.0;3.0;5.0;6;7
3275;PFC CSKA Sofia;0;5241;Botev Plovdiv;0;0;0;0;33137697;51.0;49.0;12;9;2;5;10.0;4.0;10;2;13;12;6;15;23;22;2.0;3.0;7.0;4.0;11;11
5241;Botev Plovdiv;1;3280;PFC Cherno More Varna;0;1;1;0;33137671;42.0;58.0;3;9;3;2;0.0;7.0;4;4;17;13;12;0;32;36;2.0;1.0;2.0;4.0;12;15
3281;PFK Beroe Stara Zagora;1;5241;Botev Plovdiv;1;2;1;1;28723986;48.0;52.0;8;3;5;2;3.0;1.0;0;1;22;13;7;14;21;16;3.0;2.0;1.0;4.0;12;22
364786;FC Arda Kardzhali;0;5241;Botev Plovdiv;2;2;1;1;28723972;54.0;46.0;12;8;2;2;10.0;6.0;3;3;12;8;9;13;30;15;1.0;3.0;1.0;2.0;7;11
5241;Botev Plovdiv;2;3275;PFC CSKA Sofia;0;2;1;1;28724032;33.0;67.0;7;9;3;2;4.0;7.0;2;12;15;13;11;8;21;24;3.0;2.0;2.0;1.0;11;14
5241;Botev Plovdiv;2;3272;PFC Lokomotiv Plovdiv;1;3;1;1;28724002;58.0;42.0;12;9;6;4;6.0;5.0;5;6;9;9;9;9;18;30;1.0;2.0;3.0;4.0;7;9
364786;FC Arda Kardzhali;1;3281;PFK Beroe Stara Zagora;0;1;1;0;33158903;45.0;55.0;4;10;2;2;2.0;8.0;1;7;14;18;12;5;27;25;2.0;1.0;2.0;1.0;17;12
3281;PFK Beroe Stara Zagora;1;3272;PFC Lokomotiv Plovdiv;0;1;1;0;33158901;45.0;55.0;7;5;3;5;4.0;0.0;4;3;14;13;4;5;14;22;0.0;2.0;5.0;2.0;12;14
364786;FC Arda Kardzhali;1;3281;PFK Beroe Stara Zagora;0;1;1;0;28724000;48.0;52.0;8;4;6;2;2.0;2.0;4;3;23;24;4;9;21;33;4.0;3.0;2.0;5.0;21;20
3277;Lokomotive Sofia;1;5245;FC Pirin Blagoevgrad;0;1;1;0;33159069;53.0;47.0;12;4;5;1;7.0;3.0;4;2;13;13;7;13;19;16;5.0;0.0;1.0;4.0;11;10
36938;POFC Botev Vratsa;1;3277;Lokomotive Sofia;1;2;1;1;33158981;52.0;48.0;7;13;5;6;2.0;7.0;7;6;18;20;9;7;33;18;1.0;3.0;6.0;5.0;20;17
5245;FC Pirin Blagoevgrad;2;3277;Lokomotive Sofia;1;3;1;1;33158979;45.0;55.0;6;6;4;3;2.0;3.0;6;3;8;10;10;5;25;15;1.0;2.0;2.0;2.0;7;8
3277;Lokomotive Sofia;0;3280;PFC Cherno More Varna;3;3;1;1;28723994;56.0;44.0;5;7;3;4;2.0;3.0;3;1;24;12;8;3;44;30;3.0;2.0;1.0;3.0;12;16
5245;FC Pirin Blagoevgrad;3;36938;POFC Botev Vratsa;5;8;1;1;33159077;60.0;40.0;7;7;5;6;2.0;1.0;3;4;11;11;5;9;34;18;2.0;0.0;1.0;2.0;11;7
36938;POFC Botev Vratsa;0;5245;FC Pirin Blagoevgrad;1;1;1;0;33357495;48.0;52.0;5;5;3;1;2.0;4.0;1;4;8;15;8;6;20;33;5.0;4.0;0.0;5.0;15;7
3280;PFC Cherno More Varna;5;36938;POFC Botev Vratsa;0;5;1;1;28724042;61.0;39.0;13;4;9;1;4.0;3.0;6;4;18;13;10;8;28;14;1.0;5.0;1.0;4.0;13;17
3275;PFC CSKA Sofia;4;36938;POFC Botev Vratsa;0;4;1;1;28723990;63.0;37.0;10;3;6;1;4.0;2.0;7;1;22;15;4;8;22;18;1.0;2.0;1.0;2.0;13;21
36938;POFC Botev Vratsa;2;3274;PFC Slavia Sofia;1;3;1;1;28724062;43.0;57.0;8;8;2;3;6.0;5.0;5;4;15;15;10;10;28;26;2.0;2.0;2.0;0.0;12;14
36938;POFC Botev Vratsa;0;5245;FC Pirin Blagoevgrad;3;3;1;1;28724034;52.0;48.0;11;6;5;4;6.0;2.0;8;2;17;9;10;16;19;21;0.0;1.0;1.0;5.0;7;16
3275;PFC CSKA Sofia;3;3274;PFC Slavia Sofia;1;4;1;1;33137685;53.0;47.0;6;9;5;4;1.0;5.0;3;10;9;6;12;6;20;22;1.0;1.0;3.0;2.0;6;6
364786;FC Arda Kardzhali;4;3272;PFC Lokomotiv Plovdiv;4;8;1;1;33158883;44.0;56.0;8;15;5;9;3.0;6.0;3;11;14;17;12;2;26;27;3.0;2.0;5.0;1.0;12;12
3272;PFC Lokomotiv Plovdiv;0;364786;FC Arda Kardzhali;0;0;0;0;33157313;51.0;49.0;5;9;1;5;4.0;4.0;2;1;9;11;7;9;34;23;2.0;4.0;5.0;1.0;9;8
3280;PFC Cherno More Varna;2;364786;FC Arda Kardzhali;0;2;1;1;28724014;50.0;50.0;12;6;7;3;5.0;3.0;8;7;11;20;5;7;23;31;2.0;1.0;3.0;5.0;16;7
5245;FC Pirin Blagoevgrad;1;364786;FC Arda Kardzhali;0;1;1;0;28723998;36.0;64.0;2;8;2;2;0.0;6.0;7;11;14;18;16;1;23;26;2.0;2.0;2.0;1.0;18;14
3280;PFC Cherno More Varna;1;5245;FC Pirin Blagoevgrad;1;2;1;1;28724006;61.0;39.0;10;2;7;2;3.0;0.0;12;0;13;18;6;6;28;29;4.0;3.0;1.0;6.0;18;12
3274;PFC Slavia Sofia;1;3280;PFC Cherno More Varna;1;2;1;1;33137681;48.0;52.0;6;7;3;4;3.0;3.0;4;2;21;14;7;5;30;29;2.0;2.0;3.0;2.0;13;17
3274;PFC Slavia Sofia;0;3280;PFC Cherno More Varna;1;1;1;0;28724038;55.0;45.0;7;8;3;5;4.0;3.0;1;2;15;15;13;7;41;26;2.0;5.0;4.0;3.0;14;13
3164;Huachipato;1;3155;Colo-Colo;0;1;1;0;31802339;47.0;53.0;7;9;5;4;2.0;5.0;2;4;20;21;10;8;19;24;4.0;3.0;1.0;0.0;18;18
48242;Deportes Union La Calera;0;3167;Cobresal;2;2;1;1;31802331;62.0;38.0;13;10;5;6;8.0;4.0;2;3;13;12;6;16;26;14;2.0;1.0;4.0;5.0;10;11
3162;Audax Italiano;0;5601;CD Antofagasta;3;3;1;1;31802333;58.0;42.0;11;8;4;3;7.0;5.0;2;1;26;15;10;13;24;21;3.0;3.0;0.0;4.0;15;24
5601;CD Antofagasta;2;5031;Deportes La Serena;2;4;1;1;31802317;44.0;56.0;12;10;5;4;7.0;6.0;6;4;17;11;12;16;25;21;2.0;5.0;2.0;3.0;6;13
5031;Deportes La Serena;1;3165;Coquimbo Unido;1;2;1;1;31802341;42.0;58.0;3;7;2;4;1.0;3.0;3;8;16;21;10;5;16;32;3.0;7.0;3.0;1.0;20;14
6117;Millonarios FC;1;6105;CD Junior FC;0;1;1;0;31404543;63.0;37.0;3;3;3;2;0.0;1.0;12;4;16;10;9;8;18;16;2.0;1.0;2.0;2.0;10;12
6111;CD Tolima;3;48244;Rionegro Aguilas;0;3;1;1;31404601;59.0;41.0;6;7;4;2;2.0;5.0;3;1;12;13;8;5;19;18;0.0;3.0;2.0;1.0;12;10
6114;Envigado FC;1;6975;CD La Equidad;1;2;1;1;31404519;53.0;47.0;9;10;4;4;5.0;6.0;2;1;22;10;9;11;22;15;0.0;7.0;3.0;3.0;9;21
48244;Rionegro Aguilas;1;89370;Jaguares de Cordoba;1;2;1;1;31404581;67.0;33.0;7;2;6;1;1.0;1.0;8;3;13;19;7;14;21;20;2.0;4.0;0.0;5.0;18;11
89156;CD Alianza Petrolera;2;48244;Rionegro Aguilas;1;3;1;1;31404509;53.0;47.0;8;10;3;5;5.0;5.0;2;3;20;24;6;8;19;14;3.0;3.0;4.0;1.0;21;18
6114;Envigado FC;1;48244;Rionegro Aguilas;0;1;1;0;31404681;52.0;48.0;6;7;3;4;3.0;3.0;2;6;10;27;9;6;20;21;6.0;1.0;4.0;2.0;26;8
48244;Rionegro Aguilas;1;6113;AD Pasto;0;1;1;0;31404659;54.0;46.0;15;5;7;1;8.0;4.0;9;5;14;16;6;15;23;15;3.0;3.0;1.0;6.0;15;11
6115;Independiente Medellin;4;48244;Rionegro Aguilas;0;4;1;1;31404477;47.0;53.0;11;11;4;4;7.0;7.0;3;3;11;15;7;12;17;18;3.0;3.0;4.0;0.0;13;9
48244;Rionegro Aguilas;1;6109;CS Deportivo Pereira;0;1;1;0;31404541;52.0;48.0;11;7;4;1;7.0;6.0;2;5;12;10;10;11;31;24;5.0;3.0;1.0;3.0;9;11
25529;NK Istra 1961;0;2039;HNK Rijeka;2;2;1;1;27674296;53.0;47.0;5;7;2;3;3.0;4.0;2;3;12;12;7;5;31;35;4.0;1.0;1.0;2.0;10;9
25529;NK Istra 1961;2;2040;NK Osijek;3;5;1;1;27674244;55.0;45.0;11;7;5;5;6.0;2.0;2;6;20;11;6;9;21;24;1.0;4.0;0.0;1.0;10;17
4502;FC Viktoria Plzen;1;2216;Slavia Prague;1;2;1;1;27761318;;;5;6;3;2;2.0;4.0;4;7;13;15;8;5;30;19;3.0;2.0;1.0;2.0;15;11
4502;FC Viktoria Plzen;1;2208;FK Teplice;0;1;1;0;27761280;;;4;10;3;3;1.0;7.0;7;5;12;10;8;3;21;19;2.0;3.0;2.0;0.0;9;9
2230;FK Pardubice;1;2220;FC Fastav Zlin;1;2;1;1;33296917;55.0;45.0;4;6;3;4;1.0;2.0;5;2;15;13;5;7;28;25;0.0;4.0;3.0;2.0;11;13
2230;FK Pardubice;2;23951;MFK Karvina;0;2;1;1;33296911;;;14;5;6;0;8.0;5.0;1;2;7;15;9;19;24;21;2.0;0.0;0.0;4.0;11;5
2205;FK Jablonec;0;2230;FK Pardubice;1;1;1;0;33296899;;;5;6;0;5;5.0;1.0;10;5;12;7;6;9;53;34;0.0;1.0;3.0;0.0;5;12
2230;FK Pardubice;2;2208;FK Teplice;0;2;1;1;27761350;48.0;52.0;9;4;4;2;5.0;2.0;8;5;27;17;2;10;29;24;1.0;4.0;2.0;1.0;15;26
4871;1. FC Slovacko Uherske Hradiste;3;2204;FC Banik Ostrava;1;4;1;1;33296935;54.0;46.0;8;8;5;2;3.0;6.0;4;2;15;9;9;8;13;24;1.0;2.0;1.0;1.0;7;15
4871;1. FC Slovacko Uherske Hradiste;1;2207;SK Sigma Olomouc;0;1;1;0;27761310;51.0;49.0;6;3;2;1;4.0;2.0;6;2;14;19;13;10;29;29;1.0;0.0;1.0;1.0;18;12
2221;SK Dynamo Ceske Budejovice;2;2207;SK Sigma Olomouc;1;3;1;1;27761172;;;10;4;4;2;6.0;2.0;6;4;18;13;9;7;16;26;1.0;2.0;1.0;2.0;12;15
6064;Bohemians Prague 1905;1;2217;FC Hradec Kralove;1;2;1;1;27761370;;;10;5;4;4;6.0;1.0;5;3;25;15;5;12;31;38;4.0;5.0;3.0;3.0;13;23
2204;FC Banik Ostrava;1;2216;Slavia Prague;1;2;1;1;33296949;;;11;9;4;4;7.0;5.0;4;8;11;14;12;15;21;28;6.0;2.0;3.0;2.0;13;10
2205;FK Jablonec;1;2216;Slavia Prague;2;3;1;1;27761354;45.0;55.0;6;4;2;2;4.0;2.0;1;3;13;15;10;14;29;26;5.0;4.0;0.0;1.0;13;13
2219;FC Slovan Liberec;1;2216;Slavia Prague;0;1;1;0;27761284;;;3;12;1;4;2.0;8.0;1;9;24;8;21;2;15;31;3.0;4.0;3.0;0.0;8;23
2216;Slavia Prague;1;2221;SK Dynamo Ceske Budejovice;0;1;1;0;27761300;;;13;5;6;2;7.0;3.0;11;4;11;14;5;15;22;23;1.0;3.0;2.0;5.0;14;10
2220;FC Fastav Zlin;1;2205;FK Jablonec;1;2;1;1;33296927;55.0;45.0;4;1;3;1;1.0;0.0;5;2;16;16;6;5;31;35;1.0;2.0;0.0;2.0;12;13
2221;SK Dynamo Ceske Budejovice;2;2220;FC Fastav Zlin;2;4;1;1;27761322;;;12;3;6;2;6.0;1.0;6;2;15;14;4;10;23;19;1.0;2.0;1.0;5.0;12;13
2217;FC Hradec Kralove;2;2221;SK Dynamo Ceske Budejovice;2;4;1;1;27761224;;;12;7;6;3;6.0;4.0;13;9;17;15;9;7;23;11;1.0;2.0;1.0;4.0;15;14
2204;FC Banik Ostrava;1;2219;FC Slovan Liberec;1;2;1;1;27761260;53.0;47.0;3;11;1;5;2.0;6.0;9;5;8;14;10;7;23;18;2.0;1.0;4.0;0.0;14;7
2219;FC Slovan Liberec;2;23951;MFK Karvina;1;3;1;1;27761340;60.0;40.0;11;3;8;1;3.0;2.0;10;6;10;18;7;9;23;25;3.0;1.0;0.0;6.0;14;9
2219;FC Slovan Liberec;0;2208;FK Teplice;1;1;1;0;27761314;52.0;48.0;6;6;1;3;5.0;3.0;6;5;17;11;6;10;16;20;1.0;4.0;2.0;1.0;5;17
2220;FC Fastav Zlin;2;2219;FC Slovan Liberec;0;2;1;1;32082297;40.0;60.0;9;13;7;4;2.0;9.0;2;3;10;17;18;6;21;15;1.0;0.0;2.0;4.0;15;7
2219;FC Slovan Liberec;4;2230;FK Pardubice;1;5;1;1;32202353;;;14;4;9;1;5.0;3.0;3;2;16;16;5;12;29;15;0.0;1.0;0.0;5.0;13;15
5249;SD Aucas;0;5251;CD Cuenca;0;0;0;0;31766317;55.0;45.0;6;7;4;4;2.0;3.0;5;7;20;12;9;10;18;14;5.0;5.0;4.0;4.0;8;18
39723;CSD Independiente del Valle;1;5249;SD Aucas;0;1;1;0;31766305;52.0;48.0;5;5;3;4;2.0;1.0;9;5;12;14;6;10;12;11;4.0;3.0;4.0;2.0;14;7
319227;Gualaceo SC;2;5255;CS Emelec;1;3;1;1;31766315;49.0;51.0;7;4;4;3;3.0;1.0;3;6;16;10;8;7;13;18;2.0;2.0;2.0;2.0;7;15
6001;CSD Macara;2;171976;Guayaquil City FC;0;2;1;1;31766343;44.0;56.0;12;5;8;2;4.0;3.0;5;4;14;18;7;9;11;15;1.0;1.0;2.0;6.0;17;14
1648;RC Lens;2;1653;AS Monaco;2;4;1;1;27885432;60.0;40.0;19;5;11;3;8.0;2.0;10;8;8;4;8;12;16;18;2.0;3.0;1.0;9.0;4;7
1653;AS Monaco;4;1715;Stade Brest 29;2;6;1;1;27885412;58.0;42.0;15;7;7;3;8.0;4.0;10;5;14;12;6;12;22;11;2.0;1.0;1.0;3.0;10;11
1643;Lille OSC;1;1653;AS Monaco;2;3;1;1;27885392;49.0;51.0;13;7;6;3;7.0;4.0;3;5;9;13;8;9;26;17;4.0;1.0;1.0;5.0;11;8
1653;AS Monaco;2;1684;Angers SCO;0;2;1;1;27885376;44.0;56.0;9;9;6;5;3.0;4.0;8;5;13;22;8;6;18;16;2.0;2.0;5.0;5.0;14;12
1678;AS Saint-Etienne;1;1653;AS Monaco;4;5;1;1;27885364;57.0;43.0;7;12;5;6;2.0;6.0;1;1;17;15;8;6;13;20;2.0;3.0;3.0;4.0;13;16
1653;AS Monaco;1;1661;OGC Nice;0;1;1;0;27885338;48.0;52.0;10;10;6;2;4.0;8.0;7;10;13;20;12;5;24;23;5.0;2.0;2.0;5.0;19;12
1658;Stade Rennes;2;1653;AS Monaco;3;5;1;1;27885320;63.0;37.0;9;11;5;5;4.0;6.0;6;0;13;7;8;6;18;16;1.0;3.0;2.0;3.0;7;12
1659;Strasbourg Alsace;1;1653;AS Monaco;0;1;1;0;27885242;47.0;53.0;6;3;3;0;3.0;3.0;6;7;14;13;10;10;22;19;1.0;2.0;0.0;2.0;11;13
1653;AS Monaco;2;1652;ESTAC Troyes;1;3;1;1;27885300;58.0;42.0;6;5;3;3;3.0;2.0;10;1;10;12;7;7;20;19;2.0;2.0;2.0;1.0;10;9
1653;AS Monaco;3;1644;Paris Saint-Germain;0;3;1;1;27885256;43.0;57.0;9;6;6;2;3.0;4.0;6;7;10;20;9;6;15;15;3.0;3.0;2.0;3.0;16;10
1644;Paris Saint-Germain;2;1652;ESTAC Troyes;2;4;1;1;27885402;62.0;38.0;11;5;5;3;6.0;2.0;7;4;20;12;3;13;4;13;1.0;2.0;1.0;3.0;10;20
1659;Strasbourg Alsace;3;1644;Paris Saint-Germain;3;6;1;1;27885382;45.0;55.0;9;10;2;6;7.0;4.0;2;5;8;18;7;11;11;12;3.0;3.0;3.0;0.0;15;7
1680;Clermont Foot 63;1;1644;Paris Saint-Germain;6;7;1;1;27885292;34.0;66.0;6;15;4;9;2.0;6.0;2;5;12;12;10;6;14;14;1.0;1.0;3.0;3.0;8;8
1661;OGC Nice;1;1644;Paris Saint-Germain;0;1;1;0;27885218;44.0;56.0;9;3;6;2;3.0;1.0;3;4;13;15;4;9;11;9;1.0;0.0;2.0;5.0;15;11
1644;Paris Saint-Germain;2;1641;Olympique Marseille;1;3;1;1;27885318;42.0;58.0;5;2;3;1;2.0;1.0;3;4;15;24;3;7;18;16;6.0;1.0;0.0;2.0;16;11
1644;Paris Saint-Germain;5;1656;FC Lorient;1;6;1;1;27885278;73.0;27.0;13;8;8;4;5.0;4.0;3;1;15;8;6;7;15;21;2.0;1.0;3.0;3.0;6;14
1644;Paris Saint-Germain;3;1645;Girondins Bordeaux;0;3;1;1;27885240;57.0;43.0;9;10;3;6;6.0;4.0;2;4;14;8;10;7;12;12;1.0;2.0;6.0;0.0;5;9
1680;Clermont Foot 63;1;1649;Olympique Lyon;2;3;1;1;27885430;45.0;55.0;11;13;5;7;6.0;6.0;10;4;14;12;8;10;9;16;2.0;2.0;5.0;4.0;11;14
1649;Olympique Lyon;3;1647;FC Nantes;2;5;1;1;27885408;62.0;38.0;10;15;6;7;4.0;8.0;5;6;11;15;9;7;17;16;1.0;0.0;5.0;3.0;11;11
1641;Olympique Marseille;0;1649;Olympique Lyon;3;3;1;1;27885374;58.0;42.0;6;10;3;5;3.0;5.0;3;6;15;4;9;7;13;21;2.0;1.0;2.0;3.0;3;14
1649;Olympique Lyon;5;1642;Montpellier HSC;2;7;1;1;27885350;56.0;44.0;18;12;14;7;4.0;5.0;8;2;10;16;7;5;16;14;2.0;2.0;5.0;9.0;15;10
1715;Stade Brest 29;2;1649;Olympique Lyon;1;3;1;1;27885330;31.0;69.0;8;12;3;5;5.0;7.0;2;2;11;4;9;6;11;10;2.0;2.0;4.0;1.0;4;8
1682;Stade Reims;0;1649;Olympique Lyon;0;0;0;0;27885260;36.0;64.0;4;8;2;2;2.0;6.0;7;3;13;15;7;7;24;24;0.0;3.0;2.0;2.0;12;13
1649;Olympique Lyon;3;1684;Angers SCO;2;5;1;1;27885270;61.0;39.0;13;7;5;5;8.0;2.0;9;2;17;5;1;10;16;18;1.0;1.0;3.0;2.0;4;13
1649;Olympique Lyon;2;1658;Stade Rennes;4;6;1;1;27885234;61.0;39.0;7;7;1;7;6.0;0.0;8;2;16;10;3;8;22;23;2.0;3.0;3.0;0.0;7;13
1649;Olympique Lyon;0;1643;Lille OSC;1;1;1;0;27885192;61.0;39.0;16;3;10;1;6.0;2.0;7;3;18;14;3;16;23;12;3.0;2.0;0.0;10.0;14;15
1652;ESTAC Troyes;1;1648;RC Lens;3;4;1;1;27885424;49.0;51.0;4;11;2;9;2.0;2.0;5;7;14;10;4;2;25;24;1.0;2.0;6.0;1.0;10;11
1682;Stade Reims;1;1648;RC Lens;2;3;1;1;27885404;32.0;68.0;7;12;2;5;5.0;7.0;3;10;9;13;12;8;14;17;1.0;2.0;3.0;1.0;12;9
1648;RC Lens;2;1642;Montpellier HSC;0;2;1;1;27885332;54.0;46.0;8;8;4;5;4.0;3.0;5;3;9;12;7;7;13;28;1.0;0.0;5.0;2.0;11;9
1659;Strasbourg Alsace;1;1648;RC Lens;0;1;1;0;27885282;50.0;50.0;7;8;3;3;4.0;5.0;2;6;9;7;11;6;18;13;3.0;1.0;3.0;2.0;7;8
1651;FC Metz;0;1648;RC Lens;0;0;0;0;27885236;51.0;49.0;3;9;2;0;1.0;9.0;5;4;17;13;15;1;24;16;5.0;2.0;0.0;2.0;12;13
1648;RC Lens;3;1680;Clermont Foot 63;1;4;1;1;27885250;68.0;32.0;8;3;5;2;3.0;1.0;7;2;13;20;7;9;25;22;1.0;0.0;1.0;2.0;17;13
1648;RC Lens;0;1715;Stade Brest 29;1;1;1;0;27885208;62.0;38.0;11;5;6;3;5.0;2.0;4;0;9;12;6;13;24;15;1.0;1.0;2.0;6.0;10;9
1641;Olympique Marseille;4;1659;Strasbourg Alsace;0;4;1;1;27885438;60.0;40.0;15;10;10;4;5.0;6.0;7;3;16;12;11;9;13;18;2.0;1.0;4.0;6.0;11;16
1658;Stade Rennes;2;1641;Olympique Marseille;0;2;1;1;27885418;42.0;58.0;8;4;4;0;4.0;4.0;6;2;13;16;8;5;13;18;1.0;2.0;0.0;2.0;14;9
1656;FC Lorient;0;1641;Olympique Marseille;3;3;1;1;27885394;34.0;66.0;3;7;0;7;3.0;0.0;4;8;13;23;6;5;17;19;1.0;1.0;4.0;0.0;22;13
1682;Stade Reims;0;1641;Olympique Marseille;1;1;1;0;27885360;30.0;70.0;8;7;5;3;3.0;4.0;3;4;10;15;9;9;14;17;1.0;1.0;2.0;4.0;14;7
1678;AS Saint-Etienne;2;1641;Olympique Marseille;4;6;1;1;27885280;24.0;76.0;4;11;2;6;2.0;5.0;2;9;11;10;7;5;15;21;2.0;1.0;4.0;0.0;8;11
1715;Stade Brest 29;1;1641;Olympique Marseille;4;5;1;1;27885228;48.0;52.0;7;13;3;7;4.0;6.0;0;3;18;13;7;7;17;15;1.0;4.0;3.0;2.0;11;14
1641;Olympique Marseille;2;1661;OGC Nice;1;3;1;1;27885254;61.0;39.0;12;8;7;3;5.0;5.0;3;2;15;14;7;7;24;19;2.0;2.0;2.0;4.0;13;13
1641;Olympique Marseille;0;1653;AS Monaco;1;1;1;0;27885214;67.0;33.0;8;4;2;2;6.0;2.0;10;3;13;16;6;13;21;14;2.0;1.0;2.0;2.0;14;10
1682;Stade Reims;2;1661;OGC Nice;3;5;1;1;27885444;44.0;56.0;5;9;5;5;0.0;4.0;2;7;13;8;11;6;20;19;0.0;2.0;2.0;3.0;7;13
1661;OGC Nice;1;1643;Lille OSC;3;4;1;1;27885416;59.0;41.0;13;6;7;4;6.0;2.0;10;3;7;12;5;16;17;16;2.0;3.0;1.0;6.0;11;6
1661;OGC Nice;4;1678;AS Saint-Etienne;2;6;1;1;27885400;65.0;35.0;10;9;7;6;3.0;3.0;2;2;14;14;7;8;27;21;2.0;3.0;4.0;3.0;11;12
1645;Girondins Bordeaux;0;1661;OGC Nice;1;1;1;0;27885366;45.0;55.0;3;10;3;2;0.0;8.0;2;5;13;15;13;7;25;28;1.0;2.0;1.0;3.0;10;11
1661;OGC Nice;1;1652;ESTAC Troyes;0;1;1;0;27885356;63.0;37.0;10;4;3;3;7.0;1.0;7;3;11;17;5;12;16;12;1.0;1.0;3.0;2.0;16;7
1661;OGC Nice;2;1656;FC Lorient;1;3;1;1;27885316;53.0;47.0;10;5;4;1;6.0;4.0;5;1;15;10;6;12;29;22;2.0;1.0;0.0;2.0;10;11
1661;OGC Nice;1;1658;Stade Rennes;1;2;1;1;27885276;35.0;65.0;6;8;2;4;4.0;4.0;7;11;12;12;7;8;15;23;2.0;1.0;3.0;1.0;12;11
1643;Lille OSC;2;1658;Stade Rennes;2;4;1;1;27885434;51.0;49.0;7;5;3;2;4.0;3.0;7;4;15;12;7;4;24;16;2.0;2.0;0.0;1.0;11;13
1647;FC Nantes;2;1658;Stade Rennes;1;3;1;1;27885398;35.0;65.0;7;12;3;5;4.0;7.0;5;5;10;14;11;4;15;24;2.0;1.0;4.0;1.0;13;10
1658;Stade Rennes;2;1678;AS Saint-Etienne;0;2;1;1;27885380;55.0;45.0;10;4;3;3;7.0;1.0;4;3;16;14;3;13;29;23;1.0;4.0;3.0;1.0;12;16
1659;Strasbourg Alsace;2;1658;Stade Rennes;1;3;1;1;27885342;37.0;63.0;8;10;4;4;4.0;6.0;2;7;11;19;8;4;17;18;1.0;2.0;3.0;2.0;17;10
1682;Stade Reims;2;1658;Stade Rennes;3;5;1;1;27885302;34.0;66.0;8;13;4;8;4.0;5.0;2;6;6;17;7;10;29;25;2.0;0.0;5.0;2.0;14;5
1658;Stade Rennes;6;1651;FC Metz;1;7;1;1;27885262;65.0;35.0;19;1;7;1;12.0;0.0;10;1;11;15;2;12;17;20;1.0;2.0;0.0;1.0;13;10
1658;Stade Rennes;2;1684;Angers SCO;0;2;1;1;27885222;57.0;43.0;13;4;6;2;7.0;2.0;7;7;7;14;3;11;14;31;1.0;1.0;2.0;4.0;13;6
1659;Strasbourg Alsace;1;1680;Clermont Foot 63;0;1;1;0;27885422;54.0;46.0;6;7;4;2;2.0;5.0;3;2;10;15;9;6;18;18;1.0;2.0;2.0;3.0;13;10
1715;Stade Brest 29;0;1659;Strasbourg Alsace;1;1;1;0;27885388;51.0;49.0;4;10;2;4;2.0;6.0;5;5;14;6;5;10;25;19;1.0;2.0;3.0;2.0;4;12
1643;Lille OSC;1;1659;Strasbourg Alsace;0;1;1;0;27885348;46.0;54.0;7;10;3;6;4.0;4.0;4;6;21;23;8;9;17;22;2.0;3.0;6.0;2.0;20;20
1652;ESTAC Troyes;1;1659;Strasbourg Alsace;1;2;1;1;27885324;39.0;61.0;9;9;6;4;3.0;5.0;5;9;21;13;7;4;17;23;1.0;2.0;3.0;4.0;11;21
1656;FC Lorient;0;1659;Strasbourg Alsace;0;0;0;0;27885252;51.0;49.0;5;6;2;3;3.0;3.0;6;5;19;11;4;3;15;24;2.0;2.0;3.0;2.0;10;18
1682;Stade Reims;1;1659;Strasbourg Alsace;1;2;1;1;27885220;55.0;45.0;5;15;1;6;4.0;9.0;2;4;11;7;13;10;20;16;0.0;2.0;5.0;0.0;6;11
1678;AS Saint-Etienne;1;1682;Stade Reims;2;3;1;1;27885420;57.0;43.0;12;13;8;6;4.0;7.0;3;2;10;8;9;11;32;18;1.0;0.0;4.0;7.0;8;9
1656;FC Lorient;1;1682;Stade Reims;2;3;1;1;27885372;48.0;52.0;12;9;10;3;2.0;6.0;7;3;13;16;11;4;24;17;2.0;1.0;1.0;9.0;15;12
1682;Stade Reims;2;1643;Lille OSC;1;3;1;1;27885340;41.0;59.0;8;13;5;5;3.0;8.0;5;2;10;16;13;5;18;25;1.0;1.0;4.0;3.0;14;9
1642;Montpellier HSC;0;1682;Stade Reims;0;0;0;0;27885312;55.0;45.0;5;8;3;6;2.0;2.0;9;6;10;11;4;7;36;20;0.0;3.0;6.0;3.0;10;10
1715;Stade Brest 29;2;1645;Girondins Bordeaux;4;6;1;1;27885428;48.0;52.0;10;10;8;5;2.0;5.0;10;1;12;11;6;6;19;11;1.0;0.0;1.0;6.0;10;12
1678;AS Saint-Etienne;2;1715;Stade Brest 29;1;3;1;1;27885322;41.0;59.0;9;6;4;3;5.0;3.0;7;3;12;12;9;11;27;39;0.0;2.0;2.0;2.0;10;10
1642;Montpellier HSC;1;1715;Stade Brest 29;2;3;1;1;27885274;59.0;41.0;8;10;3;9;5.0;1.0;7;5;13;17;3;10;24;22;2.0;4.0;7.0;2.0;16;12
1684;Angers SCO;1;1715;Stade Brest 29;0;1;1;0;27885246;54.0;46.0;8;4;4;1;4.0;3.0;6;11;10;13;9;10;23;34;2.0;1.0;1.0;3.0;11;10
1715;Stade Brest 29;1;1647;FC Nantes;1;2;1;1;27885290;52.0;48.0;9;6;7;3;2.0;3.0;4;5;10;11;4;8;26;29;1.0;3.0;2.0;6.0;9;9
1647;FC Nantes;1;1678;AS Saint-Etienne;1;2;1;1;27885440;51.0;49.0;8;6;4;3;4.0;3.0;5;5;8;9;5;10;20;19;2.0;0.0;2.0;3.0;8;7
1647;FC Nantes;5;1645;Girondins Bordeaux;3;8;1;1;27885354;58.0;42.0;15;10;5;7;10.0;3.0;6;4;16;12;3;12;24;20;1.0;1.0;4.0;1.0;12;15
1647;FC Nantes;1;1684;Angers SCO;1;2;1;1;27885314;59.0;41.0;17;8;8;4;9.0;4.0;14;5;10;14;4;12;39;16;4.0;1.0;3.0;7.0;13;10
1647;FC Nantes;2;1642;Montpellier HSC;0;2;1;1;27885216;45.0;55.0;12;3;6;1;6.0;2.0;6;4;14;13;6;8;27;22;1.0;1.0;1.0;4.0;11;13
1684;Angers SCO;2;1642;Montpellier HSC;0;2;1;1;27885426;52.0;48.0;10;8;3;1;7.0;7.0;4;3;15;17;12;9;10;15;1.0;4.0;1.0;1.0;17;12
1651;FC Metz;1;1684;Angers SCO;0;1;1;0;27885410;49.0;51.0;8;14;2;5;6.0;9.0;1;4;15;19;15;9;20;15;3.0;1.0;5.0;1.0;17;15
1684;Angers SCO;4;1645;Girondins Bordeaux;1;5;1;1;27885386;38.0;62.0;11;4;8;3;3.0;1.0;6;3;22;15;11;11;18;17;1.0;5.0;2.0;4.0;14;18
1684;Angers SCO;1;1643;Lille OSC;1;2;1;1;27885286;34.0;66.0;10;7;3;2;7.0;5.0;6;7;18;11;9;9;16;27;3.0;2.0;1.0;3.0;11;13
1643;Lille OSC;0;1678;AS Saint-Etienne;0;0;0;0;27885232;51.0;49.0;7;7;2;3;5.0;4.0;2;3;12;19;10;6;23;19;1.0;1.0;3.0;2.0;14;12
1680;Clermont Foot 63;2;1642;Montpellier HSC;1;3;1;1;27885390;50.0;50.0;9;7;5;1;4.0;6.0;5;3;15;10;10;7;26;23;2.0;4.0;0.0;3.0;9;15
1680;Clermont Foot 63;0;1656;FC Lorient;2;2;1;1;27885230;52.0;48.0;8;8;1;6;7.0;2.0;2;2;15;16;4;11;26;21;1.0;2.0;4.0;1.0;16;13
1642;Montpellier HSC;2;1651;FC Metz;2;4;1;1;27885378;46.0;54.0;13;11;7;5;6.0;6.0;8;1;14;13;8;13;38;16;2.0;3.0;3.0;5.0;10;14
1656;FC Lorient;1;1651;FC Metz;0;1;1;0;27885334;42.0;58.0;10;15;5;5;5.0;10.0;9;12;18;15;12;5;20;21;2.0;2.0;5.0;4.0;13;17
1645;Girondins Bordeaux;3;1651;FC Metz;1;4;1;1;27885288;55.0;45.0;11;5;6;2;5.0;3.0;5;6;13;15;4;7;27;14;3.0;2.0;1.0;3.0;14;11
1656;FC Lorient;1;1652;ESTAC Troyes;1;2;1;1;27885436;59.0;41.0;14;7;7;4;7.0;3.0;6;4;10;18;8;14;20;12;2.0;2.0;3.0;6.0;18;10
1678;AS Saint-Etienne;1;1652;ESTAC Troyes;1;2;1;1;27885264;61.0;39.0;8;5;3;4;5.0;1.0;1;4;9;14;4;13;25;24;2.0;2.0;3.0;2.0;13;8
1645;Girondins Bordeaux;0;1652;ESTAC Troyes;2;2;1;1;27885206;62.0;38.0;9;7;5;1;4.0;6.0;6;2;15;17;9;10;28;22;6.0;1.0;0.0;5.0;17;15
1645;Girondins Bordeaux;0;1656;FC Lorient;0;0;0;0;27885406;48.0;52.0;9;6;2;2;7.0;4.0;3;1;10;11;12;10;21;23;3.0;4.0;2.0;2.0;11;10
1645;Girondins Bordeaux;2;1678;AS Saint-Etienne;2;4;1;1;27885328;46.0;54.0;9;7;7;2;2.0;5.0;5;4;20;26;7;4;31;30;5.0;6.0;0.0;5.0;21;18
1642;Montpellier HSC;2;1658;Stade Rennes;4;6;1;1;27885198;46.0;54.0;6;12;3;9;3.0;3.0;7;1;12;12;8;5;25;22;3.0;2.0;5.0;1.0;10;11
2547;Union Berlin;3;2542;VfL Bochum;2;5;1;1;27883688;44.0;56.0;13;6;11;4;2.0;2.0;1;3;6;12;5;3;24;26;3.0;2.0;2.0;8.0;12;5
2538;SC Freiburg;1;2547;Union Berlin;4;5;1;1;27883670;65.0;35.0;10;10;3;6;7.0;4.0;4;6;16;16;7;15;22;12;1.0;2.0;2.0;2.0;16;14
2547;Union Berlin;1;2551;Greuther Furth;1;2;1;1;27883650;48.0;52.0;6;4;3;2;3.0;2.0;2;4;17;17;6;7;28;27;2.0;2.0;1.0;2.0;14;14
36360;RB Leipzig;1;2547;Union Berlin;2;3;1;1;27883630;55.0;45.0;2;9;1;4;1.0;5.0;2;5;10;15;12;2;16;23;2.0;2.0;2.0;0.0;15;9
2547;Union Berlin;2;2674;Eintracht Frankfurt;0;2;1;1;27883614;45.0;55.0;12;6;5;3;7.0;3.0;4;3;9;11;6;12;19;28;2.0;1.0;2.0;3.0;10;8
2528;Hertha BSC;1;2547;Union Berlin;4;5;1;1;27883602;52.0;48.0;12;11;6;9;6.0;2.0;2;8;15;10;8;5;12;26;4.0;0.0;4.0;5.0;9;11
2672;Bayern Munich;4;2547;Union Berlin;0;4;1;1;27883556;68.0;32.0;10;7;5;3;5.0;4.0;3;2;8;7;6;10;17;17;2.0;1.0;2.0;0.0;7;6
2524;VfL Wolfsburg;1;2547;Union Berlin;0;1;1;0;27883524;46.0;54.0;5;10;2;5;3.0;5.0;6;10;17;12;13;7;21;23;0.0;1.0;5.0;2.0;12;14
2540;Arminia Bielefeld;1;2547;Union Berlin;0;1;1;0;27883498;43.0;57.0;6;10;3;5;3.0;5.0;6;4;17;7;10;4;28;28;0.0;2.0;5.0;2.0;6;14
2547;Union Berlin;1;2671;1. FC Cologne;0;1;1;0;27883580;42.0;58.0;12;3;5;1;7.0;2.0;2;4;11;20;7;9;29;23;3.0;3.0;1.0;4.0;18;11
2547;Union Berlin;1;2677;VfB Stuttgart;1;2;1;1;27883544;44.0;56.0;9;7;3;2;6.0;5.0;3;3;14;27;8;9;14;20;3.0;2.0;1.0;2.0;25;14
2547;Union Berlin;3;2556;FSV Mainz;1;4;1;1;27883506;53.0;47.0;4;10;3;1;1.0;9.0;2;6;17;14;11;5;20;21;4.0;3.0;;;13;17
2681;Bayer Leverkusen;2;2538;SC Freiburg;1;3;1;1;27883686;54.0;46.0;10;8;3;2;7.0;6.0;6;9;12;8;11;10;23;20;2.0;3.0;1.0;1.0;7;12
2569;TSG Hoffenheim;2;2681;Bayer Leverkusen;4;6;1;1;27883672;45.0;55.0;10;15;6;8;4.0;7.0;6;7;12;17;8;6;18;21;1.0;0.0;4.0;4.0;14;11
2681;Bayer Leverkusen;0;36360;RB Leipzig;1;1;1;0;27883612;40.0;60.0;12;4;5;1;7.0;3.0;7;1;7;19;7;11;23;10;2.0;1.0;0.0;5.0;18;7
2524;VfL Wolfsburg;0;2681;Bayer Leverkusen;2;2;1;1;27883560;54.0;46.0;12;12;5;6;7.0;6.0;7;7;15;8;9;13;23;22;2.0;3.0;4.0;5.0;6;13
2672;Bayern Munich;1;2681;Bayer Leverkusen;1;2;1;1;27883520;65.0;35.0;14;7;5;2;9.0;5.0;7;2;17;12;6;16;17;17;1.0;2.0;2.0;4.0;10;14
2556;FSV Mainz;3;2681;Bayer Leverkusen;2;5;1;1;27883492;51.0;49.0;12;7;5;7;7.0;0.0;6;2;12;16;2;8;12;18;2.0;2.0;5.0;2.0;14;12
2681;Bayer Leverkusen;2;2528;Hertha BSC;1;3;1;1;27883578;67.0;33.0;10;4;5;3;5.0;1.0;3;3;11;14;7;11;17;21;0.0;1.0;0.0;1.0;12;11
2681;Bayer Leverkusen;0;2671;1. FC Cologne;1;1;1;0;27883542;54.0;46.0;6;5;3;3;3.0;2.0;7;0;20;12;7;14;25;26;2.0;2.0;2.0;3.0;12;19
2681;Bayer Leverkusen;3;2540;Arminia Bielefeld;0;3;1;1;27883504;68.0;32.0;16;6;9;4;7.0;2.0;6;3;11;11;7;9;18;14;0.0;1.0;0.0;1.0;8;10
2551;Greuther Furth;1;2673;Borussia Dortmund;3;4;1;1;27883680;45.0;55.0;6;4;3;3;3.0;1.0;5;2;11;17;1;6;18;16;1.0;1.0;0.0;2.0;15;7
2673;Borussia Dortmund;3;2542;VfL Bochum;4;7;1;1;27883646;55.0;45.0;15;9;10;5;5.0;4.0;10;3;16;16;6;10;18;13;4.0;3.0;1.0;7.0;13;15
2672;Bayern Munich;3;2673;Borussia Dortmund;1;4;1;1;27883628;54.0;46.0;11;6;5;4;6.0;2.0;3;1;17;12;7;10;20;19;0.0;1.0;3.0;2.0;8;14
2673;Borussia Dortmund;6;2524;VfL Wolfsburg;1;7;1;1;27883610;59.0;41.0;11;8;8;4;3.0;4.0;4;6;9;20;5;7;12;17;0.0;2.0;3.0;2.0;14;9
2677;VfB Stuttgart;0;2673;Borussia Dortmund;2;2;1;1;27883600;45.0;55.0;11;9;2;4;9.0;5.0;4;5;7;11;9;15;12;16;2.0;1.0;2.0;2.0;8;6
2671;1. FC Cologne;1;2673;Borussia Dortmund;1;2;1;1;27883568;57.0;43.0;7;6;1;3;6.0;3.0;7;5;19;13;7;10;20;29;2.0;3.0;2.0;0.0;13;16
2556;FSV Mainz;0;2673;Borussia Dortmund;1;1;1;0;32458059;43.0;57.0;6;8;0;4;6.0;4.0;5;5;12;19;5;12;29;27;3.0;4.0;3.0;0.0;18;10
2600;FC Augsburg;1;2673;Borussia Dortmund;1;2;1;1;27883514;39.0;61.0;4;9;3;6;1.0;3.0;5;5;10;19;5;5;26;23;2.0;1.0;5.0;2.0;17;8
2673;Borussia Dortmund;1;36360;RB Leipzig;4;5;1;1;27883574;58.0;42.0;4;8;2;6;2.0;2.0;7;5;11;8;2;9;17;15;3.0;1.0;2.0;1.0;7;10
2673;Borussia Dortmund;1;2540;Arminia Bielefeld;0;1;1;0;27883538;60.0;40.0;10;5;2;3;8.0;2.0;4;5;10;8;7;9;18;20;1.0;1.0;3.0;1.0;5;8
2673;Borussia Dortmund;6;2527;Borussia Monchengladbach;0;6;1;1;27883486;51.0;49.0;14;6;10;3;4.0;3.0;5;5;14;19;5;4;14;18;2.0;1.0;3.0;4.0;17;10
2677;VfB Stuttgart;2;2671;1. FC Cologne;1;3;1;1;27883692;41.0;59.0;16;7;10;2;6.0;5.0;8;10;12;17;10;10;11;28;1.0;4.0;1.0;8.0;16;9
2671;1. FC Cologne;0;2524;VfL Wolfsburg;1;1;1;0;27883676;57.0;43.0;13;5;8;3;5.0;2.0;9;2;14;13;5;9;39;19;0.0;2.0;2.0;8.0;12;12
2600;FC Augsburg;1;2671;1. FC Cologne;4;5;1;1;27883660;45.0;55.0;10;14;5;7;5.0;7.0;5;7;18;14;7;8;26;23;2.0;4.0;4.0;4.0;13;15
2671;1. FC Cologne;3;2540;Arminia Bielefeld;1;4;1;1;27883640;56.0;44.0;12;8;5;4;7.0;4.0;5;10;13;13;12;14;24;26;2.0;3.0;4.0;2.0;10;12
2527;Borussia Monchengladbach;1;2671;1. FC Cologne;3;4;1;1;27883616;52.0;48.0;11;12;5;6;6.0;6.0;5;5;20;17;9;7;35;25;3.0;2.0;3.0;4.0;16;17
2671;1. FC Cologne;3;2556;FSV Mainz;2;5;1;1;27883604;59.0;41.0;7;8;4;6;3.0;2.0;8;5;23;14;4;8;35;17;2.0;2.0;4.0;1.0;14;22
2551;Greuther Furth;1;2671;1. FC Cologne;1;2;1;1;27883518;43.0;57.0;6;10;5;3;1.0;7.0;7;11;13;19;11;3;32;20;1.0;2.0;2.0;4.0;15;13
2671;1. FC Cologne;0;2569;TSG Hoffenheim;1;1;1;0;27883534;55.0;45.0;10;11;5;4;5.0;7.0;4;1;13;13;8;11;34;21;1.0;4.0;3.0;5.0;9;11
2671;1. FC Cologne;1;2674;Eintracht Frankfurt;0;1;1;0;27883500;59.0;41.0;11;4;8;2;3.0;2.0;5;6;16;11;7;5;29;33;1.0;2.0;2.0;7.0;9;16
2527;Borussia Monchengladbach;5;2569;TSG Hoffenheim;1;6;1;1;27883690;53.0;47.0;11;7;6;2;5.0;5.0;6;2;10;10;8;6;9;15;1.0;2.0;1.0;1.0;8;10
2674;Eintracht Frankfurt;1;2527;Borussia Monchengladbach;1;2;1;1;27883668;49.0;51.0;8;6;5;5;3.0;1.0;9;1;7;8;3;6;15;16;1.0;0.0;4.0;4.0;6;7
2538;SC Freiburg;3;2527;Borussia Monchengladbach;3;6;1;1;27883636;60.0;40.0;12;6;6;3;6.0;3.0;8;0;14;11;5;11;15;13;1.0;4.0;1.0;3.0;9;12
2551;Greuther Furth;0;2527;Borussia Monchengladbach;2;2;1;1;27883608;42.0;58.0;8;12;1;7;7.0;5.0;3;5;10;16;7;11;22;24;1.0;0.0;5.0;1.0;11;7
2677;VfB Stuttgart;3;2527;Borussia Monchengladbach;2;5;1;1;27883526;57.0;43.0;14;5;8;3;6.0;2.0;5;2;11;14;4;11;27;14;1.0;2.0;1.0;5.0;10;10
2527;Borussia Monchengladbach;1;2556;FSV Mainz;1;2;1;1;27883582;54.0;46.0;11;10;6;7;5.0;3.0;3;7;23;18;5;6;10;19;2.0;1.0;2.0;0.0;13;20
2527;Borussia Monchengladbach;2;2528;Hertha BSC;0;2;1;1;27883546;52.0;48.0;10;8;5;2;5.0;6.0;3;6;16;10;8;7;15;27;3.0;0.0;2.0;3.0;6;15
2524;VfL Wolfsburg;2;2672;Bayern Munich;2;4;1;1;27883684;39.0;61.0;7;13;2;7;5.0;6.0;2;12;12;7;13;6;6;29;1.0;2.0;5.0;0.0;5;10
2677;VfB Stuttgart;1;2524;VfL Wolfsburg;1;2;1;1;27883654;55.0;45.0;9;7;5;4;4.0;3.0;7;9;11;13;7;9;25;16;3.0;2.0;3.0;4.0;11;11
2524;VfL Wolfsburg;4;2540;Arminia Bielefeld;0;4;1;1;27883596;55.0;45.0;12;6;6;3;6.0;3.0;3;2;13;13;6;8;22;18;0.0;1.0;3.0;2.0;9;12
2600;FC Augsburg;3;2524;VfL Wolfsburg;0;3;1;1;27883588;42.0;58.0;7;11;3;4;4.0;7.0;3;5;11;19;13;7;27;19;1.0;0.0;4.0;0.0;15;11
2538;SC Freiburg;3;2524;VfL Wolfsburg;2;5;1;1;27883548;45.0;55.0;12;8;7;5;5.0;3.0;7;5;12;11;5;11;19;25;2.0;0.0;3.0;4.0;10;9
2524;VfL Wolfsburg;1;2569;TSG Hoffenheim;2;3;1;1;27883488;54.0;46.0;8;6;6;4;2.0;2.0;5;2;20;15;5;4;18;17;1.0;2.0;2.0;5.0;11;18
2540;Arminia Bielefeld;0;2672;Bayern Munich;3;3;1;1;27883626;39.0;61.0;5;17;2;9;3.0;8.0;5;4;10;13;12;10;12;11;1.0;2.0;7.0;2.0;11;10
2672;Bayern Munich;1;2600;FC Augsburg;0;1;1;0;27883592;62.0;38.0;12;3;7;1;5.0;2.0;3;3;25;13;9;12;21;21;1.0;2.0;1.0;1.0;10;22
2538;SC Freiburg;1;2672;Bayern Munich;4;5;1;1;27883584;41.0;59.0;5;14;3;9;2.0;5.0;1;6;10;13;9;4;19;18;1.0;1.0;5.0;2.0;13;7
2569;TSG Hoffenheim;1;2672;Bayern Munich;1;2;1;1;27883550;43.0;57.0;8;16;6;7;2.0;9.0;3;8;17;14;13;5;13;22;4.0;1.0;7.0;5.0;12;10
2674;Eintracht Frankfurt;0;2672;Bayern Munich;1;1;1;0;27883502;36.0;64.0;4;16;1;8;3.0;8.0;2;8;8;19;12;9;18;26;1.0;2.0;7.0;1.0;16;3
2672;Bayern Munich;4;2551;Greuther Furth;1;5;1;1;27883484;69.0;31.0;9;6;7;2;2.0;4.0;6;4;19;18;9;10;18;12;2.0;1.0;0.0;3.0;15;17
2540;Arminia Bielefeld;1;36360;RB Leipzig;1;2;1;1;27883698;46.0;54.0;6;17;4;10;2.0;7.0;2;6;10;14;10;4;15;23;1.0;1.0;9.0;3.0;10;9
36360;RB Leipzig;4;2600;FC Augsburg;0;4;1;1;27883666;62.0;38.0;9;3;6;1;3.0;2.0;5;1;12;12;2;5;13;16;1.0;2.0;0.0;1.0;10;12
2542;VfL Bochum;0;36360;RB Leipzig;1;1;1;0;27883516;56.0;44.0;10;4;4;1;6.0;3.0;5;0;13;21;7;12;21;28;1.0;1.0;0.0;4.0;17;12
36360;RB Leipzig;0;2674;Eintracht Frankfurt;0;0;0;0;27883558;52.0;48.0;12;2;5;0;7.0;2.0;3;2;23;9;7;8;16;19;1.0;5.0;0.0;5.0;6;21
36360;RB Leipzig;1;2538;SC Freiburg;1;2;1;1;27883522;65.0;35.0;11;4;7;3;4.0;1.0;4;1;20;9;2;6;22;12;1.0;0.0;2.0;6.0;8;15
36360;RB Leipzig;3;2671;1. FC Cologne;1;4;1;1;27883466;53.0;47.0;6;7;4;2;2.0;5.0;5;6;11;8;8;5;15;28;1.0;2.0;1.0;1.0;6;11
2569;TSG Hoffenheim;3;2538;SC Freiburg;4;7;1;1;27883656;48.0;52.0;11;7;7;5;4.0;2.0;4;5;8;16;6;7;31;26;1.0;0.0;1.0;4.0;13;6
2538;SC Freiburg;3;2542;VfL Bochum;0;3;1;1;27883618;61.0;39.0;12;7;7;2;5.0;5.0;3;4;9;13;8;7;16;18;;;2.0;4.0;10;8
2674;Eintracht Frankfurt;1;2538;SC Freiburg;2;3;1;1;27883598;54.0;46.0;11;8;5;3;6.0;5.0;2;4;13;15;6;7;20;16;1.0;2.0;1.0;4.0;12;13
2551;Greuther Furth;0;2538;SC Freiburg;0;0;0;0;27883572;44.0;56.0;6;7;1;3;5.0;4.0;1;11;10;16;6;7;22;26;1.0;0.0;3.0;1.0;15;9
2538;SC Freiburg;3;2528;Hertha BSC;0;3;1;1;27883510;59.0;41.0;10;6;5;2;5.0;4.0;6;6;14;14;8;8;9;20;1.0;2.0;2.0;2.0;13;9
2556;FSV Mainz;2;2674;Eintracht Frankfurt;2;4;1;1;27883694;45.0;55.0;9;7;3;3;6.0;4.0;5;3;12;9;12;11;21;16;2.0;0.0;1.0;1.0;7;10
2528;Hertha BSC;1;2556;FSV Mainz;2;3;1;1;27883674;41.0;59.0;11;9;4;6;7.0;3.0;3;8;20;20;4;8;18;28;3.0;1.0;4.0;3.0;18;19
2556;FSV Mainz;0;2677;VfB Stuttgart;0;0;0;0;27883622;56.0;44.0;7;5;0;3;7.0;2.0;5;3;12;18;3;8;27;30;0.0;1.0;3.0;0.0;17;12
2600;FC Augsburg;2;2556;FSV Mainz;1;3;1;1;32669825;45.0;55.0;8;11;3;3;5.0;8.0;5;7;20;15;12;14;13;24;3.0;2.0;2.0;1.0;14;17
2556;FSV Mainz;4;2540;Arminia Bielefeld;0;4;1;1;27883564;52.0;48.0;13;5;6;0;7.0;5.0;6;1;15;17;8;9;28;21;1.0;0.0;0.0;2.0;13;12
2540;Arminia Bielefeld;1;2528;Hertha BSC;1;2;1;1;27883662;53.0;47.0;5;7;2;5;3.0;2.0;2;6;18;16;8;7;24;23;3.0;1.0;4.0;2.0;13;16
2528;Hertha BSC;2;2677;VfB Stuttgart;0;2;1;1;27883638;44.0;56.0;6;9;2;6;4.0;3.0;4;6;9;13;5;10;29;28;1.0;1.0;6.0;0.0;10;8
2600;FC Augsburg;0;2528;Hertha BSC;1;1;1;0;27883624;58.0;42.0;9;6;1;1;8.0;5.0;1;7;17;17;14;14;26;16;4.0;4.0;0.0;1.0;14;17
2528;Hertha BSC;3;2569;TSG Hoffenheim;0;3;1;1;27883566;32.0;68.0;10;5;6;0;4.0;5.0;1;6;14;13;15;8;27;22;2.0;1.0;0.0;3.0;10;13
2528;Hertha BSC;1;2674;Eintracht Frankfurt;4;5;1;1;27883530;45.0;55.0;9;6;5;6;4.0;0.0;3;8;18;14;3;10;18;25;2.0;2.0;2.0;4.0;11;16
2542;VfL Bochum;0;2600;FC Augsburg;2;2;1;1;27883642;59.0;41.0;7;10;2;4;5.0;6.0;10;4;18;11;10;12;25;19;1.0;3.0;2.0;2.0;9;17
2569;TSG Hoffenheim;1;2542;VfL Bochum;2;3;1;1;27883586;56.0;44.0;10;10;6;6;4.0;4.0;5;6;13;11;5;7;20;16;3.0;2.0;4.0;5.0;10;11
2674;Eintracht Frankfurt;2;2542;VfL Bochum;1;3;1;1;27883540;51.0;49.0;7;6;3;5;4.0;1.0;9;3;18;11;5;8;27;28;3.0;4.0;4.0;2.0;10;16
2542;VfL Bochum;2;2551;Greuther Furth;1;3;1;1;27883536;49.0;51.0;11;4;6;1;5.0;3.0;3;6;19;13;8;9;27;23;2.0;4.0;1.0;4.0;13;16
2540;Arminia Bielefeld;1;2677;VfB Stuttgart;1;2;1;1;27883590;54.0;46.0;6;10;4;3;2.0;7.0;6;2;14;13;10;9;19;27;1.0;5.0;2.0;3.0;12;13
2569;TSG Hoffenheim;2;2677;VfB Stuttgart;1;3;1;1;27883512;54.0;46.0;12;8;7;4;5.0;4.0;9;3;17;16;5;13;24;29;3.0;2.0;3.0;5.0;14;13
2677;VfB Stuttgart;3;2600;FC Augsburg;2;5;1;1;27883562;60.0;40.0;16;7;9;4;7.0;3.0;8;0;19;11;4;10;24;9;2.0;3.0;2.0;6.0;11;18
2600;FC Augsburg;2;2551;Greuther Furth;1;3;1;1;27883696;50.0;50.0;5;4;3;3;2.0;1.0;3;5;19;22;5;6;17;21;2.0;3.0;2.0;1.0;21;19
2540;Arminia Bielefeld;0;2600;FC Augsburg;1;1;1;0;27883532;51.0;49.0;6;6;2;1;4.0;5.0;6;1;11;14;13;7;32;37;3.0;5.0;0.0;2.0;13;9
2527;Borussia Monchengladbach;3;2600;FC Augsburg;2;5;1;1;27883474;58.0;42.0;10;12;5;8;5.0;4.0;3;2;16;13;5;7;20;18;2.0;2.0;6.0;2.0;10;14
2674;Eintracht Frankfurt;2;2569;TSG Hoffenheim;2;4;1;1;27883634;56.0;44.0;9;9;8;4;1.0;5.0;9;7;12;12;8;7;25;17;1.0;2.0;3.0;6.0;11;9
2674;Eintracht Frankfurt;0;2551;Greuther Furth;0;0;0;0;27883576;63.0;37.0;13;3;6;2;7.0;1.0;9;0;18;11;3;15;13;20;1.0;0.0;2.0;6.0;9;13
2569;TSG Hoffenheim;0;2551;Greuther Furth;0;0;0;0;27883620;55.0;45.0;10;5;3;1;7.0;4.0;10;1;17;20;8;14;22;16;3.0;3.0;1.0;3.0;19;15
52769;SC Eltersdorf;0;5050;SpVgg Bayreuth;3;3;1;1;27950746;40.0;60.0;2;12;2;6;0.0;6.0;2;8;13;12;14;4;26;16;1.0;2.0;2.0;2.0;12;13
25397;Kisvarda FC;1;8057;Gyirmot FC Gyor;0;1;1;0;27775152;59.0;41.0;12;8;7;4;5.0;4.0;5;3;16;17;6;8;21;19;3.0;2.0;4.0;6.0;14;15
2672;Bayern Munich;3;2817;FC Barcelona;0;3;1;1;28933548;54.0;46.0;12;6;9;3;3.0;3.0;2;5;15;17;5;5;10;17;1.0;2.0;3.0;6.0;13;13
3305;FC Dynamo Kiev;1;2672;Bayern Munich;2;3;1;1;28933544;38.0;62.0;10;7;5;5;5.0;2.0;5;6;17;9;8;10;19;14;1.0;1.0;3.0;4.0;7;15
2672;Bayern Munich;5;3006;Benfica Lisbonu;2;7;1;1;28933540;58.0;42.0;18;5;12;2;6.0;3.0;9;1;8;19;6;8;14;18;2.0;1.0;0.0;6.0;16;4
3006;Benfica Lisbonu;0;2672;Bayern Munich;4;4;1;1;28933538;40.0;60.0;4;16;1;7;3.0;9.0;4;3;18;12;11;4;13;19;2.0;2.0;4.0;1.0;12;11
2672;Bayern Munich;5;3305;FC Dynamo Kiev;0;5;1;1;28933532;64.0;36.0;24;3;11;2;13.0;1.0;8;4;11;10;2;14;11;12;1.0;1.0;2.0;6.0;10;7
2817;FC Barcelona;0;2672;Bayern Munich;3;3;1;1;28933528;50.0;50.0;3;13;0;8;3.0;5.0;2;1;15;11;8;5;14;12;1.0;2.0;5.0;0.0;9;13
2953;Ajax Amsterdam;4;3001;Sporting Lisbon;2;6;1;1;28933444;58.0;42.0;12;8;8;4;4.0;4.0;7;3;8;18;5;5;14;14;2.0;2.0;2.0;2.0;17;8
2953;Ajax Amsterdam;4;2673;Borussia Dortmund;0;4;1;1;28933434;55.0;45.0;15;8;9;3;6.0;5.0;2;2;7;9;5;7;23;23;2.0;1.0;3.0;6.0;8;6
2953;Ajax Amsterdam;2;3050;Besiktas Istanbul;0;2;1;1;28933428;67.0;33.0;16;4;7;0;9.0;4.0;2;3;15;9;4;13;23;13;0.0;2.0;0.0;5.0;8;13
3001;Sporting Lisbon;1;2953;Ajax Amsterdam;5;6;1;1;28933426;50.0;50.0;7;8;4;6;3.0;2.0;5;4;27;15;6;7;21;19;3.0;3.0;1.0;3.0;12;25
44;Liverpool FC;2;3002;FC Porto;0;2;1;1;28933418;54.0;46.0;8;5;5;1;3.0;4.0;7;4;14;20;11;5;21;21;2.0;2.0;0.0;1.0;14;12
44;Liverpool FC;3;2692;AC Milan;2;5;1;1;28933402;60.0;40.0;15;5;9;3;6.0;2.0;15;2;11;9;3;10;15;19;1.0;2.0;1.0;7.0;8;8
2829;Real Madrid;2;2697;Inter Milano;0;2;1;1;28933524;45.0;55.0;12;10;5;3;7.0;7.0;5;7;8;4;9;7;9;9;1.0;2.0;3.0;3.0;4;8
5173;FC Sheriff Tiraspol;0;2829;Real Madrid;3;3;1;1;28933522;38.0;62.0;10;10;4;6;6.0;4.0;3;5;11;13;7;6;12;12;1.0;1.0;2.0;3.0;11;10
2829;Real Madrid;2;3313;FC Shakhtar Donetsk;1;3;1;1;28933516;53.0;47.0;11;10;7;6;4.0;4.0;4;1;17;10;3;4;10;13;2.0;1.0;5.0;5.0;10;16
3313;FC Shakhtar Donetsk;0;2829;Real Madrid;5;5;1;1;28933514;44.0;56.0;3;17;2;10;1.0;7.0;4;6;3;10;10;3;6;7;1.0;0.0;6.0;2.0;8;2
2829;Real Madrid;1;5173;FC Sheriff Tiraspol;2;3;1;1;28933510;67.0;33.0;19;4;11;3;8.0;1.0;13;0;12;10;2;15;25;14;2.0;4.0;1.0;10.0;6;10
2697;Inter Milano;0;2829;Real Madrid;1;1;1;0;28933506;47.0;53.0;7;5;3;2;4.0;3.0;4;5;11;13;6;8;18;18;1.0;1.0;1.0;3.0;9;10
2687;Juventus Turin;4;2321;FK Zenit Saint Petersburg;2;6;1;1;28933614;58.0;42.0;16;7;10;3;6.0;4.0;5;5;7;12;7;12;8;11;2.0;1.0;2.0;5.0;10;7
2321;FK Zenit Saint Petersburg;0;2687;Juventus Turin;1;1;1;0;28933610;41.0;59.0;6;7;3;2;3.0;5.0;7;4;9;9;10;4;13;28;2.0;2.0;1.0;3.0;7;9
2687;Juventus Turin;1;38;Chelsea FC;0;1;1;0;28933606;34.0;66.0;5;8;1;2;4.0;6.0;1;8;19;12;11;5;16;11;1.0;3.0;2.0;0.0;8;18
1892;Malmo FF;0;2687;Juventus Turin;3;3;1;1;28933602;40.0;60.0;8;14;2;9;6.0;5.0;3;3;17;13;11;7;14;12;2.0;1.0;6.0;2.0;13;13
2321;FK Zenit Saint Petersburg;3;38;Chelsea FC;3;6;1;1;28933622;44.0;56.0;12;8;7;8;5.0;0.0;10;8;9;7;6;9;16;15;1.0;1.0;5.0;4.0;5;8
1892;Malmo FF;0;38;Chelsea FC;1;1;1;0;28933612;34.0;66.0;3;13;0;8;3.0;5.0;1;8;11;13;10;5;23;35;0.0;2.0;7.0;0.0;12;10
38;Chelsea FC;4;1892;Malmo FF;0;4;1;1;28933608;71.0;29.0;16;2;8;0;8.0;2.0;7;2;8;15;5;15;24;23;0.0;3.0;0.0;4.0;13;6
38;Chelsea FC;1;2321;FK Zenit Saint Petersburg;0;1;1;0;28933600;62.0;38.0;8;5;3;2;5.0;3.0;7;4;6;7;3;12;19;22;1.0;1.0;2.0;2.0;7;5
17;Manchester City;2;1644;Paris Saint-Germain;1;3;1;1;28933394;58.0;42.0;7;5;4;2;3.0;3.0;7;0;6;14;5;8;12;5;3.0;0.0;1.0;2.0;11;5
2888;Club Brugge;1;17;Manchester City;5;6;1;1;28933384;39.0;61.0;3;16;2;9;1.0;7.0;4;4;12;14;12;3;20;24;3.0;1.0;4.0;1.0;10;8
1644;Paris Saint-Germain;2;17;Manchester City;0;2;1;1;28933380;47.0;53.0;5;12;3;8;2.0;4.0;2;10;15;11;9;2;22;26;1.0;2.0;8.0;1.0;8;12
1644;Paris Saint-Germain;4;2888;Club Brugge;1;5;1;1;28933396;61.0;39.0;13;10;9;6;4.0;4.0;7;6;11;9;10;5;17;15;2.0;1.0;1.0;0.0;8;8
36360;RB Leipzig;2;1644;Paris Saint-Germain;2;4;1;1;28933390;53.0;47.0;11;5;5;4;6.0;1.0;4;4;15;22;1;9;21;15;3.0;6.0;2.0;3.0;17;13
1644;Paris Saint-Germain;3;36360;RB Leipzig;2;5;1;1;28933386;64.0;36.0;8;12;3;4;5.0;8.0;5;4;19;9;7;6;23;14;2.0;3.0;2.0;0.0;7;18
2888;Club Brugge;1;1644;Paris Saint-Germain;1;2;1;1;28933376;39.0;61.0;9;8;5;4;4.0;4.0;6;2;14;12;6;6;15;19;2.0;2.0;3.0;4.0;11;10
35;Manchester United;1;2445;Young Boys Bern;1;2;1;1;28933574;48.0;52.0;6;13;5;4;1.0;9.0;2;4;14;9;11;2;21;26;1.0;0.0;3.0;3.0;8;14
2686;Atalanta BC;2;35;Manchester United;2;4;1;1;28933564;49.0;51.0;6;7;4;5;2.0;2.0;5;1;11;12;4;7;20;20;0.0;1.0;3.0;2.0;11;10
35;Manchester United;3;2686;Atalanta BC;2;5;1;1;28933560;53.0;47.0;16;9;9;6;7.0;3.0;8;5;13;13;10;10;21;26;3.0;4.0;4.0;6.0;10;12
35;Manchester United;2;2819;Villarreal CF;1;3;1;1;28933558;52.0;48.0;12;10;8;6;4.0;4.0;4;4;10;14;4;10;18;11;3.0;4.0;5.0;6.0;11;10
1643;Lille OSC;1;2046;FC Salzburg;0;1;1;0;28933592;51.0;49.0;5;3;1;2;4.0;1.0;4;5;13;16;4;4;26;30;3.0;4.0;2.0;0.0;15;13
1643;Lille OSC;0;2833;Sevilla FC;0;0;0;0;28933586;43.0;57.0;3;9;2;4;1.0;5.0;1;2;6;20;12;7;17;16;4.0;1.0;4.0;2.0;14;4
2046;FC Salzburg;2;1643;Lille OSC;1;3;1;1;28933580;45.0;55.0;7;7;4;2;3.0;5.0;5;3;13;22;9;5;21;25;2.0;5.0;1.0;2.0;20;10
2686;Atalanta BC;2;2819;Villarreal CF;3;5;1;1;28933572;60.0;40.0;14;8;6;6;8.0;2.0;3;1;14;17;2;14;29;17;1.0;2.0;3.0;4.0;10;11
2819;Villarreal CF;2;2445;Young Boys Bern;0;2;1;1;28933566;54.0;46.0;10;7;7;2;3.0;5.0;6;3;21;8;7;5;18;19;3.0;4.0;2.0;5.0;7;18
2445;Young Boys Bern;1;2819;Villarreal CF;4;5;1;1;28933562;47.0;53.0;14;10;4;6;10.0;4.0;3;3;6;15;6;15;19;15;1.0;1.0;2.0;3.0;12;5
2697;Inter Milano;2;3313;FC Shakhtar Donetsk;0;2;1;1;28933520;39.0;61.0;14;7;7;2;7.0;5.0;8;3;16;14;7;11;15;8;0.0;1.0;2.0;5.0;11;13
5173;FC Sheriff Tiraspol;1;2697;Inter Milano;3;4;1;1;28933518;34.0;66.0;7;12;2;6;5.0;6.0;2;5;12;16;13;5;14;14;4.0;2.0;3.0;1.0;13;11
2697;Inter Milano;3;5173;FC Sheriff Tiraspol;1;4;1;1;28933512;67.0;33.0;20;4;9;3;11.0;1.0;13;4;7;9;4;17;21;8;1.0;1.0;2.0;6.0;9;6
3313;FC Shakhtar Donetsk;0;2697;Inter Milano;0;0;0;0;28933508;59.0;41.0;6;8;2;2;4.0;6.0;2;5;20;17;8;7;16;12;0.0;1.0;2.0;2.0;17;18
2524;VfL Wolfsburg;2;2046;FC Salzburg;1;3;1;1;28933588;45.0;55.0;6;10;4;5;2.0;5.0;1;4;16;13;10;2;14;31;3.0;1.0;4.0;2.0;12;12
2046;FC Salzburg;3;2524;VfL Wolfsburg;1;4;1;1;28933584;55.0;45.0;11;9;7;5;4.0;4.0;10;4;9;19;4;14;26;23;2.0;2.0;4.0;4.0;17;9
2833;Sevilla FC;1;2046;FC Salzburg;1;2;1;1;28933576;45.0;55.0;8;11;2;7;6.0;4.0;4;6;14;16;6;8;25;16;5.0;4.0;6.0;1.0;16;14
3050;Besiktas Istanbul;1;3001;Sporting Lisbon;4;5;1;1;28933432;60.0;40.0;8;9;3;6;5.0;3.0;5;7;15;22;4;6;16;18;4.0;3.0;2.0;2.0;13;15
2673;Borussia Dortmund;1;3001;Sporting Lisbon;0;1;1;0;28933430;55.0;45.0;5;5;4;1;1.0;4.0;5;5;9;20;7;1;25;24;2.0;2.0;1.0;3.0;13;6
3050;Besiktas Istanbul;1;2673;Borussia Dortmund;2;3;1;1;28933424;54.0;46.0;10;13;5;7;5.0;6.0;4;5;11;13;8;9;12;14;3.0;2.0;5.0;4.0;12;11
3006;Benfica Lisbonu;2;3305;FC Dynamo Kiev;0;2;1;1;28933550;40.0;60.0;8;5;5;1;3.0;4.0;4;7;17;13;9;5;18;22;1.0;3.0;1.0;2.0;12;12
2817;FC Barcelona;0;3006;Benfica Lisbonu;0;0;0;0;28933546;60.0;40.0;11;4;4;2;7.0;2.0;6;3;17;21;5;9;24;17;1.0;4.0;2.0;3.0;13;14
3305;FC Dynamo Kiev;0;3006;Benfica Lisbonu;0;0;0;0;28933530;36.0;64.0;5;6;4;4;1.0;2.0;5;3;12;18;8;1;20;26;3.0;3.0;4.0;4.0;10;12
2888;Club Brugge;0;36360;RB Leipzig;5;5;1;1;28933392;51.0;49.0;5;15;2;10;3.0;5.0;13;5;14;18;7;4;26;22;3.0;1.0;3.0;2.0;13;11
36360;RB Leipzig;1;2888;Club Brugge;2;3;1;1;28933382;60.0;40.0;7;5;2;5;5.0;0.0;4;5;21;15;2;7;21;18;0.0;2.0;3.0;1.0;14;15
2836;Atletico Madrid;0;2692;AC Milan;1;1;1;0;28933416;43.0;57.0;4;11;2;5;2.0;6.0;2;3;18;20;15;6;18;17;1.0;3.0;4.0;2.0;19;15
3313;FC Shakhtar Donetsk;1;5173;FC Sheriff Tiraspol;1;2;1;1;28933526;71.0;29.0;17;10;6;5;11.0;5.0;7;2;15;11;7;13;13;10;2.0;2.0;4.0;5.0;8;12
5173;FC Sheriff Tiraspol;2;3313;FC Shakhtar Donetsk;0;2;1;1;28933504;28.0;72.0;7;8;4;2;3.0;6.0;5;17;5;6;19;4;17;18;1.0;0.0;1.0;2.0;5;5
3305;FC Dynamo Kiev;0;2817;FC Barcelona;1;1;1;0;28933542;40.0;60.0;10;8;3;3;7.0;5.0;1;7;17;16;7;12;25;15;2.0;3.0;2.0;4.0;11;16
2817;FC Barcelona;1;3305;FC Dynamo Kiev;0;1;1;0;28933536;60.0;40.0;10;0;3;0;7.0;0.0;11;0;8;19;3;11;17;13;1.0;0.0;0.0;2.0;17;6
2833;Sevilla FC;2;2524;VfL Wolfsburg;0;2;1;1;28933594;56.0;44.0;10;6;7;1;3.0;5.0;7;1;15;20;7;10;28;13;1.0;3.0;1.0;4.0;18;15
2445;Young Boys Bern;3;2686;Atalanta BC;3;6;1;1;28933570;56.0;44.0;10;7;7;4;3.0;3.0;8;5;16;21;6;7;22;18;3.0;2.0;1.0;2.0;18;15
2686;Atalanta BC;1;2445;Young Boys Bern;0;1;1;0;28933556;63.0;37.0;10;3;6;1;4.0;2.0;5;3;15;11;5;11;28;19;1.0;1.0;1.0;5.0;10;13
2321;FK Zenit Saint Petersburg;4;1892;Malmo FF;0;4;1;1;28933604;55.0;45.0;15;5;8;3;7.0;2.0;10;0;10;15;4;11;13;8;0.0;2.0;3.0;4.0;15;10
2692;AC Milan;1;3002;FC Porto;1;2;1;1;28933412;51.0;49.0;5;11;1;5;4.0;6.0;6;5;18;17;9;6;22;21;1.0;4.0;4.0;1.0;10;17
3002;FC Porto;1;2692;AC Milan;0;1;1;0;28933410;52.0;48.0;15;5;5;1;10.0;4.0;7;1;18;14;7;13;23;20;2.0;5.0;1.0;3.0;13;15
5201;Hapoel Haifa FC;1;5204;Beitar Jerusalem FC;1;2;1;1;32671575;59.0;41.0;14;9;5;4;9.0;5.0;7;3;12;13;8;9;20;14;1.0;0.0;3.0;4.0;9;10
5204;Beitar Jerusalem FC;0;5197;Maccabi Haifa FC;1;1;1;0;27772376;46.0;54.0;6;14;2;6;4.0;8.0;2;8;15;15;13;7;24;16;5.0;1.0;5.0;2.0;14;12
5393;Hapoel Nof Hagalil FC;1;5198;Maccabi Tel Aviv FC;3;4;1;1;27772348;45.0;55.0;7;10;3;7;4.0;3.0;1;7;18;15;4;5;19;14;2.0;3.0;4.0;2.0;13;14
2793;Sassuolo Calcio;0;2692;AC Milan;3;3;1;1;28160582;56.0;44.0;11;14;1;11;10.0;3.0;3;7;15;8;6;10;11;14;2.0;1.0;8.0;1.0;8;12
2692;AC Milan;2;2686;Atalanta BC;0;2;1;1;28160560;49.0;51.0;8;7;5;2;3.0;5.0;4;6;15;8;8;9;20;16;3.0;4.0;2.0;3.0;8;14
2701;Hellas Verona;1;2692;AC Milan;3;4;1;1;28160534;48.0;52.0;9;14;3;8;6.0;6.0;5;8;9;16;10;13;20;19;2.0;1.0;5.0;2.0;16;7
2692;AC Milan;1;2693;ACF Fiorentina;0;1;1;0;28160518;48.0;52.0;11;4;3;2;8.0;2.0;2;2;19;25;5;9;25;16;1.0;3.0;2.0;2.0;19;17
2699;Lazio Rome;1;2692;AC Milan;2;3;1;1;28160500;47.0;53.0;6;15;4;8;2.0;7.0;2;8;18;13;10;4;22;20;3.0;4.0;6.0;3.0;13;16
2692;AC Milan;2;2713;Genoa CFC;0;2;1;1;28160480;60.0;40.0;7;5;4;1;3.0;4.0;3;1;20;15;8;7;21;23;1.0;2.0;1.0;2.0;12;19
2696;Torino FC;0;2692;AC Milan;0;0;0;0;28160466;44.0;56.0;6;7;3;4;3.0;3.0;6;5;8;22;10;5;18;20;2.0;2.0;4.0;3.0;18;7
2719;Cagliari Calcio;0;2692;AC Milan;1;1;1;0;28160412;42.0;58.0;5;13;1;5;4.0;8.0;6;5;14;12;14;6;20;25;1.0;0.0;4.0;1.0;11;14
2714;SSC Napoli;0;2692;AC Milan;1;1;1;0;28160382;59.0;41.0;8;8;1;6;7.0;2.0;6;7;16;9;3;10;22;20;4.0;4.0;5.0;1.0;8;16
2692;AC Milan;0;2685;Bologna FC;0;0;0;0;28160440;52.0;48.0;16;8;7;4;9.0;4.0;9;2;8;14;3;14;12;21;0.0;2.0;4.0;7.0;10;7
2692;AC Milan;1;2705;Empoli FC;0;1;1;0;28160398;53.0;47.0;9;3;5;2;4.0;1.0;5;4;14;8;6;7;16;18;1.0;0.0;2.0;4.0;6;12
2692;AC Milan;1;2695;Udinese Calcio;1;2;1;1;28160360;60.0;40.0;4;7;3;5;1.0;2.0;5;4;22;16;4;5;15;18;2.0;4.0;4.0;2.0;13;18
2697;Inter Milano;3;2711;Sampdoria Genoa;0;3;1;1;28160576;57.0;43.0;15;4;10;3;5.0;1.0;8;2;12;7;6;8;13;11;1.0;2.0;3.0;7.0;6;12
2697;Inter Milano;4;2705;Empoli FC;2;6;1;1;28160536;63.0;37.0;22;2;11;2;11.0;0.0;15;2;9;12;2;11;21;16;1.0;0.0;0.0;8.0;10;8
2695;Udinese Calcio;1;2697;Inter Milano;2;3;1;1;28160528;47.0;53.0;6;6;4;4;2.0;2.0;5;11;12;13;5;5;16;10;2.0;1.0;2.0;3.0;12;10
2697;Inter Milano;3;2702;AS Roma;1;4;1;1;28160498;43.0;57.0;7;5;6;2;1.0;3.0;4;3;13;12;5;3;24;18;2.0;2.0;1.0;3.0;11;12
2735;Spezia Calcio;1;2697;Inter Milano;3;4;1;1;28160486;32.0;68.0;7;17;4;7;3.0;10.0;6;7;12;10;12;5;20;18;2.0;0.0;4.0;3.0;9;11
2687;Juventus Turin;0;2697;Inter Milano;1;1;1;0;28160436;51.0;49.0;15;4;4;2;11.0;2.0;8;1;21;11;4;11;20;14;4.0;4.0;1.0;4.0;9;20
2696;Torino FC;1;2697;Inter Milano;1;2;1;1;28160406;46.0;54.0;10;11;4;6;6.0;5.0;3;4;16;16;12;12;15;19;1.0;5.0;5.0;3.0;15;15
2697;Inter Milano;2;2701;Hellas Verona;0;2;1;1;28160458;49.0;51.0;15;5;7;3;8.0;2.0;10;2;8;12;7;11;23;15;2.0;0.0;3.0;5.0;10;7
2697;Inter Milano;1;2693;ACF Fiorentina;1;2;1;1;28160418;50.0;50.0;7;7;5;4;2.0;3.0;5;3;11;19;8;4;9;23;1.0;2.0;3.0;4.0;15;11
2697;Inter Milano;5;2710;US Salernitana;0;5;1;1;28160378;60.0;40.0;16;6;11;3;5.0;3.0;10;3;8;16;4;7;12;13;2.0;1.0;3.0;6.0;12;7
2735;Spezia Calcio;0;2714;SSC Napoli;3;3;1;1;28160584;31.0;69.0;12;4;4;3;8.0;1.0;4;2;10;12;2;10;10;16;1.0;2.0;0.0;4.0;10;10
2714;SSC Napoli;3;2713;Genoa CFC;0;3;1;1;28160562;67.0;33.0;13;8;9;3;4.0;5.0;9;2;18;18;4;5;16;16;1.0;1.0;3.0;6.0;15;15
2696;Torino FC;0;2714;SSC Napoli;1;1;1;0;28160546;42.0;58.0;5;7;2;4;3.0;3.0;6;4;13;19;4;4;16;23;2.0;3.0;4.0;2.0;17;12
2714;SSC Napoli;6;2793;Sassuolo Calcio;1;7;1;1;28160520;53.0;47.0;14;7;7;4;7.0;3.0;4;3;9;13;5;11;10;9;0.0;3.0;3.0;1.0;8;8
2705;Empoli FC;3;2714;SSC Napoli;2;5;1;1;28160492;41.0;59.0;15;9;9;3;6.0;6.0;10;7;12;14;7;11;19;15;4.0;1.0;1.0;6.0;13;10
2686;Atalanta BC;1;2714;SSC Napoli;3;4;1;1;28160430;57.0;43.0;12;6;3;5;9.0;1.0;9;1;15;14;4;15;21;21;2.0;3.0;2.0;2.0;14;12
2699;Lazio Rome;1;2714;SSC Napoli;2;3;1;1;28160358;45.0;55.0;12;7;8;5;4.0;2.0;1;5;15;13;3;6;9;25;3.0;2.0;3.0;7.0;13;13
2714;SSC Napoli;2;2693;ACF Fiorentina;3;5;1;1;28160460;50.0;50.0;9;9;3;4;6.0;5.0;3;2;18;15;9;9;17;9;0.0;3.0;1.0;1.0;10;17
2696;Torino FC;0;2702;AS Roma;3;3;1;1;28160586;57.0;43.0;8;10;2;6;6.0;4.0;5;6;15;13;7;7;16;20;2.0;2.0;3.0;2.0;9;12
2701;Hellas Verona;0;2696;Torino FC;1;1;1;0;28160556;47.0;53.0;9;7;5;3;4.0;4.0;4;4;18;19;4;9;16;18;3.0;2.0;2.0;5.0;18;17
2686;Atalanta BC;4;2696;Torino FC;4;8;1;1;32958247;48.0;52.0;9;5;6;4;3.0;1.0;8;0;9;12;4;7;25;32;2.0;2.0;1.0;2.0;10;8
2696;Torino FC;2;2735;Spezia Calcio;1;3;1;1;28160506;53.0;47.0;11;4;7;2;4.0;2.0;5;6;14;10;8;10;17;21;1.0;2.0;1.0;5.0;9;12
2699;Lazio Rome;1;2696;Torino FC;1;2;1;1;28160478;46.0;54.0;7;6;4;3;3.0;3.0;9;7;13;10;3;8;17;14;1.0;2.0;2.0;3.0;10;12
2696;Torino FC;1;2719;Cagliari Calcio;2;3;1;1;28160368;57.0;43.0;13;9;6;6;7.0;3.0;4;3;22;19;10;9;17;25;2.0;4.0;4.0;6.0;16;20
2699;Lazio Rome;3;2701;Hellas Verona;3;6;1;1;28160578;55.0;45.0;12;10;5;7;7.0;3.0;6;4;22;12;5;7;24;24;2.0;6.0;4.0;2.0;11;18
2687;Juventus Turin;2;2699;Lazio Rome;2;4;1;1;28160558;37.0;63.0;5;13;3;6;2.0;7.0;0;9;12;20;11;2;11;15;3.0;3.0;5.0;1.0;16;12
2699;Lazio Rome;2;2711;Sampdoria Genoa;0;2;1;1;28160538;62.0;38.0;13;6;10;2;3.0;4.0;6;0;11;9;3;10;14;22;1.0;1.0;2.0;8.0;9;9
2735;Spezia Calcio;3;2699;Lazio Rome;4;7;1;1;28160526;30.0;70.0;5;17;3;8;2.0;9.0;4;5;12;17;11;4;17;20;3.0;1.0;5.0;0.0;14;10
2713;Genoa CFC;1;2699;Lazio Rome;4;5;1;1;28160456;41.0;59.0;9;16;4;11;5.0;5.0;3;6;9;9;5;8;25;20;0.0;1.0;7.0;4.0;7;8
2702;AS Roma;3;2699;Lazio Rome;0;3;1;1;28160424;34.0;66.0;9;5;5;2;4.0;3.0;6;3;12;19;9;6;15;25;4.0;3.0;2.0;2.0;18;11
2695;Udinese Calcio;1;2699;Lazio Rome;1;2;1;1;28160346;39.0;61.0;7;7;2;2;5.0;5.0;2;12;9;26;11;5;13;12;3.0;2.0;1.0;1.0;22;9
2699;Lazio Rome;2;2793;Sassuolo Calcio;1;3;1;1;28160438;53.0;47.0;11;12;5;5;6.0;7.0;4;3;10;13;6;10;9;9;1.0;3.0;4.0;3.0;12;10
2699;Lazio Rome;1;2688;Venezia FC;0;1;1;0;28160396;65.0;35.0;6;5;1;3;5.0;2.0;8;4;14;13;2;9;23;5;1.0;1.0;3.0;1.0;11;12
2710;US Salernitana;0;2695;Udinese Calcio;4;4;1;1;28160580;51.0;49.0;20;16;9;10;11.0;6.0;7;1;13;11;6;10;10;11;1.0;1.0;6.0;10.0;9;11
2705;Empoli FC;1;2710;US Salernitana;1;2;1;1;28160554;44.0;56.0;15;15;6;8;9.0;7.0;3;11;8;18;10;13;16;20;2.0;2.0;7.0;5.0;17;8
2686;Atalanta BC;1;2710;US Salernitana;1;2;1;1;28160510;62.0;38.0;9;10;4;9;5.0;1.0;11;4;9;13;3;14;23;23;3.0;2.0;8.0;3.0;11;9
2710;US Salernitana;2;2693;ACF Fiorentina;1;3;1;1;28160502;28.0;72.0;7;6;4;3;3.0;3.0;6;4;14;18;10;5;12;23;1.0;1.0;2.0;2.0;15;12
2695;Udinese Calcio;0;2710;US Salernitana;1;1;1;0;32958239;54.0;46.0;7;7;2;2;5.0;5.0;9;3;15;20;7;9;27;29;3.0;5.0;1.0;2.0;19;15
2711;Sampdoria Genoa;1;2710;US Salernitana;2;3;1;1;28160484;67.0;33.0;4;6;2;2;2.0;4.0;5;2;26;22;8;7;25;14;1.0;7.0;0.0;1.0;20;23
2702;AS Roma;2;2710;US Salernitana;1;3;1;1;28160462;66.0;34.0;11;5;6;3;5.0;2.0;9;2;22;18;3;11;20;12;5.0;8.0;2.0;4.0;17;22
2687;Juventus Turin;2;2710;US Salernitana;0;2;1;1;28160420;54.0;46.0;9;8;6;4;3.0;4.0;5;5;13;11;9;9;21;16;3.0;2.0;4.0;4.0;10;13
2695;Udinese Calcio;2;2735;Spezia Calcio;3;5;1;1;28160568;62.0;38.0;14;7;8;6;6.0;1.0;4;2;10;19;4;10;26;16;3.0;2.0;3.0;6.0;17;9
2793;Sassuolo Calcio;1;2695;Udinese Calcio;1;2;1;1;28160542;59.0;41.0;8;9;4;5;4.0;4.0;6;9;24;10;4;10;11;12;2.0;2.0;4.0;3.0;9;18
2693;ACF Fiorentina;0;2695;Udinese Calcio;4;4;1;1;32958241;73.0;27.0;14;12;8;7;6.0;5.0;14;2;26;13;7;10;19;12;3.0;4.0;3.0;8.0;11;22
2685;Bologna FC;2;2695;Udinese Calcio;2;4;1;1;28160490;55.0;45.0;8;15;4;6;4.0;9.0;2;4;22;14;10;6;21;14;2.0;2.0;4.0;2.0;12;20
2688;Venezia FC;1;2695;Udinese Calcio;2;3;1;1;28160468;54.0;46.0;7;12;3;6;4.0;6.0;7;11;14;14;9;6;21;29;7.0;2.0;4.0;2.0;14;11
2695;Udinese Calcio;4;2705;Empoli FC;1;5;1;1;28160488;40.0;60.0;11;4;5;3;6.0;1.0;4;7;16;19;4;8;13;13;1.0;4.0;2.0;2.0;17;16
2695;Udinese Calcio;1;2702;AS Roma;1;2;1;1;28160408;37.0;63.0;10;6;4;3;6.0;3.0;6;4;13;17;9;8;21;20;3.0;2.0;2.0;3.0;15;12
2686;Atalanta BC;0;2705;Empoli FC;1;1;1;0;28160570;62.0;38.0;17;6;7;3;10.0;3.0;15;2;9;8;4;18;17;21;1.0;1.0;2.0;7.0;6;7
2735;Spezia Calcio;1;2686;Atalanta BC;3;4;1;1;28160544;35.0;65.0;4;10;1;5;3.0;5.0;0;3;15;14;6;6;23;27;2.0;3.0;2.0;0.0;10;12
2688;Venezia FC;1;2686;Atalanta BC;3;4;1;1;28160508;40.0;60.0;6;11;3;4;3.0;7.0;0;7;13;16;6;7;12;14;0.0;3.0;1.0;2.0;14;13
2793;Sassuolo Calcio;2;2686;Atalanta BC;1;3;1;1;28160464;50.0;50.0;12;10;7;5;5.0;5.0;8;8;17;18;8;5;12;15;2.0;1.0;4.0;5.0;16;13
2685;Bologna FC;0;2686;Atalanta BC;1;1;1;0;28160410;59.0;41.0;7;8;3;2;4.0;6.0;6;3;17;11;10;5;26;19;0.0;1.0;1.0;3.0;9;12
2686;Atalanta BC;1;2701;Hellas Verona;2;3;1;1;28160470;55.0;45.0;13;14;4;5;9.0;9.0;10;1;14;14;7;12;26;15;3.0;3.0;4.0;3.0;13;13
2686;Atalanta BC;0;2713;Genoa CFC;0;0;0;0;28160390;57.0;43.0;8;8;2;3;6.0;5.0;4;3;19;17;8;10;34;24;2.0;0.0;4.0;2.0;15;18
2719;Cagliari Calcio;1;2701;Hellas Verona;2;3;1;1;28160512;58.0;42.0;9;8;5;3;4.0;5.0;2;2;21;18;11;7;31;14;2.0;4.0;1.0;4.0;16;18
2701;Hellas Verona;1;2711;Sampdoria Genoa;1;2;1;1;28160496;58.0;42.0;7;3;1;2;6.0;1.0;4;5;15;18;3;12;16;23;1.0;3.0;1.0;0.0;14;15
2705;Empoli FC;1;2701;Hellas Verona;1;2;1;1;28160414;39.0;61.0;5;10;2;4;3.0;6.0;3;7;13;16;11;6;25;29;2.0;3.0;3.0;1.0;15;13
2693;ACF Fiorentina;1;2701;Hellas Verona;1;2;1;1;28160374;55.0;45.0;6;1;2;1;4.0;0.0;4;2;19;14;12;8;19;24;0.0;4.0;0.0;1.0;14;15
2701;Hellas Verona;1;2713;Genoa CFC;0;1;1;0;28160434;48.0;52.0;6;8;3;5;3.0;3.0;2;5;15;18;9;11;31;32;4.0;3.0;5.0;2.0;16;15
2701;Hellas Verona;3;2688;Venezia FC;1;4;1;1;28160356;58.0;42.0;16;7;12;4;4.0;3.0;5;5;7;12;5;7;31;28;0.0;1.0;3.0;9.0;12;6
2713;Genoa CFC;0;2685;Bologna FC;1;1;1;0;28160574;51.0;49.0;11;6;5;3;6.0;3.0;9;9;16;20;7;6;25;36;3.0;1.0;2.0;5.0;18;12
2685;Bologna FC;1;2793;Sassuolo Calcio;3;4;1;1;28160550;55.0;45.0;4;11;2;6;2.0;5.0;4;9;10;14;9;10;19;15;0.0;1.0;3.0;1.0;10;9
2688;Venezia FC;4;2685;Bologna FC;3;7;1;1;28160548;41.0;59.0;11;16;7;8;4.0;8.0;4;8;12;10;9;5;19;22;2.0;4.0;5.0;3.0;8;12
2702;AS Roma;0;2685;Bologna FC;0;0;0;0;28160522;41.0;59.0;11;8;5;4;6.0;4.0;10;5;12;12;5;13;30;18;0.0;1.0;4.0;5.0;11;10
2685;Bologna FC;2;2711;Sampdoria Genoa;0;2;1;1;28160450;52.0;48.0;12;6;4;2;8.0;4.0;6;0;16;13;10;8;20;13;1.0;2.0;2.0;2.0;11;11
2685;Bologna FC;0;2696;Torino FC;0;0;0;0;28160370;52.0;48.0;3;10;1;2;2.0;8.0;5;7;17;25;10;7;22;16;3.0;3.0;2.0;1.0;23;16
2693;ACF Fiorentina;2;2687;Juventus Turin;0;2;1;1;28160572;67.0;33.0;8;0;3;0;5.0;0.0;6;2;16;13;3;8;17;17;3.0;3.0;0.0;1.0;13;13
2713;Genoa CFC;2;2687;Juventus Turin;1;3;1;1;28160532;44.0;56.0;15;9;6;4;9.0;5.0;9;2;16;15;9;10;12;23;2.0;3.0;3.0;5.0;12;13
2793;Sassuolo Calcio;1;2687;Juventus Turin;2;3;1;1;28160504;64.0;36.0;13;8;7;5;6.0;3.0;6;4;11;16;4;10;10;9;2.0;2.0;3.0;6.0;15;8
2719;Cagliari Calcio;1;2687;Juventus Turin;2;3;1;1;28160452;40.0;60.0;3;15;1;7;2.0;8.0;1;4;13;19;14;2;25;36;1.0;0.0;5.0;0.0;19;10
2711;Sampdoria Genoa;1;2687;Juventus Turin;3;4;1;1;28160402;48.0;52.0;10;5;4;4;6.0;1.0;9;0;16;7;2;11;17;21;0.0;2.0;2.0;3.0;7;15
2705;Empoli FC;2;2687;Juventus Turin;3;5;1;1;28160352;52.0;48.0;9;10;2;5;7.0;5.0;7;3;8;14;10;16;17;11;2.0;0.0;2.0;0.0;12;8
2687;Juventus Turin;1;2735;Spezia Calcio;0;1;1;0;28160380;57.0;43.0;5;8;4;4;1.0;4.0;4;4;13;17;5;6;19;17;3.0;2.0;4.0;3.0;14;12
2711;Sampdoria Genoa;1;2713;Genoa CFC;0;1;1;0;28160524;49.0;51.0;5;10;2;3;3.0;7.0;1;2;27;13;11;7;28;29;3.0;1.0;3.0;1.0;12;23
2695;Udinese Calcio;2;2711;Sampdoria Genoa;1;3;1;1;28160386;46.0;54.0;12;4;4;2;8.0;2.0;11;4;15;22;6;12;17;18;5.0;2.0;1.0;2.0;18;14
2711;Sampdoria Genoa;0;2702;AS Roma;1;1;1;0;28160444;47.0;53.0;3;4;2;1;1.0;3.0;4;4;15;15;5;6;19;11;2.0;3.0;0.0;2.0;15;12
2711;Sampdoria Genoa;2;2705;Empoli FC;0;2;1;1;28160344;47.0;53.0;5;6;2;3;3.0;3.0;3;6;12;20;10;3;16;30;4.0;2.0;3.0;0.0;17;12
2713;Genoa CFC;0;2705;Empoli FC;0;0;0;0;28160376;52.0;48.0;15;6;6;2;9.0;4.0;7;2;19;17;6;13;33;34;4.0;3.0;2.0;6.0;15;19
2705;Empoli FC;0;2735;Spezia Calcio;0;0;0;0;28160454;57.0;43.0;11;5;5;3;6.0;2.0;5;4;17;14;6;10;34;24;2.0;2.0;3.0;5.0;12;17
2702;AS Roma;1;2688;Venezia FC;1;2;1;1;28160564;69.0;31.0;28;2;16;2;12.0;0.0;20;2;14;11;2;16;28;11;2.0;5.0;1.0;15.0;11;14
2693;ACF Fiorentina;2;2702;AS Roma;0;2;1;1;28160530;50.0;50.0;9;3;7;1;2.0;2.0;5;3;12;17;5;5;14;23;3.0;1.0;1.0;5.0;16;11
2702;AS Roma;2;2701;Hellas Verona;2;4;1;1;28160340;56.0;44.0;7;4;4;3;3.0;1.0;4;2;17;19;4;9;33;23;3.0;2.0;1.0;2.0;18;14
2693;ACF Fiorentina;1;2688;Venezia FC;0;1;1;0;28160474;75.0;25.0;12;1;5;1;7.0;0.0;5;0;22;15;6;12;22;16;4.0;4.0;1.0;4.0;14;18
2713;Genoa CFC;1;2719;Cagliari Calcio;0;1;1;0;28160494;55.0;45.0;5;6;2;1;3.0;5.0;2;3;20;27;11;11;26;28;3.0;2.0;1.0;1.0;24;19
2688;Venezia FC;1;2713;Genoa CFC;1;2;1;1;28160348;50.0;50.0;6;7;2;2;4.0;5.0;6;5;18;15;7;7;33;25;2.0;2.0;1.0;1.0;14;16
2688;Venezia FC;0;2719;Cagliari Calcio;0;0;0;0;28160588;44.0;56.0;6;15;1;7;5.0;8.0;6;11;21;12;14;8;15;14;0.0;3.0;7.0;1.0;7;18
2735;Spezia Calcio;1;2688;Venezia FC;0;1;1;0;28160446;54.0;46.0;4;8;3;2;1.0;6.0;5;2;12;17;10;10;26;25;3.0;1.0;2.0;2.0;14;12
2688;Venezia FC;1;2793;Sassuolo Calcio;4;5;1;1;28160388;45.0;55.0;8;13;4;11;4.0;2.0;8;6;14;23;3;7;17;14;4.0;1.0;7.0;3.0;16;13
2719;Cagliari Calcio;1;2793;Sassuolo Calcio;0;1;1;0;28160472;36.0;64.0;13;6;8;2;5.0;4.0;3;3;12;20;8;10;24;27;2.0;2.0;2.0;7.0;14;11
2735;Spezia Calcio;2;2719;Cagliari Calcio;0;2;1;1;28160404;45.0;55.0;12;8;9;1;3.0;7.0;8;7;17;15;9;12;28;26;1.0;4.0;2.0;7.0;11;17
2793;Sassuolo Calcio;4;2735;Spezia Calcio;1;5;1;1;28160426;57.0;43.0;9;5;7;1;2.0;4.0;6;2;13;16;6;4;23;23;2.0;3.0;0.0;3.0;15;12
2685;Bologna FC;2;2735;Spezia Calcio;1;3;1;1;28160330;62.0;38.0;15;5;8;2;7.0;3.0;11;0;16;11;3;11;24;19;1.0;1.0;1.0;6.0;7;13
3135;Sanfrecce Hiroshima;2;3137;Yokohama Marinos;0;2;1;1;31767621;39.0;61.0;14;3;4;0;10.0;3.0;4;6;14;16;8;11;32;25;2.0;1.0;0.0;2.0;14;13
3137;Yokohama Marinos;2;3146;Vissel Kobe;0;2;1;1;31767667;45.0;55.0;16;15;9;5;7.0;10.0;7;10;15;12;13;11;25;33;1.0;0.0;5.0;6.0;12;13
3141;Cerezo Osaka;0;3134;Kashima Antlers;3;3;1;1;31767679;56.0;44.0;10;8;4;7;6.0;1.0;8;0;14;11;6;14;37;22;1.0;1.0;4.0;4.0;10;13
3141;Cerezo Osaka;0;3140;Kashiwa Reysol;1;1;1;0;31767613;53.0;47.0;5;5;2;2;3.0;3.0;8;1;12;17;5;9;36;9;3.0;1.0;1.0;2.0;13;12
3136;Nagoya Grampus;1;3140;Kashiwa Reysol;1;2;1;1;31767593;45.0;55.0;11;7;6;4;5.0;3.0;6;8;12;9;5;8;28;27;2.0;3.0;3.0;5.0;8;11
3140;Kashiwa Reysol;0;3149;Kyoto Sanga FC;2;2;1;1;31767663;58.0;42.0;6;5;4;2;2.0;3.0;3;6;16;19;10;4;39;24;1.0;2.0;0.0;4.0;15;14
3140;Kashiwa Reysol;2;3132;Jubilo Iwata;0;2;1;1;31767599;58.0;42.0;11;4;4;2;7.0;2.0;8;2;9;8;3;12;20;20;2.0;1.0;2.0;3.0;8;8
3147;FC Tokyo;2;3135;Sanfrecce Hiroshima;1;3;1;1;31767567;51.0;49.0;8;10;4;5;4.0;5.0;5;6;21;10;11;10;32;30;1.0;1.0;4.0;2.0;8;17
3142;Hokkaido Consadole Sapporo;1;3135;Sanfrecce Hiroshima;1;2;1;1;31512839;54.0;46.0;15;9;5;2;10.0;7.0;3;2;11;12;11;14;21;24;1.0;2.0;1.0;4.0;11;11
3135;Sanfrecce Hiroshima;1;3143;Avispa Fukuoka;0;1;1;0;31767639;53.0;47.0;6;3;3;1;3.0;2.0;9;2;16;16;5;8;30;23;2.0;0.0;1.0;2.0;14;15
3132;Jubilo Iwata;2;3136;Nagoya Grampus;1;3;1;1;31767669;44.0;56.0;7;5;4;2;3.0;3.0;6;2;12;9;9;8;8;17;1.0;0.0;1.0;2.0;7;11
3135;Sanfrecce Hiroshima;0;5127;Kawasaki Frontale;2;2;1;1;31767585;45.0;55.0;8;8;3;3;5.0;5.0;4;6;13;16;4;13;33;30;0.0;1.0;1.0;3.0;14;11
5127;Kawasaki Frontale;1;3136;Nagoya Grampus;0;1;1;0;31767573;59.0;41.0;8;9;2;5;6.0;4.0;3;11;11;13;8;11;23;27;1.0;1.0;5.0;1.0;12;11
3143;Avispa Fukuoka;0;21904;Sagan Tosu;0;0;0;0;31767595;41.0;59.0;6;2;3;1;3.0;1.0;6;3;17;14;10;9;22;21;2.0;2.0;1.0;3.0;13;15
21904;Sagan Tosu;5;3142;Hokkaido Consadole Sapporo;0;5;1;1;31767625;47.0;53.0;13;4;7;1;6.0;3.0;2;1;11;19;4;10;19;19;1.0;0.0;1.0;2.0;18;10
21904;Sagan Tosu;1;3145;Urawa Red Diamonds;0;1;1;0;31767575;50.0;50.0;10;8;3;1;7.0;7.0;6;4;5;14;9;12;27;25;1.0;0.0;1.0;2.0;12;5
3146;Vissel Kobe;0;3134;Kashima Antlers;2;2;1;1;31767559;48.0;52.0;7;9;5;6;2.0;3.0;7;5;23;12;4;7;34;26;1.0;4.0;4.0;5.0;10;23
3134;Kashima Antlers;2;21905;Shonan Bellmare;1;3;1;1;31767587;56.0;44.0;10;3;5;1;5.0;2.0;4;7;18;18;8;7;31;25;1.0;1.0;0.0;3.0;17;16
3142;Hokkaido Consadole Sapporo;1;3137;Yokohama Marinos;1;2;1;1;31767561;52.0;48.0;8;9;5;4;3.0;5.0;3;9;16;16;9;4;18;23;1.0;4.0;3.0;4.0;15;15
3145;Urawa Red Diamonds;1;3133;Shimizu S-Pulse;1;2;1;1;31767627;55.0;45.0;9;9;3;3;6.0;6.0;3;8;10;10;12;7;17;24;1.0;1.0;2.0;2.0;10;10
3145;Urawa Red Diamonds;4;3132;Jubilo Iwata;1;5;1;1;31767589;52.0;48.0;15;9;11;3;4.0;6.0;3;4;9;8;9;4;17;22;0.0;1.0;2.0;7.0;7;9
36534;Club Leon;3;1944;Necaxa;0;3;1;1;27975908;54.0;46.0;7;9;5;2;2.0;7.0;2;8;9;7;12;3;13;11;0.0;1.0;2.0;2.0;5;8
1931;Deportivo Toluca FC;0;36534;Club Leon;0;0;0;0;27975890;47.0;53.0;5;5;1;2;4.0;3.0;4;5;8;12;10;7;14;17;1.0;2.0;2.0;1.0;10;5
1932;CF Monterrey;0;36534;Club Leon;1;1;1;0;27975832;56.0;44.0;11;3;4;2;7.0;1.0;6;0;10;18;2;12;18;15;4.0;3.0;1.0;4.0;12;8
1940;Tigres UANL;2;36534;Club Leon;2;4;1;1;27975746;54.0;46.0;7;10;4;5;3.0;5.0;9;2;14;9;7;9;23;14;3.0;3.0;3.0;2.0;9;13
36534;Club Leon;0;215048;FC Juarez;1;1;1;0;27975762;42.0;58.0;6;6;3;4;3.0;2.0;8;4;10;8;7;16;22;20;1.0;2.0;3.0;3.0;6;9
36534;Club Leon;1;1939;CF America;1;2;1;1;27975730;46.0;54.0;6;2;1;1;5.0;1.0;7;3;10;20;7;12;18;13;3.0;3.0;;;18;10
36534;Club Leon;1;1948;Club Santos Laguna;1;2;1;1;27975706;45.0;55.0;16;10;7;3;9.0;7.0;5;6;17;18;15;10;13;20;4.0;2.0;2.0;6.0;17;16
1939;CF America;0;1932;CF Monterrey;0;0;0;0;27975910;56.0;44.0;9;5;2;2;7.0;3.0;5;6;5;7;11;9;12;10;1.0;1.0;2.0;2.0;7;5
1939;CF America;2;1948;Club Santos Laguna;1;3;1;1;27975848;49.0;51.0;9;7;5;2;4.0;5.0;4;3;10;18;13;8;20;9;4.0;3.0;1.0;3.0;18;10
1936;CF Pachuca;1;1939;CF America;1;2;1;1;27975802;46.0;54.0;8;11;4;2;4.0;9.0;3;4;7;15;14;11;19;16;1.0;1.0;1.0;3.0;14;7
1939;CF America;0;1938;Guadalajara Chivas;0;0;0;0;27975790;49.0;51.0;9;4;7;1;2.0;3.0;9;3;14;8;6;9;19;16;1.0;2.0;1.0;7.0;8;13
1939;CF America;2;1946;Mazatlan FC;0;2;1;1;27975748;58.0;42.0;17;0;10;0;7.0;0.0;7;0;15;12;2;14;14;14;1.0;3.0;0.0;7.0;12;13
1933;Pumas UNAM;3;36525;Club Tijuana de Caliente;1;4;1;1;27975870;56.0;44.0;14;9;3;6;11.0;3.0;7;4;11;11;3;14;16;14;3.0;1.0;3.0;0.0;11;10
1933;Pumas UNAM;1;215048;FC Juarez;0;1;1;0;27975840;53.0;47.0;9;3;3;0;6.0;3.0;4;3;11;9;7;14;13;14;3.0;1.0;0.0;2.0;8;10
1933;Pumas UNAM;0;1938;Guadalajara Chivas;0;0;0;0;27975750;45.0;55.0;9;6;3;3;6.0;3.0;4;4;11;13;8;6;20;23;1.0;2.0;3.0;3.0;13;8
1933;Pumas UNAM;2;1941;Puebla FC;0;2;1;1;27975712;57.0;43.0;16;7;7;2;9.0;5.0;8;4;13;14;11;19;20;11;2.0;1.0;2.0;5.0;13;13
1941;Puebla FC;1;1931;Deportivo Toluca FC;0;1;1;0;27975904;45.0;55.0;7;8;2;2;5.0;6.0;6;2;10;18;7;8;30;25;2.0;1.0;2.0;1.0;17;7
215048;FC Juarez;0;1941;Puebla FC;2;2;1;1;27975882;47.0;53.0;2;5;2;2;0.0;3.0;0;9;11;9;7;11;24;14;1.0;2.0;0.0;2.0;8;10
1941;Puebla FC;1;1936;CF Pachuca;2;3;1;1;27975808;55.0;45.0;13;4;5;3;8.0;1.0;5;0;7;12;7;13;22;15;4.0;4.0;1.0;3.0;12;7
36525;Club Tijuana de Caliente;1;1941;Puebla FC;1;2;1;1;27975690;56.0;44.0;16;8;4;2;12.0;6.0;10;1;19;16;9;16;26;20;1.0;3.0;1.0;3.0;15;19
1941;Puebla FC;2;1950;Atletico San Luis;2;4;1;1;27975738;50.0;50.0;6;4;3;3;3.0;1.0;6;8;16;15;6;6;15;23;1.0;3.0;1.0;1.0;13;16
1940;Tigres UANL;3;215048;FC Juarez;0;3;1;1;27975914;68.0;32.0;10;4;6;3;4.0;1.0;5;3;11;10;3;11;16;5;0.0;2.0;3.0;2.0;8;11
1940;Tigres UANL;3;1936;CF Pachuca;0;3;1;1;27975858;50.0;50.0;7;10;4;6;3.0;4.0;3;6;8;11;8;6;14;20;2.0;2.0;5.0;1.0;10;8
1932;CF Monterrey;2;1940;Tigres UANL;0;2;1;1;27975768;42.0;58.0;13;10;6;5;7.0;5.0;2;9;22;10;11;11;10;26;1.0;3.0;5.0;4.0;9;19
1950;Atletico San Luis;2;1949;Atlas FC;6;8;1;1;27975874;49.0;51.0;7;12;6;6;1.0;6.0;5;8;13;10;11;4;17;20;1.0;0.0;0.0;3.0;9;12
1938;Guadalajara Chivas;0;1949;Atlas FC;1;1;1;0;27975814;;;3;11;1;3;2.0;8.0;4;10;13;4;16;4;14;19;1.0;4.0;2.0;1.0;4;13
1944;Necaxa;0;1949;Atlas FC;3;3;1;1;27975760;63.0;37.0;9;5;6;5;3.0;0.0;7;8;10;16;5;9;19;16;1.0;1.0;2.0;6.0;14;10
1940;Tigres UANL;1;1949;Atlas FC;1;2;1;1;27975728;55.0;45.0;9;5;4;4;5.0;1.0;4;1;8;13;9;12;8;9;3.0;2.0;3.0;3.0;12;7
1951;Queretaro FC;2;1948;Club Santos Laguna;3;5;1;1;27975884;;;11;9;6;5;5.0;4.0;7;8;15;11;9;8;19;16;3.0;2.0;2.0;4.0;11;15
1948;Club Santos Laguna;2;1931;Deportivo Toluca FC;2;4;1;1;27975872;58.0;42.0;17;10;6;7;11.0;3.0;9;3;16;11;6;16;35;18;2.0;4.0;5.0;4.0;9;15
36525;Club Tijuana de Caliente;2;1948;Club Santos Laguna;1;3;1;1;27975740;50.0;50.0;9;5;5;2;4.0;3.0;4;14;12;17;9;8;14;13;3.0;3.0;1.0;3.0;14;11
1948;Club Santos Laguna;1;1932;CF Monterrey;2;3;1;1;27975794;45.0;55.0;4;6;2;4;2.0;2.0;9;2;12;13;6;10;22;19;2.0;5.0;2.0;1.0;12;10
1946;Mazatlan FC;0;1938;Guadalajara Chivas;1;1;1;0;27975906;41.0;59.0;2;7;0;3;2.0;4.0;3;2;11;19;7;5;27;14;3.0;2.0;2.0;0.0;18;11
1938;Guadalajara Chivas;1;1947;Cruz Azul;1;2;1;1;27975868;42.0;58.0;6;5;3;2;3.0;3.0;7;2;10;11;11;5;36;21;3.0;4.0;1.0;2.0;10;9
1938;Guadalajara Chivas;2;1931;Deportivo Toluca FC;0;2;1;1;27975842;46.0;54.0;11;6;6;0;5.0;6.0;2;4;19;20;11;9;23;23;4.0;3.0;0.0;4.0;18;18
1951;Queretaro FC;1;1938;Guadalajara Chivas;0;1;1;0;27975806;40.0;60.0;8;11;2;7;6.0;4.0;2;4;13;10;6;11;19;19;4.0;3.0;7.0;1.0;9;11
1938;Guadalajara Chivas;1;1936;CF Pachuca;0;1;1;0;27975766;45.0;55.0;5;6;2;3;3.0;3.0;1;8;9;9;6;6;25;19;1.0;2.0;4.0;1.0;9;7
36525;Club Tijuana de Caliente;3;1936;CF Pachuca;2;5;1;1;27975912;54.0;46.0;10;12;5;5;5.0;7.0;2;7;9;8;9;13;13;18;1.0;2.0;3.0;4.0;7;8
36525;Club Tijuana de Caliente;0;1947;Cruz Azul;1;1;1;0;27975824;49.0;51.0;4;5;3;2;1.0;3.0;6;2;7;10;7;6;28;12;3.0;4.0;1.0;3.0;9;7
1944;Necaxa;3;36525;Club Tijuana de Caliente;0;3;1;1;27975796;;;14;3;7;1;7.0;2.0;4;1;8;13;7;18;16;18;1.0;1.0;0.0;4.0;11;7
1950;Atletico San Luis;4;36525;Club Tijuana de Caliente;1;5;1;1;27975756;42.0;58.0;9;10;6;5;3.0;5.0;5;3;14;18;8;9;23;27;2.0;3.0;4.0;2.0;18;12
36525;Club Tijuana de Caliente;2;1932;CF Monterrey;2;4;1;1;27975722;56.0;44.0;8;4;6;3;2.0;1.0;11;1;10;14;7;11;25;16;3.0;3.0;1.0;4.0;13;9
1944;Necaxa;2;1946;Mazatlan FC;1;3;1;1;27975880;47.0;53.0;8;8;6;4;2.0;4.0;11;0;7;14;6;7;13;19;2.0;4.0;3.0;4.0;14;6
1932;CF Monterrey;0;1944;Necaxa;1;1;1;0;27975864;47.0;53.0;4;11;1;3;3.0;8.0;3;5;11;17;11;5;21;20;1.0;3.0;2.0;1.0;16;9
1936;CF Pachuca;1;1944;Necaxa;0;1;1;0;27975778;51.0;49.0;3;5;3;4;0.0;1.0;3;8;21;9;9;7;29;17;3.0;3.0;4.0;2.0;9;20
1944;Necaxa;3;1933;Pumas UNAM;0;3;1;1;27975692;36.0;64.0;12;9;8;5;4.0;4.0;3;8;3;8;10;6;19;26;0.0;2.0;5.0;5.0;7;3
215048;FC Juarez;2;1947;Cruz Azul;1;3;1;1;27975742;65.0;35.0;4;9;3;1;1.0;8.0;2;3;9;8;14;5;15;16;4.0;4.0;0.0;1.0;6;9
1947;Cruz Azul;1;1936;CF Pachuca;1;2;1;1;27975736;62.0;38.0;9;6;3;1;6.0;5.0;3;3;13;13;11;14;21;18;1.0;4.0;1.0;2.0;11;10
1946;Mazatlan FC;2;1951;Queretaro FC;1;3;1;1;27975860;56.0;44.0;5;9;3;2;2.0;7.0;4;6;15;14;11;3;19;13;1.0;0.0;1.0;1.0;13;15
1931;Deportivo Toluca FC;2;1946;Mazatlan FC;2;4;1;1;27975686;64.0;36.0;5;4;4;2;1.0;2.0;9;3;14;15;5;3;31;17;1.0;2.0;0.0;2.0;12;13
1946;Mazatlan FC;3;215048;FC Juarez;1;4;1;1;27975800;45.0;55.0;4;7;2;3;2.0;4.0;0;1;13;9;8;4;18;26;4.0;2.0;2.0;0.0;9;12
1931;Deportivo Toluca FC;1;1951;Queretaro FC;1;2;1;1;27975818;42.0;58.0;7;6;2;2;5.0;4.0;4;6;17;8;8;15;9;23;3.0;2.0;1.0;1.0;8;14
1951;Queretaro FC;0;1936;CF Pachuca;2;2;1;1;27975718;58.0;42.0;6;11;1;5;5.0;6.0;4;2;13;12;9;10;32;14;2.0;2.0;2.0;1.0;10;13
1936;CF Pachuca;1;215048;FC Juarez;1;2;1;1;27975876;57.0;43.0;20;7;7;3;13.0;4.0;10;3;9;11;4;22;11;20;1.0;2.0;2.0;5.0;9;9
215048;FC Juarez;1;1950;Atletico San Luis;0;1;1;0;27975774;;;5;6;2;2;3.0;4.0;0;3;15;3;10;6;18;33;1.0;4.0;2.0;1.0;3;14
1932;CF Monterrey;2;1931;Deportivo Toluca FC;0;2;1;1;27975776;48.0;52.0;9;8;4;6;5.0;2.0;6;4;15;17;5;7;16;10;2.0;6.0;6.0;2.0;15;13
1936;CF Pachuca;1;1931;Deportivo Toluca FC;2;3;1;1;27975754;50.0;50.0;6;8;5;4;1.0;4.0;6;3;3;14;11;15;11;22;2.0;1.0;2.0;4.0;13;3
1949;Atlas FC;0;1931;Deportivo Toluca FC;0;0;0;0;27975704;58.0;42.0;8;7;2;1;6.0;6.0;8;2;7;11;11;11;28;16;1.0;1.0;1.0;2.0;10;7
1931;Deportivo Toluca FC;1;1950;Atletico San Luis;2;3;1;1;27975792;65.0;35.0;11;7;3;3;8.0;4.0;5;4;10;16;10;15;26;13;3.0;2.0;1.0;2.0;13;10
1950;Atletico San Luis;0;1947;Cruz Azul;0;0;0;0;27975708;48.0;52.0;7;5;0;3;7.0;2.0;4;2;10;18;5;17;24;20;4.0;2.0;3.0;0.0;17;9
1932;CF Monterrey;3;1936;CF Pachuca;1;4;1;1;27975678;48.0;52.0;6;3;5;1;1.0;2.0;0;6;11;13;8;5;13;17;;;0.0;2.0;12;6
5265;FC Zimbru Chisinau;0;167232;Petrocub Hincesti;3;3;1;1;31146585;;;4;13;2;6;2.0;7.0;0;6;15;13;14;4;18;26;1.0;1.0;3.0;2.0;11;11
2971;PEC Zwolle;1;2952;PSV Eindhoven;2;3;1;1;27647336;54.0;46.0;12;10;9;7;3.0;3.0;9;4;6;7;5;8;7;13;1.0;0.0;6.0;7.0;6;3
2959;Feyenoord Rotterdam;2;2952;PSV Eindhoven;2;4;1;1;27647294;44.0;56.0;14;9;7;6;7.0;3.0;6;5;14;14;5;11;18;13;3.0;2.0;4.0;5.0;11;12
2952;PSV Eindhoven;4;2961;Willem II Tilburg;2;6;1;1;27647280;56.0;44.0;8;5;6;3;2.0;2.0;7;4;14;10;9;4;23;23;0.0;1.0;1.0;3.0;7;13
2952;PSV Eindhoven;2;2956;RKC Waalwijk;0;2;1;1;27647246;65.0;35.0;15;8;8;2;7.0;6.0;7;5;15;8;9;11;19;14;3.0;3.0;2.0;6.0;8;11
2955;FC Twente Enschede;3;2952;PSV Eindhoven;3;6;1;1;27647220;35.0;65.0;7;11;4;7;3.0;4.0;1;4;12;14;7;4;26;23;3.0;3.0;4.0;1.0;14;9
2948;FC Utrecht;0;2952;PSV Eindhoven;1;1;1;0;27647184;40.0;60.0;5;5;3;4;2.0;1.0;6;15;6;6;2;8;26;28;2.0;3.0;3.0;3.0;6;4
2952;PSV Eindhoven;3;2977;Heracles Almelo;1;4;1;1;27647174;70.0;30.0;18;2;14;1;4.0;1.0;8;2;10;6;3;8;18;19;1.0;1.0;0.0;11.0;6;9
2958;Vitesse Arnhem;2;2953;Ajax Amsterdam;2;4;1;1;27647338;36.0;64.0;8;12;5;4;3.0;8.0;5;6;8;6;14;5;21;21;0.0;4.0;2.0;3.0;6;7
2950;AZ Alkmaar;2;2953;Ajax Amsterdam;2;4;1;1;27647288;34.0;66.0;8;5;3;2;5.0;3.0;0;10;13;13;9;9;17;14;3.0;1.0;0.0;1.0;12;10
2962;NEC Nijmegen;0;2953;Ajax Amsterdam;1;1;1;0;27647262;34.0;66.0;5;12;2;5;3.0;7.0;4;8;9;14;15;5;31;28;2.0;1.0;4.0;2.0;13;9
2953;Ajax Amsterdam;2;2960;Sparta Rotterdam;1;3;1;1;27647234;72.0;28.0;16;7;10;3;6.0;4.0;12;5;10;11;7;13;19;14;0.0;3.0;2.0;8.0;4;10
2970;SC Cambuur;2;2953;Ajax Amsterdam;3;5;1;1;27647194;29.0;71.0;6;18;3;9;3.0;9.0;5;5;10;9;13;7;20;23;2.0;1.0;6.0;1.0;8;10
2979;Go Ahead Eagles;2;2953;Ajax Amsterdam;1;3;1;1;27647148;32.0;68.0;5;11;5;3;0.0;8.0;2;8;14;10;15;3;15;27;1.0;0.0;2.0;3.0;8;10
2953;Ajax Amsterdam;3;2959;Feyenoord Rotterdam;2;5;1;1;27647198;62.0;38.0;14;6;7;3;7.0;3.0;4;4;14;12;9;10;22;16;2.0;0.0;1.0;4.0;12;14
2953;Ajax Amsterdam;5;2955;FC Twente Enschede;0;5;1;1;27647108;68.0;32.0;7;0;5;0;2.0;0.0;10;0;11;6;0;9;15;16;1.0;1.0;0.0;2.0;6;9
2959;Feyenoord Rotterdam;1;2955;FC Twente Enschede;2;3;1;1;27647326;56.0;44.0;7;7;3;4;4.0;3.0;7;0;13;12;6;10;20;18;3.0;2.0;2.0;2.0;10;13
2955;FC Twente Enschede;3;2951;FC Groningen;0;3;1;1;27647320;51.0;49.0;10;6;7;4;3.0;2.0;5;3;9;13;6;11;21;20;0.0;1.0;4.0;4.0;11;8
2955;FC Twente Enschede;1;2957;Fortuna Sittard;2;3;1;1;27647292;75.0;25.0;16;6;5;5;11.0;1.0;5;0;16;13;4;16;29;28;3.0;6.0;3.0;4.0;13;15
2955;FC Twente Enschede;2;2960;Sparta Rotterdam;0;2;1;1;27647256;67.0;33.0;15;3;7;0;8.0;3.0;10;3;16;6;5;12;28;24;0.0;3.0;0.0;5.0;3;15
2962;NEC Nijmegen;0;2955;FC Twente Enschede;2;2;1;1;27647242;54.0;46.0;7;7;3;4;4.0;3.0;2;6;10;16;5;4;32;21;1.0;0.0;2.0;3.0;16;10
2956;RKC Waalwijk;1;2955;FC Twente Enschede;2;3;1;1;27647152;49.0;51.0;11;14;6;4;5.0;10.0;6;6;16;15;15;11;25;20;2.0;2.0;2.0;5.0;13;14
2955;FC Twente Enschede;1;2971;PEC Zwolle;0;1;1;0;27647200;52.0;48.0;14;6;7;3;7.0;3.0;4;5;12;8;4;10;25;30;0.0;2.0;3.0;6.0;7;8
2955;FC Twente Enschede;1;2970;SC Cambuur;0;1;1;0;27647164;56.0;44.0;15;2;4;0;11.0;2.0;9;5;14;17;4;12;25;19;1.0;5.0;0.0;3.0;17;12
2959;Feyenoord Rotterdam;2;2948;FC Utrecht;1;3;1;1;27647258;60.0;40.0;10;4;8;2;2.0;2.0;11;4;5;9;4;9;19;20;1.0;2.0;1.0;6.0;8;5
2977;Heracles Almelo;1;2959;Feyenoord Rotterdam;4;5;1;1;27647240;35.0;65.0;7;13;6;7;1.0;6.0;9;7;8;8;11;3;10;21;1.0;0.0;3.0;5.0;7;7
2971;PEC Zwolle;1;2959;Feyenoord Rotterdam;2;3;1;1;27647190;41.0;59.0;4;12;3;6;1.0;6.0;3;6;14;16;9;3;23;27;3.0;1.0;1.0;0.0;14;10
2950;AZ Alkmaar;2;2959;Feyenoord Rotterdam;1;3;1;1;27647144;37.0;63.0;9;10;4;5;5.0;5.0;5;7;8;27;9;5;13;23;5.0;3.0;4.0;2.0;23;6
2959;Feyenoord Rotterdam;2;2961;Willem II Tilburg;0;2;1;1;27647222;74.0;26.0;21;1;9;1;12.0;0.0;9;2;13;9;0;17;23;19;0.0;2.0;1.0;7.0;7;11
2959;Feyenoord Rotterdam;3;2970;SC Cambuur;1;4;1;1;27647132;66.0;34.0;25;6;10;3;6.0;3.0;4;1;14;11;5;8;18;22;2.0;3.0;2.0;8.0;8;12
2962;NEC Nijmegen;0;2957;Fortuna Sittard;1;1;1;0;27647334;69.0;31.0;15;6;6;3;9.0;3.0;11;0;20;12;9;18;27;7;1.0;4.0;2.0;6.0;10;20
2957;Fortuna Sittard;1;2958;Vitesse Arnhem;2;3;1;1;27647310;42.0;58.0;7;13;4;6;3.0;7.0;4;4;9;12;11;10;31;36;1.0;1.0;4.0;3.0;11;5
2957;Fortuna Sittard;3;2960;Sparta Rotterdam;0;3;1;1;32696405;45.0;55.0;8;5;5;1;3.0;4.0;14;4;13;19;9;6;31;21;1.0;3.0;1.0;2.0;17;12
2948;FC Utrecht;1;2957;Fortuna Sittard;1;2;1;1;27647236;49.0;51.0;13;9;5;7;8.0;2.0;10;6;9;12;14;12;25;17;0.0;2.0;6.0;4.0;11;8
2970;SC Cambuur;2;2957;Fortuna Sittard;1;3;1;1;27647154;61.0;39.0;11;6;9;3;2.0;3.0;6;5;19;8;5;6;18;22;0.0;3.0;2.0;7.0;6;16
2951;FC Groningen;0;2957;Fortuna Sittard;1;1;1;0;27647110;63.0;37.0;14;6;8;5;6.0;1.0;7;5;13;8;3;16;23;18;2.0;1.0;5.0;9.0;6;11
2957;Fortuna Sittard;0;2977;Heracles Almelo;2;2;1;1;27647224;52.0;48.0;10;8;7;5;3.0;3.0;6;1;10;12;8;10;13;26;1.0;0.0;3.0;7.0;10;7
2957;Fortuna Sittard;1;2961;Willem II Tilburg;0;1;1;0;27647186;48.0;52.0;11;6;3;2;8.0;4.0;1;9;10;10;9;13;22;26;5.0;1.0;2.0;2.0;9;10
2956;RKC Waalwijk;2;2977;Heracles Almelo;0;2;1;1;27647316;52.0;48.0;7;5;4;2;3.0;3.0;9;4;13;10;5;8;16;17;2.0;0.0;2.0;2.0;9;13
2970;SC Cambuur;1;2956;RKC Waalwijk;1;2;1;1;27647300;52.0;48.0;7;11;5;3;2.0;8.0;3;5;11;12;10;6;17;19;1.0;1.0;3.0;4.0;6;10
2956;RKC Waalwijk;3;2951;FC Groningen;1;4;1;1;27647282;43.0;57.0;8;8;3;4;5.0;4.0;2;4;18;10;9;11;16;21;0.0;1.0;3.0;0.0;8;12
2956;RKC Waalwijk;0;2971;PEC Zwolle;2;2;1;1;27647264;48.0;52.0;10;10;5;6;5.0;4.0;4;2;15;14;8;8;24;26;2.0;1.0;4.0;5.0;13;14
2958;Vitesse Arnhem;1;2956;RKC Waalwijk;2;3;1;1;27647212;59.0;41.0;17;8;2;4;15.0;4.0;10;1;10;13;8;16;18;13;1.0;1.0;2.0;1.0;10;10
2962;NEC Nijmegen;1;2956;RKC Waalwijk;1;2;1;1;27647136;72.0;28.0;10;7;5;3;5.0;4.0;8;3;18;10;7;8;13;17;2.0;3.0;2.0;4.0;7;17
2956;RKC Waalwijk;0;2964;SC Heerenveen;0;0;0;0;27647192;50.0;50.0;6;11;1;3;5.0;8.0;7;7;11;14;9;8;18;17;3.0;2.0;3.0;1.0;13;10
2958;Vitesse Arnhem;1;2964;SC Heerenveen;2;3;1;1;27647302;45.0;55.0;10;9;6;4;4.0;5.0;4;8;8;12;7;7;27;24;1.0;1.0;2.0;5.0;10;6
2979;Go Ahead Eagles;1;2958;Vitesse Arnhem;2;3;1;1;27647276;49.0;51.0;11;10;8;5;3.0;5.0;5;3;11;8;8;11;20;25;0.0;3.0;3.0;7.0;5;11
2961;Willem II Tilburg;1;2958;Vitesse Arnhem;0;1;1;0;27647268;37.0;63.0;5;3;2;2;3.0;1.0;4;2;13;15;8;9;20;29;0.0;4.0;2.0;1.0;12;11
2958;Vitesse Arnhem;1;2970;SC Cambuur;0;1;1;0;27647250;60.0;40.0;22;4;16;2;6.0;2.0;8;3;10;8;6;10;15;17;1.0;1.0;2.0;15.0;7;9
2977;Heracles Almelo;0;2958;Vitesse Arnhem;0;0;0;0;27647188;52.0;48.0;5;7;1;3;4.0;4.0;8;5;22;18;9;9;29;25;2.0;3.0;3.0;1.0;17;21
2958;Vitesse Arnhem;0;2960;Sparta Rotterdam;1;1;1;0;27647176;70.0;30.0;16;5;9;2;7.0;3.0;1;0;20;14;2;1;4;1;3.0;4.0;1.0;9.0;12;17
2961;Willem II Tilburg;3;2948;FC Utrecht;0;3;1;1;27647340;44.0;56.0;11;5;3;1;8.0;4.0;2;5;9;12;4;13;17;18;1.0;1.0;1.0;2.0;10;9
2970;SC Cambuur;1;2961;Willem II Tilburg;1;2;1;1;27647308;46.0;54.0;4;6;2;2;2.0;4.0;1;10;15;10;12;6;15;20;1.0;3.0;1.0;1.0;9;12
2961;Willem II Tilburg;2;2977;Heracles Almelo;0;2;1;1;27647304;52.0;48.0;19;3;12;2;7.0;1.0;9;0;13;10;3;9;18;28;;;2.0;10.0;9;11
2951;FC Groningen;1;2961;Willem II Tilburg;0;1;1;0;27647146;54.0;46.0;10;9;5;2;5.0;7.0;5;5;8;8;11;12;21;19;1.0;0.0;2.0;4.0;7;6
2961;Willem II Tilburg;2;2950;AZ Alkmaar;2;4;1;1;27647214;26.0;74.0;4;11;3;4;1.0;7.0;1;8;11;8;12;5;13;13;0.0;3.0;2.0;1.0;7;11
2961;Willem II Tilburg;0;2964;SC Heerenveen;0;0;0;0;27647178;66.0;34.0;12;7;6;4;6.0;3.0;11;2;10;7;6;14;25;23;2.0;0.0;4.0;6.0;5;10
2961;Willem II Tilburg;0;2953;Ajax Amsterdam;1;1;1;0;27647142;26.0;74.0;7;19;3;5;4.0;14.0;2;12;6;8;20;9;19;29;1.0;0.0;4.0;3.0;7;5
2960;Sparta Rotterdam;2;2971;PEC Zwolle;0;2;1;1;27647318;34.0;66.0;5;16;2;5;3.0;11.0;4;13;12;10;17;8;21;22;2.0;1.0;5.0;0.0;8;12
2951;FC Groningen;1;2960;Sparta Rotterdam;2;3;1;1;27647290;63.0;37.0;8;4;5;2;3.0;2.0;8;2;10;8;7;16;22;18;1.0;2.0;1.0;4.0;7;10
2962;NEC Nijmegen;0;2960;Sparta Rotterdam;0;0;0;0;27647206;68.0;32.0;10;3;6;0;4.0;3.0;8;3;13;9;6;6;31;25;1.0;1.0;0.0;5.0;7;12
2960;Sparta Rotterdam;1;2979;Go Ahead Eagles;0;1;1;0;27647196;56.0;44.0;10;7;6;2;4.0;5.0;1;4;15;12;7;8;19;28;0.0;1.0;2.0;5.0;10;13
2964;SC Heerenveen;3;2979;Go Ahead Eagles;1;4;1;1;27647332;55.0;45.0;10;2;7;2;3.0;0.0;5;2;8;8;5;5;13;14;2.0;1.0;1.0;4.0;8;6
2964;SC Heerenveen;3;2970;SC Cambuur;3;6;1;1;27647284;43.0;57.0;17;7;7;3;10.0;4.0;5;4;3;9;11;13;21;20;2.0;1.0;0.0;4.0;7;3
2964;SC Heerenveen;3;2951;FC Groningen;1;4;1;1;27647248;43.0;57.0;8;4;6;2;2.0;2.0;9;6;10;10;10;3;28;20;2.0;1.0;1.0;3.0;8;10
2964;SC Heerenveen;2;2977;Heracles Almelo;0;2;1;1;27647210;51.0;49.0;10;5;7;2;3.0;3.0;9;1;9;7;9;3;35;22;0.0;1.0;2.0;5.0;7;7
2964;SC Heerenveen;1;2948;FC Utrecht;2;3;1;1;27647156;49.0;51.0;8;9;6;8;2.0;1.0;6;6;13;12;3;6;29;25;0.0;2.0;6.0;5.0;7;12
2964;SC Heerenveen;0;2962;NEC Nijmegen;1;1;1;0;27647120;51.0;49.0;11;5;4;2;7.0;3.0;6;3;9;11;5;16;31;25;3.0;3.0;1.0;4.0;11;7
2971;PEC Zwolle;2;2950;AZ Alkmaar;1;3;1;1;27647244;41.0;59.0;12;11;6;6;6.0;5.0;4;3;13;14;10;11;13;24;0.0;1.0;5.0;4.0;9;10
2957;Fortuna Sittard;0;2971;PEC Zwolle;1;1;1;0;27647168;45.0;55.0;10;9;4;5;6.0;4.0;3;4;14;7;4;11;25;18;1.0;2.0;5.0;4.0;5;13
2971;PEC Zwolle;1;2951;FC Groningen;1;2;1;1;27647138;56.0;44.0;7;6;3;3;4.0;3.0;6;1;16;18;8;16;34;24;3.0;5.0;1.0;2.0;15;14
2951;FC Groningen;2;2970;SC Cambuur;3;5;1;1;27647328;51.0;49.0;12;9;3;4;9.0;5.0;11;4;11;10;8;14;25;13;2.0;3.0;1.0;1.0;8;9
2979;Go Ahead Eagles;3;2970;SC Cambuur;0;3;1;1;27647204;38.0;62.0;12;2;5;2;7.0;0.0;2;4;12;13;1;9;23;25;1.0;5.0;2.0;2.0;11;9
2970;SC Cambuur;1;2962;NEC Nijmegen;2;3;1;1;27647230;52.0;48.0;9;9;2;6;7.0;3.0;6;3;14;11;4;10;47;19;1.0;2.0;4.0;1.0;11;12
2948;FC Utrecht;2;2950;AZ Alkmaar;2;4;1;1;27647322;51.0;49.0;7;6;4;4;3.0;2.0;7;6;12;12;5;8;23;24;1.0;1.0;2.0;2.0;10;10
2962;NEC Nijmegen;1;2950;AZ Alkmaar;3;4;1;1;27647172;49.0;51.0;8;9;6;7;2.0;2.0;4;6;8;6;9;7;22;15;0.0;1.0;4.0;4.0;3;8
2979;Go Ahead Eagles;1;2950;AZ Alkmaar;4;5;1;1;27647112;51.0;49.0;6;11;4;9;2.0;2.0;4;7;11;6;7;5;25;26;0.0;1.0;5.0;3.0;5;9
2979;Go Ahead Eagles;1;2948;FC Utrecht;1;2;1;1;27647170;44.0;56.0;8;6;5;4;3.0;2.0;7;3;10;13;9;5;21;22;1.0;1.0;3.0;4.0;9;9
2948;FC Utrecht;1;2951;FC Groningen;3;4;1;1;27647202;58.0;42.0;12;9;6;7;6.0;2.0;4;3;18;14;2;11;38;18;1.0;3.0;4.0;5.0;12;17
2951;FC Groningen;0;2977;Heracles Almelo;1;1;1;0;27647254;54.0;46.0;2;9;2;4;0.0;5.0;1;2;12;10;6;6;29;22;0.0;1.0;3.0;2.0;10;10
2977;Heracles Almelo;1;2948;FC Utrecht;0;1;1;0;27647114;54.0;46.0;8;10;5;4;3.0;6.0;7;4;7;11;7;12;25;32;2.0;1.0;4.0;4.0;7;7
2962;NEC Nijmegen;1;2979;Go Ahead Eagles;0;1;1;0;27647296;53.0;47.0;11;8;7;3;4.0;5.0;5;2;17;9;7;8;42;24;2.0;2.0;3.0;6.0;9;16
2955;FC Twente Enschede;2;2979;Go Ahead Eagles;2;4;1;1;27647128;49.0;51.0;16;8;5;6;11.0;2.0;6;4;13;10;3;15;23;23;3.0;3.0;4.0;4.0;10;12
5179;Glentoran FC;0;5181;Cliftonville FC;1;1;1;0;28133582;51.0;49.0;12;4;3;2;9.0;2.0;7;3;8;11;6;15;42;19;2.0;0.0;1.0;3.0;7;6
322375;Guairena FC;2;5996;Libertad Asuncion;3;5;1;1;32038615;38.0;62.0;7;10;2;5;5.0;5.0;5;4;4;13;9;9;18;12;2.0;1.0;3.0;0.0;12;3
33001;Nacional Asuncion;0;5996;Libertad Asuncion;3;3;1;1;32038597;42.0;58.0;8;13;1;7;7.0;6.0;8;5;10;8;9;12;26;19;3.0;1.0;4.0;1.0;8;6
5996;Libertad Asuncion;2;90968;Resistencia FC;2;4;1;1;32038653;44.0;56.0;11;7;4;4;7.0;3.0;2;9;15;13;6;9;23;16;2.0;4.0;2.0;2.0;11;13
5996;Libertad Asuncion;2;5994;Club Guarani Asuncion;0;2;1;1;32038605;49.0;51.0;11;4;4;0;7.0;4.0;4;1;9;14;7;10;19;18;0.0;1.0;0.0;2.0;12;8
5991;Cerro Porteno;2;5989;12 de Octubre de Itaugua;0;2;1;1;32038613;55.0;45.0;12;7;5;1;7.0;6.0;6;4;18;7;11;11;15;33;2.0;3.0;1.0;3.0;5;16
5991;Cerro Porteno;0;5997;Club Olimpia;2;2;1;1;32038591;65.0;35.0;7;9;2;4;5.0;5.0;6;4;16;8;11;10;33;24;3.0;2.0;2.0;2.0;6;15
5991;Cerro Porteno;4;36439;Sol de America Villa Elisa;0;4;1;1;32038579;60.0;40.0;9;9;6;5;3.0;4.0;5;7;11;6;10;8;8;12;2.0;4.0;5.0;2.0;6;10
90968;Resistencia FC;2;5997;Club Olimpia;1;3;1;1;32038621;43.0;57.0;5;11;2;6;3.0;5.0;4;12;9;7;8;9;35;29;2.0;3.0;5.0;0.0;6;9
36439;Sol de America Villa Elisa;0;5997;Club Olimpia;1;1;1;0;32689211;52.0;48.0;3;12;1;5;2.0;7.0;3;5;15;13;10;9;14;27;4.0;2.0;4.0;1.0;10;12
5997;Club Olimpia;1;33001;Nacional Asuncion;2;3;1;1;32038633;59.0;41.0;12;10;5;5;7.0;5.0;5;1;5;10;5;12;22;25;3.0;2.0;3.0;4.0;7;5
5997;Club Olimpia;0;607728;Sportivo Ameliano;2;2;1;1;32038607;45.0;55.0;13;7;5;6;8.0;1.0;3;4;9;14;9;15;20;24;2.0;2.0;4.0;5.0;9;8
5999;Tacuary Asuncion;0;322375;Guairena FC;1;1;1;0;32038635;;;12;5;4;2;8.0;3.0;7;3;8;8;5;11;16;9;2.0;0.0;1.0;4.0;7;8
322375;Guairena FC;0;5989;12 de Octubre de Itaugua;0;0;0;0;32038593;53.0;47.0;7;5;1;0;6.0;5.0;1;5;15;10;10;12;19;25;2.0;2.0;0.0;1.0;10;13
322375;Guairena FC;0;5991;Cerro Porteno;2;2;1;1;32038567;39.0;61.0;9;7;6;2;3.0;5.0;9;2;7;11;7;5;20;19;3.0;1.0;0.0;6.0;11;6
607728;Sportivo Ameliano;3;36439;Sol de America Villa Elisa;1;4;1;1;32038649;55.0;45.0;8;6;5;2;3.0;4.0;7;1;19;11;7;13;28;29;3.0;2.0;1.0;2.0;11;16
36439;Sol de America Villa Elisa;2;818704;Club General Caballero Jlm;3;5;1;1;32038623;59.0;41.0;13;10;4;8;9.0;2.0;5;3;9;14;4;11;13;12;2.0;0.0;5.0;2.0;13;7
36439;Sol de America Villa Elisa;1;90968;Resistencia FC;1;2;1;1;32038599;55.0;45.0;8;7;3;5;5.0;2.0;6;7;12;12;7;11;29;20;3.0;2.0;5.0;3.0;12;8
5989;12 de Octubre de Itaugua;1;90968;Resistencia FC;1;2;1;1;32038625;62.0;38.0;20;2;8;2;12.0;0.0;10;3;6;5;3;23;30;18;1.0;2.0;1.0;7.0;5;4
607728;Sportivo Ameliano;0;5999;Tacuary Asuncion;2;2;1;1;32038589;52.0;48.0;9;8;3;4;6.0;4.0;7;4;15;11;7;17;26;23;3.0;3.0;3.0;3.0;10;14
5997;Club Olimpia;2;5999;Tacuary Asuncion;0;2;1;1;32038585;54.0;46.0;8;11;7;3;1.0;8.0;1;5;11;15;16;4;11;17;5.0;1.0;3.0;5.0;12;7
33001;Nacional Asuncion;2;607728;Sportivo Ameliano;1;3;1;1;32038619;49.0;51.0;10;9;7;5;3.0;4.0;3;2;12;17;11;8;17;20;3.0;4.0;4.0;5.0;17;9
607728;Sportivo Ameliano;1;818704;Club General Caballero Jlm;0;1;1;0;32038565;47.0;53.0;4;7;4;2;0.0;5.0;4;8;13;13;10;9;13;21;4.0;2.0;2.0;3.0;12;12
818704;Club General Caballero Jlm;0;5989;12 de Octubre de Itaugua;0;0;0;0;32038651;54.0;46.0;11;8;5;2;6.0;6.0;3;6;10;12;8;8;33;25;0.0;1.0;2.0;5.0;10;10
5989;12 de Octubre de Itaugua;0;36439;Sol de America Villa Elisa;1;1;1;0;32038601;45.0;55.0;8;8;3;3;5.0;5.0;4;5;15;11;7;11;20;16;2.0;2.0;2.0;3.0;7;15
5999;Tacuary Asuncion;2;33001;Nacional Asuncion;1;3;1;1;32038611;53.0;47.0;9;10;5;3;4.0;7.0;4;7;7;17;15;12;20;24;2.0;3.0;2.0;3.0;14;7
2308;FBC Melgar;1;2311;Alianza Lima;0;1;1;0;31786909;46.0;54.0;7;8;3;4;4.0;4.0;1;7;12;25;9;9;14;24;3.0;4.0;4.0;2.0;21;9
2307;Alianza Atletico;4;2311;Alianza Lima;2;6;1;1;31786845;40.0;60.0;15;7;8;4;7.0;3.0;2;6;11;17;8;9;16;23;4.0;4.0;2.0;4.0;17;9
87854;UTC de Cajamarca;3;2308;FBC Melgar;1;4;1;1;31786871;52.0;48.0;11;7;8;3;3.0;4.0;9;5;20;15;9;11;27;24;3.0;4.0;2.0;5.0;13;19
2302;Sporting Cristal;3;87854;UTC de Cajamarca;2;5;1;1;31786851;62.0;38.0;8;9;6;4;2.0;5.0;3;6;16;18;8;3;15;23;4.0;3.0;2.0;3.0;17;14
2312;Sport Boys Association;2;655209;FC Carlos Stein;1;3;1;1;31786855;;;9;12;4;7;5.0;5.0;5;6;20;14;10;12;20;23;2.0;1.0;6.0;2.0;10;18
33895;Sport Huancayo;3;2308;FBC Melgar;0;3;1;1;31786829;40.0;60.0;13;12;7;5;6.0;7.0;7;12;17;12;11;10;19;32;1.0;2.0;5.0;4.0;10;11
5282;CDU San Martin;1;330527;Carlos Mannucci;3;4;1;1;32707995;64.0;36.0;12;10;5;6;7.0;4.0;7;4;24;15;6;9;28;17;3.0;4.0;3.0;4.0;13;24
312410;AD Cantolao;3;330527;Carlos Mannucci;2;5;1;1;31786859;;;11;12;7;4;4.0;8.0;6;8;15;21;12;5;21;17;4.0;3.0;2.0;4.0;19;15
330527;Carlos Mannucci;0;5281;CD Universidad Cesar Vallejo;0;0;0;0;31786941;36.0;64.0;4;6;1;2;3.0;4.0;3;5;16;18;10;8;25;18;1.0;0.0;2.0;1.0;18;15
330527;Carlos Mannucci;1;655209;FC Carlos Stein;0;1;1;0;31786907;55.0;45.0;10;10;3;7;7.0;3.0;4;11;16;26;6;10;28;15;3.0;4.0;7.0;2.0;22;16
2305;Universitario de Deportes;1;2301;CS Cienciano;1;2;1;1;31786917;50.0;50.0;6;11;2;2;4.0;9.0;2;7;18;13;13;6;22;17;4.0;3.0;1.0;1.0;12;18
2305;Universitario de Deportes;3;5282;CDU San Martin;0;3;1;1;31786807;45.0;55.0;15;6;8;3;7.0;3.0;3;5;21;22;4;13;17;24;1.0;3.0;0.0;1.0;19;17
2301;CS Cienciano;0;655781;Asociacion Deportiva Tarma;0;0;0;0;31786825;60.0;40.0;17;5;8;3;9.0;2.0;8;1;16;15;7;15;27;23;1.0;4.0;3.0;8.0;14;13
5281;CD Universidad Cesar Vallejo;2;33894;Ayacucho FC;1;3;1;1;31786831;67.0;33.0;6;8;4;3;2.0;5.0;11;3;17;13;6;7;28;21;2.0;2.0;3.0;2.0;11;15
407335;Em Deportivo Binacional;0;655781;Asociacion Deportiva Tarma;1;1;1;0;31786873;75.0;25.0;10;4;4;1;6.0;3.0;8;3;12;9;10;17;20;17;2.0;4.0;0.0;5.0;7;11
3002;FC Porto;4;5136;FC Vizela;2;6;1;1;28077608;65.0;35.0;10;3;7;2;3.0;1.0;8;2;8;13;5;10;26;20;1.0;1.0;0.0;3.0;13;6
3002;FC Porto;7;3026;Portimonense SC;0;7;1;1;28077570;70.0;30.0;15;2;11;2;4.0;0.0;9;1;8;11;1;11;24;24;0.0;2.0;2.0;4.0;10;6
3003;FC Pacos Ferreira;2;3002;FC Porto;4;6;1;1;28077466;40.0;60.0;5;15;3;12;2.0;3.0;1;7;20;6;6;5;20;19;0.0;2.0;8.0;1.0;4;19
3014;Moreirense FC;0;3002;FC Porto;1;1;1;0;28077430;;;5;7;1;3;4.0;4.0;2;9;14;17;9;6;17;22;7.0;3.0;2.0;1.0;15;14
3002;FC Porto;4;38396;CD Tondela;0;4;1;1;28077494;;;14;6;9;1;5.0;5.0;5;4;15;25;7;7;24;23;1.0;2.0;1.0;5.0;23;14
3001;Sporting Lisbon;4;3011;Santa Clara Azores;0;4;1;1;28077632;63.0;37.0;13;4;6;1;7.0;3.0;10;5;18;11;3;7;19;23;1.0;2.0;1.0;2.0;10;12
3026;Portimonense SC;2;3001;Sporting Lisbon;3;5;1;1;28077610;31.0;69.0;4;19;3;7;1.0;12.0;1;8;13;8;22;4;11;27;2.0;2.0;5.0;1.0;7;12
3001;Sporting Lisbon;4;3010;Gil Vicente Barcelos;1;5;1;1;28077598;66.0;34.0;17;2;12;1;5.0;1.0;13;2;17;19;5;8;15;11;4.0;2.0;0.0;9.0;18;13
3001;Sporting Lisbon;0;3006;Benfica Lisbonu;2;2;1;1;28077556;62.0;38.0;13;7;4;3;9.0;4.0;7;5;17;10;10;12;20;17;2.0;4.0;3.0;7.0;10;13
3009;Vitoria Guimarares;1;3001;Sporting Lisbon;3;4;1;1;28077502;45.0;55.0;9;10;7;6;2.0;4.0;2;3;8;17;6;5;24;22;4.0;2.0;3.0;6.0;14;7
3014;Moreirense FC;0;3001;Sporting Lisbon;2;2;1;1;28077484;35.0;65.0;9;10;3;6;6.0;4.0;3;7;19;21;9;7;13;22;4.0;4.0;4.0;4.0;20;16
3007;Maritimo Madeira;1;3001;Sporting Lisbon;1;2;1;1;28077448;30.0;70.0;5;10;3;4;2.0;6.0;4;7;18;17;9;4;8;24;3.0;2.0;3.0;2.0;16;15
3001;Sporting Lisbon;2;3003;FC Pacos Ferreira;0;2;1;1;28077522;55.0;45.0;9;0;5;0;4.0;0.0;5;2;15;23;2;4;25;19;2.0;4.0;0.0;3.0;19;13
3001;Sporting Lisbon;2;25777;FC Arouca;0;2;1;1;28077482;61.0;39.0;11;2;5;1;6.0;1.0;5;1;17;21;2;11;26;10;2.0;4.0;3.0;6.0;13;14
3003;FC Pacos Ferreira;0;3006;Benfica Lisbonu;2;2;1;1;28077628;51.0;49.0;10;11;5;8;5.0;3.0;6;4;23;16;5;10;22;13;1.0;1.0;6.0;5.0;11;23
3006;Benfica Lisbonu;0;49531;FC Famalicao;0;0;0;0;28077584;67.0;33.0;14;1;4;0;10.0;1.0;8;5;11;18;3;16;37;15;3.0;4.0;0.0;4.0;18;10
3026;Portimonense SC;1;3006;Benfica Lisbonu;2;3;1;1;28077468;45.0;55.0;5;9;1;3;4.0;6.0;2;8;14;18;9;9;17;24;5.0;3.0;1.0;0.0;18;14
2995;Boavista Porto;2;3006;Benfica Lisbonu;2;4;1;1;28077432;50.0;50.0;11;5;4;1;7.0;4.0;9;4;19;15;4;8;21;22;5.0;4.0;2.0;2.0;15;14
3006;Benfica Lisbonu;2;4500;Estoril Praia;1;3;1;1;28077516;51.0;49.0;13;7;5;2;8.0;5.0;7;4;16;13;8;12;18;17;1.0;2.0;1.0;3.0;13;12
3006;Benfica Lisbonu;3;3009;Vitoria Guimarares;0;3;1;1;28077454;56.0;44.0;6;11;5;6;1.0;5.0;5;9;14;16;10;4;25;16;1.0;2.0;6.0;2.0;11;14
2999;SC Braga;1;25777;FC Arouca;0;1;1;0;28077626;62.0;38.0;7;11;2;4;5.0;7.0;4;8;9;15;11;12;21;19;0.0;1.0;4.0;1.0;13;7
4500;Estoril Praia;0;2999;SC Braga;0;0;0;0;28077558;41.0;59.0;12;11;6;1;6.0;10.0;7;5;10;4;15;11;14;25;1.0;0.0;1.0;9.0;4;9
3026;Portimonense SC;1;2999;SC Braga;2;3;1;1;28077506;57.0;43.0;8;12;5;6;3.0;6.0;7;9;15;11;11;7;23;26;1.0;1.0;4.0;6.0;8;15
2995;Boavista Porto;1;2999;SC Braga;1;2;1;1;28077470;51.0;49.0;9;4;5;2;4.0;2.0;4;1;20;17;9;7;24;26;5.0;3.0;1.0;4.0;14;17
2999;SC Braga;0;3010;Gil Vicente Barcelos;1;1;1;0;28077492;49.0;51.0;9;7;5;2;4.0;5.0;7;2;10;23;8;13;21;18;3.0;3.0;1.0;5.0;16;9
3004;Belenenses Lisbon;2;49531;FC Famalicao;3;5;1;1;28077620;44.0;56.0;8;7;3;4;5.0;3.0;7;5;24;18;5;10;17;19;3.0;1.0;1.0;2.0;16;20
49531;FC Famalicao;2;3010;Gil Vicente Barcelos;2;4;1;1;28077564;49.0;51.0;8;11;3;5;5.0;6.0;3;7;14;17;6;9;19;33;6.0;4.0;3.0;1.0;17;12
3009;Vitoria Guimarares;2;49531;FC Famalicao;1;3;1;1;28077472;51.0;49.0;8;7;5;5;3.0;2.0;7;2;17;19;4;8;37;26;5.0;2.0;1.0;1.0;17;14
49531;FC Famalicao;0;3011;Santa Clara Azores;0;0;0;0;28077488;48.0;52.0;7;7;3;3;4.0;4.0;6;5;21;15;7;4;30;21;1.0;4.0;3.0;3.0;13;19
3009;Vitoria Guimarares;5;3010;Gil Vicente Barcelos;0;5;1;1;28077636;50.0;50.0;13;6;8;3;5.0;3.0;1;3;15;16;6;10;13;15;1.0;0.0;3.0;3.0;14;15
3007;Maritimo Madeira;0;3009;Vitoria Guimarares;1;1;1;0;28077490;59.0;41.0;5;15;3;5;2.0;10.0;3;3;25;16;13;5;19;24;2.0;3.0;4.0;3.0;14;23
3004;Belenenses Lisbon;1;3009;Vitoria Guimarares;0;1;1;0;28077418;44.0;56.0;7;9;2;1;5.0;8.0;5;3;23;14;11;7;24;30;5.0;4.0;1.0;1.0;11;22
3026;Portimonense SC;1;3014;Moreirense FC;0;1;1;0;28077582;52.0;48.0;14;10;5;5;9.0;5.0;6;6;20;19;10;13;32;29;2.0;5.0;5.0;4.0;15;20
3014;Moreirense FC;2;38396;CD Tondela;0;2;1;1;28077566;42.0;58.0;9;2;2;2;7.0;0.0;4;1;17;19;7;16;39;23;6.0;5.0;3.0;1.0;17;15
3003;FC Pacos Ferreira;2;3014;Moreirense FC;1;3;1;1;28077508;54.0;46.0;7;13;6;5;1.0;8.0;7;3;22;19;13;4;17;21;3.0;4.0;4.0;3.0;17;21
49531;FC Famalicao;5;3014;Moreirense FC;0;5;1;1;28077420;58.0;42.0;11;6;8;4;3.0;2.0;4;5;10;14;7;4;16;21;4.0;5.0;4.0;3.0;14;10
3011;Santa Clara Azores;2;3007;Maritimo Madeira;2;4;1;1;28077588;43.0;57.0;9;4;3;2;6.0;2.0;3;10;16;24;4;11;26;24;2.0;3.0;0.0;1.0;23;14
25777;FC Arouca;1;3011;Santa Clara Azores;1;2;1;1;28077562;45.0;55.0;12;4;7;2;5.0;2.0;7;7;14;19;9;7;24;20;3.0;4.0;1.0;5.0;17;13
3011;Santa Clara Azores;2;4500;Estoril Praia;0;2;1;1;28077552;45.0;55.0;8;9;6;3;2.0;6.0;5;1;20;19;9;9;13;27;2.0;1.0;3.0;3.0;19;17
3011;Santa Clara Azores;0;3004;Belenenses Lisbon;0;0;0;0;28077512;55.0;45.0;10;3;3;1;7.0;2.0;7;8;21;17;9;10;27;29;3.0;5.0;1.0;3.0;15;20
3011;Santa Clara Azores;3;5136;FC Vizela;1;4;1;1;28077480;62.0;38.0;12;5;5;2;7.0;3.0;6;1;18;15;7;15;24;27;0.0;2.0;1.0;2.0;14;16
3011;Santa Clara Azores;1;3026;Portimonense SC;1;2;1;1;28077440;55.0;45.0;12;10;5;6;7.0;4.0;3;2;10;14;8;7;21;26;1.0;1.0;5.0;1.0;11;9
3007;Maritimo Madeira;0;3026;Portimonense SC;1;1;1;0;28077640;49.0;51.0;9;11;5;4;4.0;7.0;4;2;24;17;11;8;15;17;3.0;2.0;3.0;5.0;16;21
25777;FC Arouca;1;3026;Portimonense SC;0;1;1;0;28077604;51.0;49.0;13;7;6;5;7.0;2.0;5;7;17;14;8;9;16;22;1.0;2.0;5.0;5.0;12;15
4500;Estoril Praia;2;3026;Portimonense SC;0;2;1;1;28077498;46.0;54.0;9;10;5;3;4.0;7.0;6;10;14;14;9;6;23;22;3.0;3.0;3.0;3.0;13;11
5136;FC Vizela;1;3026;Portimonense SC;1;2;1;1;28077464;50.0;50.0;7;7;2;1;5.0;6.0;11;2;21;18;10;10;25;24;1.0;2.0;0.0;1.0;15;21
38396;CD Tondela;2;2995;Boavista Porto;2;4;1;1;28077638;48.0;52.0;9;8;7;3;2.0;5.0;4;5;19;13;7;9;25;17;1.0;3.0;1.0;5.0;12;16
3007;Maritimo Madeira;4;2995;Boavista Porto;0;4;1;1;28077568;55.0;45.0;5;3;4;0;1.0;3.0;1;1;22;19;7;4;15;26;4.0;5.0;;;17;20
2995;Boavista Porto;1;25777;FC Arouca;0;1;1;0;28077554;47.0;53.0;12;9;5;1;7.0;8.0;3;3;12;21;11;9;19;27;4.0;3.0;1.0;2.0;17;12
3004;Belenenses Lisbon;0;2995;Boavista Porto;0;0;0;0;28077496;53.0;47.0;8;10;3;1;5.0;9.0;3;4;22;19;12;9;15;17;4.0;3.0;1.0;3.0;17;20
4500;Estoril Praia;2;2995;Boavista Porto;3;5;1;1;28077462;41.0;59.0;6;9;2;3;4.0;6.0;5;1;9;21;9;7;17;14;2.0;4.0;0.0;7.0;18;8
5136;FC Vizela;1;3007;Maritimo Madeira;1;2;1;1;28077624;41.0;59.0;9;6;4;4;5.0;2.0;2;8;9;17;6;10;19;18;4.0;2.0;2.0;3.0;16;8
3003;FC Pacos Ferreira;2;3007;Maritimo Madeira;0;2;1;1;28077550;50.0;50.0;13;10;7;4;6.0;6.0;5;2;25;17;11;8;17;14;0.0;1.0;5.0;5.0;17;20
3010;Gil Vicente Barcelos;1;3007;Maritimo Madeira;1;2;1;1;28077514;48.0;52.0;9;9;6;4;3.0;5.0;8;6;15;19;6;9;18;20;3.0;3.0;3.0;5.0;17;8
3007;Maritimo Madeira;1;38396;CD Tondela;3;4;1;1;28077530;59.0;41.0;3;12;3;6;0.0;6.0;9;4;16;8;7;7;27;16;3.0;2.0;3.0;3.0;7;15
25777;FC Arouca;0;3004;Belenenses Lisbon;0;0;0;0;28077634;54.0;46.0;12;8;5;3;7.0;5.0;8;4;16;15;7;12;16;25;2.0;2.0;3.0;4.0;13;11
5136;FC Vizela;2;25777;FC Arouca;1;3;1;1;28077590;45.0;55.0;12;11;7;6;5.0;5.0;6;2;9;21;5;7;18;26;4.0;1.0;5.0;4.0;19;9
38396;CD Tondela;2;25777;FC Arouca;2;4;1;1;28077518;49.0;51.0;6;8;4;4;2.0;4.0;4;3;18;15;5;3;21;27;1.0;3.0;2.0;3.0;13;16
3009;Vitoria Guimarares;1;25777;FC Arouca;3;4;1;1;28077446;51.0;49.0;7;12;5;6;2.0;6.0;4;9;14;21;6;4;40;19;4.0;4.0;3.0;4.0;20;14
25777;FC Arouca;0;3003;FC Pacos Ferreira;1;1;1;0;28077486;61.0;39.0;7;9;3;5;4.0;4.0;6;9;18;17;4;8;23;15;4.0;5.0;4.0;3.0;16;14
3004;Belenenses Lisbon;1;5136;FC Vizela;0;1;1;0;28077572;40.0;60.0;3;8;3;3;0.0;5.0;2;7;16;17;11;11;27;35;2.0;2.0;6.0;2.0;15;15
38396;CD Tondela;1;3004;Belenenses Lisbon;1;2;1;1;28077474;51.0;49.0;6;6;2;4;4.0;2.0;4;5;19;19;8;9;11;27;4.0;3.0;3.0;1.0;18;16
3010;Gil Vicente Barcelos;2;3004;Belenenses Lisbon;0;2;1;1;28077438;58.0;42.0;11;4;6;1;5.0;3.0;6;3;18;16;4;6;22;25;2.0;4.0;1.0;4.0;11;15
3004;Belenenses Lisbon;0;3003;FC Pacos Ferreira;2;2;1;1;28077450;46.0;54.0;8;12;1;7;7.0;5.0;10;6;19;18;8;15;23;20;2.0;4.0;5.0;1.0;16;18
4500;Estoril Praia;1;5136;FC Vizela;2;3;1;1;28077536;67.0;33.0;9;6;3;4;6.0;2.0;7;2;14;14;3;12;25;19;2.0;2.0;2.0;5.0;12;13
3010;Gil Vicente Barcelos;1;3003;FC Pacos Ferreira;1;2;1;1;28077578;52.0;48.0;11;8;3;3;8.0;5.0;6;2;19;19;9;12;22;19;2.0;5.0;2.0;2.0;14;19
3003;FC Pacos Ferreira;1;38396;CD Tondela;1;2;1;1;28077600;;;17;7;5;3;12.0;4.0;7;0;16;16;7;17;20;20;1.0;5.0;2.0;4.0;15;13
5136;FC Vizela;0;3010;Gil Vicente Barcelos;1;1;1;0;28077422;55.0;45.0;10;6;2;3;8.0;3.0;12;2;14;15;9;12;34;22;3.0;4.0;2.0;2.0;12;14
38396;CD Tondela;0;2999;SC Braga;1;1;1;0;28077434;47.0;53.0;4;5;1;1;3.0;4.0;3;4;16;12;8;8;22;35;2.0;1.0;1.0;1.0;10;14
39733;Al-Sadd SC;2;32490;Umm-Salal SC;0;2;1;1;30746051;55.0;45.0;7;2;5;0;2.0;2.0;5;1;9;7;4;5;7;3;2.0;1.0;0.0;3.0;6;7
44444;Al Arabi Doha SC;2;44443;Al Ahli Doha SC;3;5;1;1;30746049;50.0;50.0;7;6;3;5;4.0;1.0;6;4;8;10;2;8;9;9;1.0;2.0;2.0;1.0;9;8
25914;Qatar SC;0;44438;Al-Khor SC;1;1;1;0;30746105;54.0;46.0;10;3;3;1;7.0;2.0;5;4;13;14;10;14;22;21;0.0;2.0;0.0;3.0;13;11
3301;Fotbal Club FCSB;3;5287;FC CFR 1907 Cluj;1;4;1;1;32536495;58.0;42.0;15;4;6;1;9.0;3.0;8;2;17;18;7;17;14;22;4.0;2.0;0.0;3.0;14;13
116223;CS Universitatea Craiova 1948;0;3301;Fotbal Club FCSB;1;1;1;0;32536485;48.0;52.0;11;14;2;4;9.0;10.0;2;4;10;20;14;11;29;32;1.0;2.0;3.0;2.0;17;10
3301;Fotbal Club FCSB;4;116221;ACS Champions FC Arges;0;4;1;1;32536479;49.0;51.0;13;1;8;0;5.0;1.0;4;1;18;14;3;8;20;33;2.0;2.0;0.0;4.0;11;17
3294;FC Farul Constanta;0;3301;Fotbal Club FCSB;4;4;1;1;32536471;52.0;48.0;6;16;3;10;3.0;6.0;4;7;10;15;6;7;31;20;3.0;0.0;6.0;3.0;13;8
116221;ACS Champions FC Arges;1;3301;Fotbal Club FCSB;0;1;1;0;27958378;38.0;62.0;12;10;3;7;9.0;3.0;2;5;14;20;10;14;24;20;3.0;2.0;7.0;1.0;18;12
3301;Fotbal Club FCSB;4;44255;FC Voluntari;0;4;1;1;32536461;60.0;40.0;16;8;8;6;8.0;2.0;5;3;13;19;5;12;19;13;4.0;1.0;6.0;4.0;18;12
3301;Fotbal Club FCSB;0;116223;CS Universitatea Craiova 1948;2;2;1;1;32536453;62.0;38.0;12;5;5;3;7.0;2.0;9;0;25;11;3;10;28;19;2.0;5.0;1.0;5.0;9;22
515142;FC U Craiova 1948;0;276385;ACS Sepsi OSK Sfantu Gheorghe;5;5;1;1;32536615;52.0;48.0;4;10;2;7;2.0;3.0;3;11;12;8;6;7;13;18;1.0;1.0;2.0;2.0;6;10
276385;ACS Sepsi OSK Sfantu Gheorghe;3;23575;CS Gaz Metan Medias;1;4;1;1;32536589;61.0;39.0;14;4;6;4;8.0;0.0;12;6;8;14;2;13;19;23;4.0;1.0;2.0;2.0;10;7
24798;FC Botosani;0;276385;ACS Sepsi OSK Sfantu Gheorghe;1;1;1;0;32536555;52.0;48.0;3;17;3;11;0.0;6.0;5;4;13;24;12;4;26;24;4.0;0.0;10.0;3.0;21;13
3292;FC Dinamo Bucuresti 1948;0;276385;ACS Sepsi OSK Sfantu Gheorghe;0;0;0;0;32536533;47.0;53.0;5;10;2;3;3.0;7.0;0;11;8;20;12;5;33;49;4.0;0.0;3.0;2.0;17;6
3292;FC Dinamo Bucuresti 1948;1;276385;ACS Sepsi OSK Sfantu Gheorghe;3;4;1;1;27958366;50.0;50.0;11;7;4;3;4.0;4.0;5;8;16;15;10;8;14;17;3.0;4.0;0.0;3.0;12;14
276385;ACS Sepsi OSK Sfantu Gheorghe;3;7731;CS Mioveni;1;4;1;1;32536509;70.0;30.0;13;5;9;2;4.0;3.0;11;3;19;9;6;6;30;11;1.0;1.0;1.0;3.0;7;17
116223;CS Universitatea Craiova 1948;4;3294;FC Farul Constanta;1;5;1;1;32536497;38.0;62.0;9;14;6;5;3.0;9.0;2;9;6;12;15;5;25;21;0.0;1.0;3.0;2.0;12;5
5287;FC CFR 1907 Cluj;2;116223;CS Universitatea Craiova 1948;1;3;1;1;32536489;45.0;55.0;5;4;3;3;2.0;1.0;2;3;19;13;8;4;18;21;4.0;5.0;2.0;1.0;8;16
116223;CS Universitatea Craiova 1948;1;44255;FC Voluntari;0;1;1;0;32536481;57.0;43.0;9;5;5;1;4.0;4.0;3;4;18;16;6;9;16;29;3.0;4.0;2.0;4.0;15;16
44255;FC Voluntari;3;116223;CS Universitatea Craiova 1948;1;4;1;1;32536449;42.0;58.0;5;9;4;5;1.0;4.0;2;6;16;18;8;1;15;24;4.0;2.0;4.0;2.0;11;15
116223;CS Universitatea Craiova 1948;3;116221;ACS Champions FC Arges;0;3;1;1;32536439;;;16;2;8;1;8.0;1.0;3;2;11;9;2;12;18;11;2.0;3.0;1.0;5.0;7;8
116223;CS Universitatea Craiova 1948;1;3294;FC Farul Constanta;0;1;1;0;27958392;55.0;45.0;12;6;2;2;10.0;4.0;7;1;12;15;6;13;21;27;2.0;1.0;2.0;1.0;12;10
24789;FC Academica Clinceni;0;24798;FC Botosani;4;4;1;1;32536623;41.0;59.0;7;11;3;6;4.0;5.0;2;5;21;12;10;7;27;13;1.0;1.0;2.0;3.0;11;16
24798;FC Botosani;2;515142;FC U Craiova 1948;1;3;1;1;32536579;;;10;9;7;6;3.0;3.0;4;4;12;18;12;6;15;15;5.0;3.0;5.0;5.0;12;10
3294;FC Farul Constanta;2;24798;FC Botosani;0;2;1;1;27958376;47.0;53.0;9;7;5;2;4.0;5.0;8;4;11;18;11;11;25;22;2.0;2.0;2.0;4.0;14;10
56127;AFC Chindia Targoviste;1;24798;FC Botosani;1;2;1;1;27958340;49.0;51.0;3;7;2;1;1.0;6.0;1;8;19;14;14;6;19;25;1.0;4.0;0.0;1.0;14;17
24798;FC Botosani;5;23575;CS Gaz Metan Medias;0;5;1;1;32536517;53.0;47.0;10;6;5;2;5.0;4.0;8;2;12;27;9;10;19;16;3.0;2.0;2.0;1.0;23;12
24798;FC Botosani;1;116221;ACS Champions FC Arges;2;3;1;1;27958394;52.0;48.0;6;7;1;4;5.0;3.0;4;8;15;23;6;8;25;30;5.0;4.0;2.0;0.0;19;13
3294;FC Farul Constanta;0;5287;FC CFR 1907 Cluj;0;0;0;0;32536445;49.0;51.0;5;8;2;4;3.0;4.0;4;2;10;15;11;6;27;29;2.0;0.0;4.0;2.0;12;9
44255;FC Voluntari;0;5287;FC CFR 1907 Cluj;1;1;1;0;27958380;49.0;51.0;2;9;1;4;1.0;5.0;4;8;11;16;9;7;22;30;2.0;2.0;3.0;1.0;15;8
7731;CS Mioveni;3;3302;Rapid Bucuresti 1923;2;5;1;1;32536619;24.0;76.0;6;11;3;4;3.0;7.0;0;13;17;4;19;5;19;35;3.0;0.0;2.0;0.0;3;7
221210;FC Uta Arad;1;7731;CS Mioveni;0;1;1;0;32536607;64.0;36.0;13;6;7;3;6.0;3.0;9;2;9;21;8;9;27;23;0.0;1.0;3.0;6.0;13;8
24789;FC Academica Clinceni;0;7731;CS Mioveni;2;2;1;1;32536577;47.0;53.0;4;10;4;5;0.0;5.0;1;6;18;18;10;7;28;22;3.0;2.0;3.0;4.0;13;14
23575;CS Gaz Metan Medias;1;7731;CS Mioveni;2;3;1;1;32536549;40.0;60.0;4;17;2;6;2.0;11.0;4;9;29;7;13;5;17;29;2.0;2.0;3.0;1.0;6;27
221210;FC Uta Arad;2;7731;CS Mioveni;1;3;1;1;27958390;57.0;43.0;9;2;5;1;4.0;1.0;9;2;15;26;3;11;32;18;2.0;2.0;0.0;3.0;18;15
515142;FC U Craiova 1948;1;221210;FC Uta Arad;0;1;1;0;32536593;37.0;63.0;6;11;4;4;2.0;7.0;5;4;15;14;9;1;17;25;2.0;2.0;4.0;3.0;14;14
515142;FC U Craiova 1948;4;24789;FC Academica Clinceni;0;4;1;1;32536567;56.0;44.0;15;4;9;0;6.0;4.0;7;5;11;14;8;11;13;15;1.0;1.0;0.0;5.0;10;9
3292;FC Dinamo Bucuresti 1948;1;515142;FC U Craiova 1948;2;3;1;1;32536551;48.0;52.0;6;11;2;5;4.0;6.0;2;7;14;17;8;10;24;39;2.0;5.0;3.0;1.0;14;14
23575;CS Gaz Metan Medias;0;515142;FC U Craiova 1948;2;2;1;1;32536527;41.0;59.0;3;22;2;8;1.0;14.0;3;9;13;13;21;2;17;29;1.0;1.0;6.0;2.0;12;12
515142;FC U Craiova 1948;1;221210;FC Uta Arad;1;2;1;1;27972672;51.0;49.0;13;11;6;5;7.0;6.0;6;5;10;10;9;9;18;21;3.0;2.0;4.0;5.0;9;10
221210;FC Uta Arad;0;3302;Rapid Bucuresti 1923;2;2;1;1;32536557;57.0;43.0;5;5;0;3;5.0;2.0;4;2;16;20;5;9;27;22;2.0;1.0;1.0;0.0;18;15
5287;FC CFR 1907 Cluj;2;3302;Rapid Bucuresti 1923;1;3;1;1;27958344;60.0;40.0;10;10;8;3;2.0;7.0;8;8;5;11;10;7;37;20;0.0;2.0;2.0;6.0;10;4
23575;CS Gaz Metan Medias;0;3292;FC Dinamo Bucuresti 1948;1;1;1;0;32536575;40.0;60.0;2;9;0;3;2.0;6.0;2;11;20;22;18;5;21;16;2.0;5.0;2.0;0.0;21;16
56127;AFC Chindia Targoviste;0;3292;FC Dinamo Bucuresti 1948;2;2;1;1;32536545;50.0;50.0;15;9;8;6;7.0;3.0;2;4;15;17;7;16;26;28;2.0;3.0;4.0;8.0;15;14
3292;FC Dinamo Bucuresti 1948;4;23575;CS Gaz Metan Medias;0;4;1;1;27958334;60.0;40.0;12;2;9;0;3.0;2.0;4;3;11;14;3;13;21;17;4.0;1.0;0.0;5.0;11;8
221210;FC Uta Arad;1;56127;AFC Chindia Targoviste;0;1;1;0;32536583;65.0;35.0;13;6;5;3;8.0;3.0;5;3;17;10;7;15;27;23;2.0;3.0;3.0;4.0;8;17
23575;CS Gaz Metan Medias;0;56127;AFC Chindia Targoviste;4;4;1;1;27958388;38.0;62.0;3;12;1;7;2.0;5.0;1;8;15;15;9;9;27;23;0.0;1.0;3.0;1.0;15;12
221210;FC Uta Arad;4;23575;CS Gaz Metan Medias;0;4;1;1;32536539;62.0;38.0;17;5;11;1;5.0;4.0;14;2;7;25;5;10;21;22;3.0;1.0;1.0;5.0;20;7
221210;FC Uta Arad;3;24789;FC Academica Clinceni;0;3;1;1;32536503;55.0;45.0;11;5;6;2;5.0;3.0;2;6;14;21;8;5;28;25;1.0;3.0;2.0;3.0;14;13
116221;ACS Champions FC Arges;0;44255;FC Voluntari;1;1;1;0;32536501;45.0;55.0;14;7;3;4;11.0;3.0;6;4;13;6;8;14;29;19;1.0;2.0;3.0;3.0;6;10
3294;FC Farul Constanta;1;44255;FC Voluntari;1;2;1;1;32536487;54.0;46.0;11;9;5;3;6.0;6.0;4;4;20;12;6;9;15;12;4.0;7.0;2.0;5.0;10;19
44255;FC Voluntari;0;116221;ACS Champions FC Arges;1;1;1;0;32536467;50.0;50.0;6;11;1;6;5.0;5.0;3;6;12;15;10;11;22;20;2.0;3.0;5.0;1.0;12;11
3294;FC Farul Constanta;1;116221;ACS Champions FC Arges;0;1;1;0;32536491;61.0;39.0;8;6;3;4;5.0;2.0;4;10;14;19;8;11;11;23;2.0;5.0;4.0;2.0;13;14
24789;FC Academica Clinceni;2;23575;CS Gaz Metan Medias;0;2;1;1;27958370;60.0;40.0;14;4;6;0;8.0;4.0;8;0;16;23;4;10;27;20;1.0;1.0;0.0;4.0;20;16
2333;FK Rubin Kazan;0;2334;FK Sochi;6;6;1;1;27752686;43.0;57.0;8;17;4;10;4.0;7.0;4;7;6;3;10;5;19;17;0.0;1.0;4.0;4.0;3;5
2334;FK Sochi;3;5131;RFK Akhmat Grozny;2;5;1;1;27752668;65.0;35.0;21;15;7;4;3.0;5.0;3;4;10;11;12;9;31;14;3.0;4.0;1.0;3.0;7;8
74241;FK Ufa;1;2334;FK Sochi;2;3;1;1;27752638;54.0;46.0;9;5;3;4;6.0;1.0;3;1;12;12;7;10;25;21;1.0;1.0;4.0;2.0;11;11
2338;FK Khimki;0;2334;FK Sochi;0;0;0;0;27752594;44.0;56.0;3;9;2;4;1.0;5.0;2;5;20;14;13;5;16;18;6.0;2.0;4.0;2.0;11;18
2326;FK Rostov;0;2334;FK Sochi;1;1;1;0;27752566;46.0;54.0;7;7;3;2;4.0;5.0;2;2;13;10;5;6;29;35;4.0;2.0;1.0;3.0;10;12
2334;FK Sochi;0;2321;FK Zenit Saint Petersburg;0;0;0;0;27752622;32.0;68.0;4;9;3;3;1.0;6.0;4;8;7;11;12;7;20;25;2.0;1.0;2.0;2.0;9;4
2334;FK Sochi;2;35301;PFK Arsenal Tula;0;2;1;1;27752558;50.0;50.0;10;2;4;1;6.0;1.0;5;7;13;10;4;10;21;16;3.0;3.0;2.0;2.0;8;12
212844;FK Nizhny Novgorod;1;2321;FK Zenit Saint Petersburg;0;1;1;0;27752736;34.0;66.0;8;8;3;5;5.0;3.0;2;7;12;14;7;10;26;20;1.0;1.0;9.0;3.0;12;10
2323;FK Spartak Moscow;1;2321;FK Zenit Saint Petersburg;1;2;1;1;27752708;32.0;68.0;6;7;6;2;0.0;5.0;3;8;6;8;9;2;12;18;4.0;0.0;1.0;5.0;8;5
2321;FK Zenit Saint Petersburg;1;2338;FK Khimki;0;1;1;0;27752692;68.0;32.0;12;4;7;2;5.0;2.0;5;1;6;21;3;6;30;18;1.0;0.0;2.0;6.0;18;5
2321;FK Zenit Saint Petersburg;3;2320;Lokomotiv Moscow;1;4;1;1;27752676;60.0;40.0;12;6;7;2;5.0;4.0;12;4;17;9;4;9;21;20;0.0;2.0;1.0;4.0;6;15
2321;FK Zenit Saint Petersburg;3;35301;PFK Arsenal Tula;0;3;1;1;27752596;67.0;33.0;19;3;11;0;8.0;3.0;6;1;18;12;6;11;9;14;0.0;3.0;0.0;8.0;11;18
2321;FK Zenit Saint Petersburg;2;74241;FK Ufa;0;2;1;1;27752564;67.0;33.0;14;2;7;2;7.0;0.0;6;5;12;17;1;11;23;10;1.0;1.0;2.0;5.0;17;11
35301;PFK Arsenal Tula;1;7529;FK Ural Yekaterinburg;2;3;1;1;27752734;43.0;57.0;10;8;6;4;4.0;4.0;3;3;9;7;7;8;9;15;;;3.0;6.0;6;6
7529;FK Ural Yekaterinburg;3;2333;FK Rubin Kazan;0;3;1;1;27752722;65.0;35.0;10;6;5;2;5.0;4.0;7;6;11;9;13;12;18;17;0.0;3.0;2.0;1.0;8;11
2315;FK Dinamo Moscow;2;7529;FK Ural Yekaterinburg;3;5;1;1;27752682;50.0;50.0;19;7;10;4;9.0;3.0;6;1;8;6;6;15;16;20;1.0;2.0;1.0;8.0;6;8
7529;FK Ural Yekaterinburg;2;74241;FK Ufa;1;3;1;1;27752672;64.0;36.0;11;7;7;3;4.0;4.0;3;2;10;15;9;5;22;27;4.0;1.0;6.0;6.0;14;10
2325;CSKA Moscow;2;7529;FK Ural Yekaterinburg;2;4;1;1;27752618;60.0;40.0;11;9;6;5;5.0;4.0;6;1;10;14;5;9;23;16;1.0;2.0;4.0;4.0;13;10
34425;FK Krasnodar;2;7529;FK Ural Yekaterinburg;1;3;1;1;27752568;49.0;51.0;7;10;2;5;5.0;5.0;0;4;17;11;9;10;15;15;1.0;1.0;4.0;0.0;11;16
7529;FK Ural Yekaterinburg;0;2322;PFK Krylia Sovetov Samara;1;1;1;0;27752640;54.0;46.0;3;14;0;7;3.0;7.0;4;5;10;8;13;8;23;14;5.0;2.0;;;8;7
7529;FK Ural Yekaterinburg;0;2338;FK Khimki;1;1;1;0;27752610;49.0;51.0;10;9;5;6;5.0;3.0;2;6;8;17;10;7;15;21;1.0;2.0;2.0;3.0;14;7
7529;FK Ural Yekaterinburg;0;5131;RFK Akhmat Grozny;0;0;0;0;27752592;60.0;40.0;10;6;5;2;5.0;4.0;8;2;13;14;7;7;24;14;1.0;0.0;2.0;3.0;11;11
34425;FK Krasnodar;1;5131;RFK Akhmat Grozny;1;2;1;1;27752724;60.0;40.0;9;8;4;6;5.0;2.0;6;1;14;12;5;10;34;20;1.0;4.0;5.0;3.0;11;13
34425;FK Krasnodar;1;2325;CSKA Moscow;0;1;1;0;27752712;50.0;50.0;9;19;3;9;6.0;10.0;0;5;10;15;13;10;15;13;2.0;3.0;16.0;3.0;13;10
35301;PFK Arsenal Tula;1;34425;FK Krasnodar;1;2;1;1;27752700;42.0;58.0;8;8;3;3;5.0;5.0;4;2;22;14;9;9;14;12;4.0;2.0;0.0;2.0;14;22
34425;FK Krasnodar;2;2326;FK Rostov;1;3;1;1;27752680;42.0;58.0;9;14;4;5;5.0;9.0;7;3;8;13;13;6;22;28;2.0;2.0;5.0;3.0;12;6
2322;PFK Krylia Sovetov Samara;2;34425;FK Krasnodar;0;2;1;1;27752648;49.0;51.0;9;5;6;2;3.0;3.0;3;1;14;10;5;4;17;24;1.0;4.0;1.0;2.0;5;13
2333;FK Rubin Kazan;0;34425;FK Krasnodar;1;1;1;0;27752634;;;14;5;5;3;9.0;2.0;1;3;14;15;4;12;19;33;0.0;2.0;2.0;5.0;12;14
74241;FK Ufa;1;34425;FK Krasnodar;1;2;1;1;27752608;31.0;69.0;9;8;4;4;5.0;4.0;9;3;13;10;6;10;15;21;4.0;2.0;3.0;4.0;9;13
2323;FK Spartak Moscow;1;34425;FK Krasnodar;2;3;1;1;27752580;57.0;43.0;7;5;5;4;2.0;1.0;6;1;11;19;3;5;17;21;2.0;1.0;2.0;3.0;13;11
34425;FK Krasnodar;0;2315;FK Dinamo Moscow;1;1;1;0;27752614;55.0;45.0;6;11;2;4;4.0;7.0;2;7;13;15;11;6;32;20;5.0;2.0;3.0;2.0;12;10
2315;FK Dinamo Moscow;2;5131;RFK Akhmat Grozny;0;2;1;1;27752650;62.0;38.0;14;5;8;3;6.0;2.0;4;4;14;15;3;13;30;22;1.0;3.0;3.0;6.0;13;11
35301;PFK Arsenal Tula;0;5131;RFK Akhmat Grozny;0;0;0;0;27752626;;;5;8;3;5;2.0;3.0;2;5;22;14;13;3;24;34;1.0;1.0;5.0;2.0;13;15
5131;RFK Akhmat Grozny;2;2320;Lokomotiv Moscow;3;5;1;1;27752602;54.0;46.0;17;8;10;7;7.0;1.0;7;1;17;28;4;10;18;19;3.0;6.0;4.0;8.0;21;15
5131;RFK Akhmat Grozny;1;2333;FK Rubin Kazan;2;3;1;1;27752578;47.0;53.0;11;5;8;3;3.0;2.0;3;2;14;16;4;9;29;25;3.0;3.0;0.0;7.0;15;12
2322;PFK Krylia Sovetov Samara;0;2320;Lokomotiv Moscow;1;1;1;0;27752726;51.0;49.0;11;6;2;5;9.0;1.0;6;5;14;13;2;14;21;19;0.0;4.0;4.0;1.0;8;13
2320;Lokomotiv Moscow;3;2315;FK Dinamo Moscow;3;6;1;1;27752714;57.0;43.0;8;11;4;6;4.0;5.0;6;2;17;9;4;8;28;21;2.0;2.0;3.0;1.0;9;14
2320;Lokomotiv Moscow;1;2333;FK Rubin Kazan;0;1;1;0;27752698;60.0;40.0;6;3;2;0;4.0;3.0;12;3;13;11;5;9;26;20;3.0;2.0;0.0;1.0;8;7
2320;Lokomotiv Moscow;1;2323;FK Spartak Moscow;0;1;1;0;27752620;50.0;50.0;6;4;2;3;4.0;1.0;4;7;16;11;5;12;35;31;4.0;1.0;3.0;1.0;10;10
2320;Lokomotiv Moscow;1;2325;CSKA Moscow;2;3;1;1;27752584;40.0;60.0;6;13;2;9;4.0;4.0;4;7;20;12;10;10;21;18;1.0;3.0;7.0;1.0;10;15
2325;CSKA Moscow;4;2326;FK Rostov;0;4;1;1;27752728;58.0;42.0;9;3;6;0;3.0;3.0;11;3;16;17;5;8;19;19;1.0;0.0;0.0;2.0;16;13
2326;FK Rostov;2;2338;FK Khimki;1;3;1;1;27752710;50.0;50.0;9;7;6;2;3.0;5.0;9;9;8;18;9;4;18;21;4.0;3.0;1.0;4.0;16;5
2326;FK Rostov;3;2323;FK Spartak Moscow;2;5;1;1;27752660;44.0;56.0;7;8;4;3;3.0;5.0;2;4;15;14;10;8;14;20;3.0;3.0;1.0;1.0;13;14
35301;PFK Arsenal Tula;1;2326;FK Rostov;2;3;1;1;27752654;55.0;45.0;8;11;3;5;5.0;6.0;3;5;9;15;8;6;21;21;5.0;2.0;3.0;2.0;11;7
2315;FK Dinamo Moscow;1;2326;FK Rostov;1;2;1;1;27752600;62.0;38.0;11;3;5;1;6.0;2.0;6;3;19;8;7;13;30;16;2.0;2.0;0.0;4.0;7;12
2326;FK Rostov;1;2322;PFK Krylia Sovetov Samara;0;1;1;0;32809803;42.0;58.0;3;6;2;4;1.0;2.0;2;8;10;10;7;7;22;33;4.0;4.0;4.0;2.0;9;9
2326;FK Rostov;1;212844;FK Nizhny Novgorod;2;3;1;1;27752612;60.0;40.0;5;3;4;3;1.0;0.0;5;3;11;7;2;5;29;28;2.0;1.0;1.0;3.0;6;8
74241;FK Ufa;1;2325;CSKA Moscow;1;2;1;1;27752658;35.0;65.0;3;8;1;7;2.0;1.0;3;7;11;11;8;5;21;23;2.0;1.0;6.0;0.0;9;11
2322;PFK Krylia Sovetov Samara;1;74241;FK Ufa;2;3;1;1;27752616;73.0;27.0;7;6;4;4;3.0;2.0;4;2;19;16;6;9;14;13;2.0;3.0;2.0;1.0;16;18
2338;FK Khimki;4;2325;CSKA Moscow;2;6;1;1;27752642;33.0;67.0;6;7;6;4;0.0;3.0;4;5;13;14;11;1;11;24;2.0;1.0;2.0;2.0;12;9
2323;FK Spartak Moscow;2;2322;PFK Krylia Sovetov Samara;1;3;1;1;27752678;48.0;52.0;14;7;7;4;7.0;3.0;4;3;10;11;6;11;16;15;4.0;2.0;3.0;5.0;10;9
2323;FK Spartak Moscow;1;2333;FK Rubin Kazan;1;2;1;1;27752646;67.0;33.0;13;8;5;3;8.0;5.0;11;8;9;11;5;13;35;11;2.0;1.0;3.0;4.0;9;8
212844;FK Nizhny Novgorod;1;2323;FK Spartak Moscow;1;2;1;1;27752606;45.0;55.0;8;8;4;4;4.0;4.0;4;6;12;14;7;6;17;27;5.0;2.0;10.0;3.0;14;9
2315;FK Dinamo Moscow;0;2323;FK Spartak Moscow;2;2;1;1;27752574;48.0;52.0;6;8;1;2;5.0;6.0;4;1;13;14;8;6;17;13;3.0;4.0;;;14;11
2323;FK Spartak Moscow;3;35301;PFK Arsenal Tula;0;3;1;1;27752628;54.0;46.0;21;10;11;4;10.0;6.0;5;3;10;12;7;12;13;16;1.0;2.0;4.0;6.0;12;10
2323;FK Spartak Moscow;0;2325;CSKA Moscow;2;2;1;1;27752550;55.0;45.0;7;7;2;4;5.0;3.0;4;5;16;15;3;10;21;25;2.0;3.0;2.0;2.0;12;16
2325;CSKA Moscow;1;2315;FK Dinamo Moscow;0;1;1;0;27752664;56.0;44.0;11;11;5;4;6.0;7.0;3;9;13;17;10;6;29;20;2.0;2.0;3.0;4.0;12;13
2325;CSKA Moscow;1;212844;FK Nizhny Novgorod;0;1;1;0;27752572;67.0;33.0;16;2;5;1;11.0;1.0;8;0;11;6;2;19;24;11;2.0;1.0;1.0;13.0;6;11
35301;PFK Arsenal Tula;2;212844;FK Nizhny Novgorod;2;4;1;1;27752688;60.0;40.0;8;8;4;7;4.0;1.0;6;5;16;9;6;10;17;16;2.0;2.0;5.0;3.0;7;13
212844;FK Nizhny Novgorod;0;2315;FK Dinamo Moscow;1;1;1;0;27752636;33.0;67.0;3;7;1;2;2.0;5.0;2;2;16;8;11;4;23;25;4.0;1.0;8.0;3.0;7;13
35301;PFK Arsenal Tula;1;2315;FK Dinamo Moscow;4;5;1;1;27752588;40.0;60.0;3;10;3;7;0.0;3.0;3;3;9;13;3;2;34;21;4.0;1.0;3.0;2.0;13;8
2315;FK Dinamo Moscow;1;2321;FK Zenit Saint Petersburg;1;2;1;1;27752540;43.0;57.0;10;4;5;3;5.0;1.0;4;5;13;12;5;10;25;12;1.0;1.0;2.0;4.0;10;7
2333;FK Rubin Kazan;1;35301;PFK Arsenal Tula;0;1;1;0;27752670;40.0;60.0;9;7;4;2;5.0;5.0;4;0;8;17;11;9;17;34;0.0;1.0;3.0;6.0;14;7
36333;FK Senica;0;2398;AS Trencin;3;3;1;1;32810831;30.0;70.0;0;15;0;6;0.0;9.0;1;7;13;11;20;1;25;24;1.0;1.0;3.0;0.0;9;12
2398;AS Trencin;5;25488;MFK Tatran Liptovsky Mikulas;2;7;1;1;32810821;57.0;43.0;9;6;7;4;2.0;2.0;6;3;9;18;3;4;18;29;2.0;0.0;2.0;2.0;17;9
2398;AS Trencin;4;7084;FC Vion Zlate Moravce - Vrable;3;7;1;1;33159471;55.0;45.0;13;6;6;4;7.0;2.0;8;6;17;13;1;14;15;21;0.0;1.0;1.0;2.0;12;15
25488;MFK Tatran Liptovsky Mikulas;0;2398;AS Trencin;3;3;1;1;32363657;42.0;58.0;5;11;3;7;2.0;4.0;1;8;17;9;7;3;29;21;2.0;3.0;4.0;3.0;8;15
2406;FC Spartak Trnava;0;2398;AS Trencin;0;0;0;0;27663958;45.0;55.0;7;7;3;4;4.0;3.0;7;6;16;13;7;12;30;15;1.0;4.0;4.0;3.0;12;16
2398;AS Trencin;4;36333;FK Senica;1;5;1;1;32363647;56.0;44.0;15;7;7;2;8.0;5.0;6;2;14;19;8;12;28;32;0.0;1.0;1.0;3.0;19;13
2398;AS Trencin;2;77981;FK Pohronie Ziar Nad Hronom Dolna Zdana;0;2;1;1;32363641;53.0;47.0;15;6;8;4;7.0;2.0;7;5;16;20;5;10;18;32;2.0;2.0;4.0;6.0;18;14
2398;AS Trencin;2;25488;MFK Tatran Liptovsky Mikulas;2;4;1;1;27663970;61.0;39.0;12;5;6;5;6.0;0.0;8;4;10;7;4;15;18;25;2.0;0.0;3.0;4.0;6;10
23833;DAC 1904 Dunajska Streda;2;2397;MFK Ruzomberok;3;5;1;1;32810185;65.0;35.0;14;7;8;5;6.0;2.0;7;6;14;10;3;14;32;20;1.0;5.0;2.0;6.0;9;12
2406;FC Spartak Trnava;0;2397;MFK Ruzomberok;0;0;0;0;32810087;58.0;42.0;10;5;1;1;9.0;4.0;8;2;16;20;6;15;20;28;4.0;5.0;1.0;1.0;17;16
2402;MSK Zilina;0;2397;MFK Ruzomberok;2;2;1;1;32363623;47.0;53.0;8;19;2;13;6.0;6.0;4;9;6;16;12;8;39;25;2.0;2.0;11.0;2.0;15;6
2404;Slovan Bratislava;1;2397;MFK Ruzomberok;1;2;1;1;32363609;57.0;43.0;6;10;2;6;4.0;4.0;5;5;18;18;7;8;20;18;2.0;3.0;5.0;1.0;14;17
2397;MFK Ruzomberok;4;23833;DAC 1904 Dunajska Streda;1;5;1;1;32363601;43.0;57.0;11;4;5;3;6.0;1.0;1;3;16;18;8;10;23;31;1.0;2.0;2.0;1.0;18;9
2397;MFK Ruzomberok;1;77981;FK Pohronie Ziar Nad Hronom Dolna Zdana;0;1;1;0;27663964;55.0;45.0;9;5;3;1;6.0;4.0;2;3;20;9;7;14;22;37;3.0;3.0;1.0;2.0;8;15
2406;FC Spartak Trnava;1;23833;DAC 1904 Dunajska Streda;0;1;1;0;32810371;55.0;45.0;16;4;10;1;6.0;3.0;6;2;21;18;3;11;21;19;1.0;1.0;1.0;9.0;14;18
2402;MSK Zilina;1;2406;FC Spartak Trnava;2;3;1;1;32810187;47.0;53.0;5;5;3;3;2.0;2.0;6;3;12;12;7;8;19;19;2.0;4.0;2.0;2.0;12;8
2404;Slovan Bratislava;1;2406;FC Spartak Trnava;0;1;1;0;32810109;49.0;51.0;7;11;2;3;5.0;8.0;5;2;11;16;12;7;29;34;2.0;0.0;3.0;1.0;16;10
36891;SKF Sered;0;2406;FC Spartak Trnava;2;2;1;1;32810071;47.0;53.0;12;13;3;9;9.0;4.0;4;4;10;19;8;12;30;31;2.0;2.0;7.0;3.0;18;9
2406;FC Spartak Trnava;1;2402;MSK Zilina;0;1;1;0;32810063;42.0;58.0;14;4;4;2;10.0;2.0;7;4;21;6;5;13;32;24;2.0;3.0;2.0;4.0;5;21
23833;DAC 1904 Dunajska Streda;1;2406;FC Spartak Trnava;1;2;1;1;32363611;42.0;58.0;3;13;3;5;0.0;8.0;1;9;15;16;11;1;15;27;5.0;3.0;4.0;2.0;14;14
2404;Slovan Bratislava;0;2406;FC Spartak Trnava;0;0;0;0;27663962;62.0;38.0;8;1;5;0;3.0;1.0;5;3;20;18;4;13;34;28;3.0;5.0;0.0;5.0;17;19
2406;FC Spartak Trnava;0;36891;SKF Sered;1;1;1;0;32363603;66.0;34.0;11;6;5;3;6.0;3.0;9;5;20;8;4;11;32;16;1.0;4.0;2.0;5.0;6;17
25488;MFK Tatran Liptovsky Mikulas;0;7084;FC Vion Zlate Moravce - Vrable;2;2;1;1;32810841;60.0;40.0;11;7;4;3;7.0;4.0;11;0;19;13;9;7;19;35;1.0;1.0;1.0;4.0;12;14
7885;MFK Zemplin Michalovce;1;25488;MFK Tatran Liptovsky Mikulas;2;3;1;1;32810823;55.0;45.0;10;6;4;4;6.0;2.0;4;3;18;10;5;8;25;31;2.0;2.0;2.0;4.0;9;17
25488;MFK Tatran Liptovsky Mikulas;1;77981;FK Pohronie Ziar Nad Hronom Dolna Zdana;0;1;1;0;32810649;52.0;48.0;14;7;6;0;8.0;7.0;4;1;11;8;14;12;36;39;1.0;4.0;0.0;5.0;7;7
25488;MFK Tatran Liptovsky Mikulas;3;7885;MFK Zemplin Michalovce;1;4;1;1;32810541;40.0;60.0;5;10;3;7;2.0;3.0;4;3;7;11;11;8;43;34;0.0;1.0;6.0;0.0;10;7
7084;FC Vion Zlate Moravce - Vrable;0;25488;MFK Tatran Liptovsky Mikulas;1;1;1;0;32363645;;;4;5;1;3;3.0;2.0;5;4;14;11;7;8;30;23;2.0;2.0;2.0;1.0;10;12
25488;MFK Tatran Liptovsky Mikulas;2;36333;FK Senica;1;3;1;1;32363639;57.0;43.0;18;5;8;2;10.0;3.0;19;5;18;13;4;18;32;22;0.0;1.0;1.0;6.0;12;14
36891;SKF Sered;0;2404;Slovan Bratislava;3;3;1;1;32810189;35.0;65.0;12;13;4;8;8.0;5.0;0;6;15;9;10;12;21;34;2.0;0.0;5.0;4.0;7;12
23833;DAC 1904 Dunajska Streda;2;2404;Slovan Bratislava;0;2;1;1;32811199;43.0;57.0;12;8;5;3;7.0;5.0;0;3;21;16;15;12;21;17;4.0;2.0;3.0;3.0;14;16
2404;Slovan Bratislava;3;23833;DAC 1904 Dunajska Streda;1;4;1;1;32810067;56.0;44.0;9;13;6;5;3.0;8.0;3;6;15;17;13;10;9;16;5.0;1.0;4.0;3.0;17;14
2402;MSK Zilina;2;2404;Slovan Bratislava;3;5;1;1;32363605;55.0;45.0;10;12;7;7;3.0;5.0;6;3;24;25;10;8;20;17;3.0;3.0;4.0;5.0;21;21
77981;FK Pohronie Ziar Nad Hronom Dolna Zdana;3;2404;Slovan Bratislava;4;7;1;1;27663954;42.0;58.0;6;11;4;7;2.0;4.0;2;7;19;29;7;10;26;22;2.0;3.0;2.0;1.0;29;18
2404;Slovan Bratislava;5;36891;SKF Sered;1;6;1;1;32363617;60.0;40.0;19;7;9;1;10.0;6.0;7;3;18;8;8;17;22;21;0.0;2.0;0.0;4.0;8;17
77981;FK Pohronie Ziar Nad Hronom Dolna Zdana;1;7885;MFK Zemplin Michalovce;2;3;1;1;32810735;56.0;44.0;12;3;5;2;7.0;1.0;8;2;24;14;6;17;17;15;1.0;1.0;0.0;4.0;9;19
7885;MFK Zemplin Michalovce;1;36333;FK Senica;0;1;1;0;32810637;65.0;35.0;6;1;3;1;3.0;0.0;6;2;11;17;1;18;34;30;0.0;2.0;1.0;3.0;16;10
36333;FK Senica;2;7885;MFK Zemplin Michalovce;1;3;1;1;32363643;46.0;54.0;5;10;3;6;2.0;4.0;2;10;13;22;8;9;32;32;3.0;2.0;5.0;1.0;20;12
2402;MSK Zilina;2;7885;MFK Zemplin Michalovce;1;3;1;1;27663950;59.0;41.0;8;6;3;2;5.0;4.0;8;4;15;12;10;11;19;19;2.0;2.0;1.0;1.0;11;13
7885;MFK Zemplin Michalovce;1;77981;FK Pohronie Ziar Nad Hronom Dolna Zdana;0;1;1;0;32363655;45.0;55.0;8;8;5;4;3.0;4.0;3;5;10;17;9;10;20;27;1.0;1.0;4.0;4.0;13;8
7084;FC Vion Zlate Moravce - Vrable;1;77981;FK Pohronie Ziar Nad Hronom Dolna Zdana;3;4;1;1;32810827;59.0;41.0;5;8;2;4;3.0;4.0;6;9;12;12;9;7;20;25;3.0;0.0;2.0;0.0;10;11
36333;FK Senica;2;77981;FK Pohronie Ziar Nad Hronom Dolna Zdana;1;3;1;1;32810539;56.0;44.0;11;4;5;2;6.0;2.0;4;3;14;16;7;9;26;14;2.0;7.0;1.0;3.0;14;12
77981;FK Pohronie Ziar Nad Hronom Dolna Zdana;0;7084;FC Vion Zlate Moravce - Vrable;1;1;1;0;32363637;50.0;50.0;9;8;4;3;5.0;5.0;2;5;20;20;9;13;33;37;1.0;1.0;3.0;4.0;18;14
36891;SKF Sered;0;23833;DAC 1904 Dunajska Streda;0;0;0;0;32810111;44.0;56.0;10;9;4;3;6.0;6.0;3;8;10;11;12;8;21;24;1.0;2.0;3.0;4.0;9;7
23833;DAC 1904 Dunajska Streda;2;2402;MSK Zilina;0;2;1;1;32810081;41.0;59.0;11;10;4;2;7.0;8.0;1;5;14;18;21;9;13;39;3.0;3.0;2.0;2.0;16;11
2402;MSK Zilina;2;23833;DAC 1904 Dunajska Streda;2;4;1;1;32363615;54.0;46.0;9;7;6;2;3.0;5.0;1;5;16;17;16;9;28;20;0.0;1.0;0.0;4.0;15;16
7084;FC Vion Zlate Moravce - Vrable;2;23833;DAC 1904 Dunajska Streda;0;2;1;1;27663952;40.0;60.0;8;10;6;2;2.0;8.0;4;4;21;16;17;6;19;17;4.0;5.0;2.0;4.0;14;19
23833;DAC 1904 Dunajska Streda;0;36891;SKF Sered;0;0;0;0;32363625;56.0;44.0;8;8;1;2;7.0;6.0;3;2;11;16;9;11;24;16;3.0;3.0;2.0;1.0;14;11
23833;DAC 1904 Dunajska Streda;3;2402;MSK Zilina;1;4;1;1;27663968;48.0;52.0;10;11;7;3;3.0;8.0;6;8;13;10;13;6;14;28;2.0;0.0;2.0;4.0;9;10
36333;FK Senica;0;7084;FC Vion Zlate Moravce - Vrable;0;0;0;0;32810733;32.0;68.0;6;10;3;2;3.0;8.0;3;6;10;11;13;7;29;31;1.0;1.0;2.0;3.0;8;9
36891;SKF Sered;2;7084;FC Vion Zlate Moravce - Vrable;1;3;1;1;27663960;66.0;34.0;9;4;5;1;4.0;3.0;7;4;9;15;7;8;32;24;1.0;1.0;0.0;3.0;14;6
7084;FC Vion Zlate Moravce - Vrable;3;36333;FK Senica;2;5;1;1;32363653;58.0;42.0;16;7;7;4;9.0;3.0;5;2;20;9;7;10;29;24;2.0;6.0;1.0;4.0;9;18
2402;MSK Zilina;1;36891;SKF Sered;1;2;1;1;32810093;59.0;41.0;10;7;3;4;7.0;3.0;6;7;18;9;9;15;19;25;1.0;4.0;3.0;2.0;9;14
36891;SKF Sered;1;2402;MSK Zilina;1;2;1;1;32363607;31.0;69.0;11;9;4;4;7.0;5.0;3;7;22;11;11;9;14;25;0.0;1.0;4.0;3.0;8;18
37737;NK Radomlje;2;2413;NK Celje;1;3;1;1;28041864;;;8;10;5;3;3.0;7.0;7;5;12;17;9;6;24;27;0.0;1.0;2.0;2.0;15;12
37737;NK Radomlje;1;2424;Aluminij Kidricevo;1;2;1;1;28041824;61.0;39.0;7;12;4;3;3.0;9.0;8;4;9;9;9;10;26;30;2.0;1.0;2.0;3.0;8;8
2413;NK Celje;1;2410;Mura Murska Sobota;3;4;1;1;28041862;;;12;18;8;10;4.0;8.0;3;8;14;13;10;6;25;19;3.0;2.0;8.0;6.0;11;9
2417;NK Koper;1;162238;Tabor Sezana;0;1;1;0;28041872;;;8;10;2;4;6.0;6.0;8;3;13;17;9;9;18;16;2.0;1.0;3.0;1.0;15;12
2418;NK Domzale;0;2417;NK Koper;1;1;1;0;28041838;;;5;11;3;6;2.0;5.0;7;7;17;14;10;8;26;17;2.0;2.0;5.0;2.0;14;13
362744;Bravo Ljubljana;3;2420;NK Maribor;1;4;1;1;28041870;53.0;47.0;8;6;6;2;2.0;4.0;6;5;14;14;4;8;28;29;1.0;5.0;1.0;3.0;11;13
162238;Tabor Sezana;1;2420;NK Maribor;2;3;1;1;28041852;36.0;64.0;6;13;3;4;3.0;9.0;2;5;14;14;18;6;26;34;1.0;1.0;2.0;2.0;14;13
2420;NK Maribor;1;2413;NK Celje;0;1;1;0;28041810;;;13;8;6;4;7.0;4.0;6;5;12;11;8;10;18;21;1.0;1.0;4.0;5.0;7;9
2424;Aluminij Kidricevo;2;2416;Olimpija Ljubljana;3;5;1;1;28041868;35.0;65.0;10;22;5;11;5.0;11.0;1;9;20;12;16;8;13;23;1.0;1.0;7.0;3.0;12;19
2416;Olimpija Ljubljana;1;2418;NK Domzale;1;2;1;1;28041812;;;4;13;4;10;0.0;3.0;4;7;12;15;6;2;19;33;5.0;1.0;9.0;3.0;14;11
2416;Olimpija Ljubljana;2;2413;NK Celje;4;6;1;1;28041796;61.0;39.0;13;9;8;8;5.0;1.0;8;5;20;12;6;8;24;29;1.0;1.0;4.0;6.0;10;20
2418;NK Domzale;1;2413;NK Celje;1;2;1;1;28041882;47.0;53.0;6;12;2;6;4.0;6.0;2;11;14;16;11;7;28;28;1.0;2.0;5.0;1.0;13;13
2418;NK Domzale;3;2424;Aluminij Kidricevo;1;4;1;1;28041860;;;9;9;6;4;3.0;5.0;6;4;19;9;8;5;27;35;2.0;1.0;3.0;3.0;8;16
162238;Tabor Sezana;2;2418;NK Domzale;1;3;1;1;28041830;54.0;46.0;10;8;4;4;6.0;4.0;8;6;14;19;7;12;34;34;1.0;2.0;3.0;2.0;15;13
2413;NK Celje;2;2418;NK Domzale;1;3;1;1;28041792;;;6;10;5;6;1.0;4.0;4;7;15;18;9;6;23;27;3.0;2.0;5.0;3.0;18;14
2413;NK Celje;1;162238;Tabor Sezana;0;1;1;0;28041818;;;12;1;5;0;7.0;1.0;7;3;15;15;4;10;17;25;2.0;0.0;0.0;4.0;15;13
2829;Real Madrid;6;2849;Levante UD;0;6;1;1;27965874;60.0;40.0;25;8;15;1;10.0;7.0;6;6;7;11;12;10;9;11;2.0;1.0;1.0;9.0;8;5
2836;Atletico Madrid;1;2829;Real Madrid;0;1;1;0;27965848;48.0;52.0;13;15;2;8;11.0;7.0;4;6;6;19;14;16;21;15;2.0;4.0;8.0;1.0;17;6
2829;Real Madrid;4;2814;Espanyol Barcelona;0;4;1;1;27965836;55.0;45.0;11;13;5;6;6.0;7.0;6;8;7;13;16;10;10;11;2.0;0.0;6.0;1.0;11;6
2820;CA Osasuna;1;2829;Real Madrid;3;4;1;1;27965820;36.0;64.0;5;11;2;6;3.0;5.0;3;4;9;14;10;8;18;6;1.0;3.0;3.0;1.0;13;7
2833;Sevilla FC;2;2829;Real Madrid;3;5;1;1;27965800;41.0;59.0;7;11;3;6;4.0;5.0;0;3;13;12;7;6;13;21;3.0;4.0;4.0;1.0;11;9
2821;RC Celta de Vigo;1;2829;Real Madrid;2;3;1;1;27965754;56.0;44.0;8;8;4;5;4.0;3.0;9;3;15;15;6;9;13;15;3.0;0.0;3.0;3.0;14;13
2826;RCD Mallorca;0;2829;Real Madrid;3;3;1;1;27965710;33.0;67.0;12;5;3;3;9.0;2.0;1;6;19;12;5;10;17;17;3.0;3.0;0.0;3.0;12;15
2829;Real Madrid;2;2859;Getafe CF;0;2;1;1;27965776;68.0;32.0;16;3;8;0;8.0;3.0;10;2;11;15;3;14;18;17;2.0;2.0;0.0;6.0;14;11
2829;Real Madrid;4;2824;Real Sociedad San Sebastian;1;5;1;1;27965698;69.0;31.0;13;1;9;1;4.0;0.0;7;1;14;15;1;8;19;9;0.0;2.0;0.0;5.0;12;14
2824;Real Sociedad San Sebastian;1;2836;Atletico Madrid;2;3;1;1;27965916;55.0;45.0;8;6;2;5;6.0;1.0;3;2;13;16;1;9;21;20;4.0;2.0;3.0;1.0;16;11
2836;Atletico Madrid;1;2833;Sevilla FC;1;2;1;1;27965888;40.0;60.0;8;8;4;4;4.0;4.0;4;5;18;16;11;11;18;24;2.0;5.0;3.0;3.0;14;18
2846;Elche CF;0;2836;Atletico Madrid;2;2;1;1;27965884;44.0;56.0;5;11;0;7;5.0;4.0;6;3;16;16;5;9;15;13;2.0;2.0;4.0;0.0;15;8
2825;Athletic Bilbao;2;2836;Atletico Madrid;0;2;1;1;27965828;46.0;54.0;11;6;2;5;9.0;1.0;5;3;17;11;6;14;15;14;3.0;3.0;5.0;1.0;10;16
2836;Atletico Madrid;0;33779;Granada CF;0;0;0;0;27965806;60.0;40.0;15;5;5;2;10.0;3.0;11;1;15;10;8;14;23;12;4.0;5.0;2.0;5.0;9;14
2826;RCD Mallorca;1;2836;Atletico Madrid;0;1;1;0;27965766;38.0;62.0;8;3;3;1;5.0;2.0;1;6;12;14;5;9;28;34;1.0;4.0;1.0;2.0;14;11
2816;Real Betis Seville;1;2836;Atletico Madrid;3;4;1;1;27965688;61.0;39.0;8;7;4;6;4.0;1.0;10;3;12;19;8;12;20;18;5.0;3.0;3.0;3.0;19;11
2836;Atletico Madrid;4;2885;Deportivo Alaves;1;5;1;1;27965748;49.0;51.0;11;3;8;2;3.0;1.0;7;2;15;13;5;9;24;17;1.0;0.0;1.0;4.0;10;13
2817;FC Barcelona;0;2819;Villarreal CF;2;2;1;1;27965908;67.0;33.0;8;4;3;3;5.0;1.0;12;1;7;17;2;12;13;15;3.0;1.0;1.0;3.0;12;7
2819;Villarreal CF;1;2824;Real Sociedad San Sebastian;2;3;1;1;27965904;49.0;51.0;6;8;4;5;2.0;3.0;4;3;18;15;6;9;25;29;4.0;2.0;3.0;3.0;12;15
2818;Rayo Vallecano;1;2819;Villarreal CF;5;6;1;1;27965882;56.0;44.0;8;9;2;6;6.0;3.0;9;3;9;13;7;10;16;14;5.0;2.0;1.0;1.0;10;8
2819;Villarreal CF;1;2833;Sevilla FC;1;2;1;1;27965864;66.0;34.0;11;6;7;2;4.0;4.0;4;2;19;16;5;11;16;16;3.0;0.0;2.0;6.0;14;15
2885;Deportivo Alaves;2;2819;Villarreal CF;1;3;1;1;27965826;35.0;65.0;8;10;4;4;4.0;6.0;5;8;12;15;12;6;12;21;5.0;2.0;3.0;2.0;14;7
2819;Villarreal CF;2;2828;Valencia CF;0;2;1;1;27965824;56.0;44.0;9;3;5;1;4.0;2.0;3;2;12;18;5;6;18;10;2.0;3.0;1.0;3.0;14;11
2859;Getafe CF;1;2819;Villarreal CF;2;3;1;1;27965794;40.0;60.0;7;9;5;6;2.0;3.0;6;6;8;18;5;6;18;9;2.0;0.0;4.0;4.0;15;6
2849;Levante UD;2;2819;Villarreal CF;0;2;1;1;27965760;42.0;58.0;9;11;6;3;3.0;8.0;1;8;11;20;12;7;12;19;4.0;2.0;3.0;4.0;19;11
4488;Cadiz CF;1;2819;Villarreal CF;0;1;1;0;27965732;43.0;57.0;13;1;7;1;6.0;0.0;6;3;14;11;4;12;16;14;4.0;2.0;1.0;6.0;8;12
2819;Villarreal CF;1;2825;Athletic Bilbao;1;2;1;1;27965782;61.0;39.0;9;9;6;7;3.0;2.0;7;2;16;17;5;7;14;20;2.0;3.0;6.0;5.0;16;16
2819;Villarreal CF;1;2821;RC Celta de Vigo;0;1;1;0;27965722;55.0;45.0;8;7;3;2;5.0;5.0;5;6;16;14;7;10;25;13;1.0;1.0;2.0;2.0;12;14
2833;Sevilla FC;1;2825;Athletic Bilbao;0;1;1;0;27965918;65.0;35.0;10;4;3;1;7.0;3.0;5;0;12;15;9;12;18;16;3.0;3.0;2.0;3.0;13;12
2817;FC Barcelona;4;2825;Athletic Bilbao;0;4;1;1;27965666;71.0;29.0;11;4;7;3;4.0;1.0;5;0;14;14;2;7;18;21;2.0;1.0;3.0;3.0;10;11
2825;Athletic Bilbao;0;2821;RC Celta de Vigo;2;2;1;1;27965788;46.0;54.0;4;6;2;4;2.0;2.0;5;4;14;16;3;4;22;17;2.0;2.0;2.0;2.0;14;13
2825;Athletic Bilbao;2;2846;Elche CF;1;3;1;1;27965746;53.0;47.0;11;4;6;4;5.0;0.0;7;4;19;15;4;8;27;21;2.0;4.0;3.0;4.0;14;17
2833;Sevilla FC;0;2826;RCD Mallorca;0;0;0;0;27965878;64.0;36.0;13;6;5;2;8.0;4.0;6;3;18;14;4;13;30;10;4.0;6.0;2.0;5.0;11;18
2833;Sevilla FC;1;4488;Cadiz CF;1;2;1;1;27965838;53.0;47.0;7;10;7;4;0.0;6.0;5;6;11;15;9;3;26;17;2.0;2.0;3.0;6.0;15;10
2849;Levante UD;2;2833;Sevilla FC;3;5;1;1;27965818;46.0;54.0;9;10;6;6;3.0;4.0;10;4;13;12;7;10;15;25;1.0;5.0;3.0;4.0;8;11
2818;Rayo Vallecano;1;2833;Sevilla FC;1;2;1;1;27965720;46.0;54.0;6;3;2;3;4.0;0.0;5;6;16;21;3;9;28;30;0.0;1.0;2.0;1.0;17;15
2885;Deportivo Alaves;0;2833;Sevilla FC;0;0;0;0;27965684;34.0;66.0;9;6;4;2;5.0;4.0;5;5;12;18;8;10;27;29;3.0;1.0;2.0;4.0;17;8
2833;Sevilla FC;4;33779;Granada CF;2;6;1;1;27965778;65.0;35.0;17;12;12;5;5.0;7.0;14;3;8;7;8;13;19;17;3.0;2.0;3.0;8.0;6;7
2833;Sevilla FC;0;2824;Real Sociedad San Sebastian;0;0;0;0;27965740;59.0;41.0;5;9;1;3;4.0;6.0;7;3;13;14;5;12;32;21;0.0;3.0;3.0;1.0;13;13
2859;Getafe CF;0;2817;FC Barcelona;0;0;0;0;27965896;30.0;70.0;6;4;3;1;3.0;3.0;5;5;9;10;6;4;17;12;1.0;2.0;1.0;3.0;9;8
2816;Real Betis Seville;1;2817;FC Barcelona;2;3;1;1;27965850;45.0;55.0;8;8;5;5;3.0;3.0;4;8;24;18;12;6;17;10;1.0;2.0;3.0;4.0;17;18
2817;FC Barcelona;2;2826;RCD Mallorca;1;3;1;1;27965830;70.0;30.0;13;5;6;3;7.0;2.0;5;2;13;21;6;10;24;17;2.0;3.0;2.0;4.0;15;11
2817;FC Barcelona;0;2818;Rayo Vallecano;1;1;1;0;32678107;80.0;20.0;11;2;5;1;6.0;1.0;9;1;16;17;3;11;26;25;4.0;6.0;0.0;5.0;11;14
2824;Real Sociedad San Sebastian;0;2817;FC Barcelona;1;1;1;0;27965822;56.0;44.0;7;10;5;1;2.0;9.0;5;3;14;12;10;8;28;28;1.0;2.0;0.0;6.0;12;9
2817;FC Barcelona;0;4488;Cadiz CF;1;1;1;0;27965792;75.0;25.0;15;5;8;3;7.0;2.0;8;1;14;14;5;12;17;12;4.0;1.0;2.0;8.0;14;9
2820;CA Osasuna;0;2826;RCD Mallorca;2;2;1;1;27965912;65.0;35.0;5;9;1;5;4.0;4.0;5;7;15;12;6;10;19;15;2.0;2.0;3.0;1.0;11;13
2826;RCD Mallorca;2;2818;Rayo Vallecano;1;3;1;1;27965894;45.0;55.0;8;5;4;3;4.0;2.0;5;3;8;13;9;7;19;25;1.0;0.0;2.0;2.0;12;8
2826;RCD Mallorca;2;33779;Granada CF;6;8;1;1;27965854;59.0;41.0;13;9;8;7;5.0;2.0;5;5;15;14;6;9;31;17;3.0;2.0;0.0;6.0;11;13
2826;RCD Mallorca;2;2885;Deportivo Alaves;1;3;1;1;27965812;40.0;60.0;5;6;4;4;1.0;2.0;0;6;22;26;9;4;21;21;2.0;6.0;4.0;2.0;25;19
2846;Elche CF;3;2826;RCD Mallorca;0;3;1;1;27965804;53.0;47.0;5;9;2;3;3.0;6.0;2;1;14;22;11;6;21;11;2.0;3.0;3.0;0.0;20;12
2859;Getafe CF;1;2826;RCD Mallorca;0;1;1;0;27965756;63.0;37.0;8;5;2;1;6.0;4.0;5;1;20;14;9;11;23;17;5.0;5.0;1.0;1.0;14;20
2814;Espanyol Barcelona;1;2826;RCD Mallorca;0;1;1;0;27965734;46.0;54.0;8;5;3;3;5.0;2.0;6;6;12;14;9;7;15;17;3.0;3.0;3.0;2.0;13;12
2826;RCD Mallorca;0;2824;Real Sociedad San Sebastian;2;2;1;1;31935195;54.0;46.0;7;8;2;3;5.0;5.0;3;4;10;13;8;7;27;20;0.0;2.0;1.0;2.0;12;9
2818;Rayo Vallecano;2;2849;Levante UD;4;6;1;1;27965922;55.0;45.0;15;11;8;7;7.0;4.0;7;3;12;13;7;13;19;15;0.0;3.0;3.0;6.0;8;12
2849;Levante UD;3;2885;Deportivo Alaves;1;4;1;1;27965902;64.0;36.0;10;3;5;2;5.0;1.0;3;4;15;22;8;9;25;17;8.0;6.0;1.0;2.0;20;10
2849;Levante UD;2;2824;Real Sociedad San Sebastian;1;3;1;1;27965862;53.0;47.0;8;14;5;6;3.0;8.0;7;6;11;14;7;8;21;27;2.0;3.0;5.0;3.0;12;8
2820;CA Osasuna;3;2849;Levante UD;1;4;1;1;27965736;47.0;53.0;19;7;8;3;11.0;4.0;6;1;20;12;6;16;19;22;0.0;1.0;2.0;5.0;10;17
2825;Athletic Bilbao;3;2849;Levante UD;1;4;1;1;27965686;50.0;50.0;9;5;5;2;4.0;3.0;4;3;12;9;5;14;19;29;1.0;2.0;1.0;2.0;6;12
2849;Levante UD;1;2814;Espanyol Barcelona;1;2;1;1;27965716;56.0;44.0;10;5;5;1;5.0;4.0;8;2;11;21;6;10;22;18;4.0;4.0;0.0;4.0;18;10
33779;Granada CF;0;2814;Espanyol Barcelona;0;0;0;0;27965910;39.0;61.0;8;6;5;4;3.0;2.0;7;3;10;10;9;10;27;20;1.0;0.0;4.0;5.0;9;10
2816;Real Betis Seville;2;33779;Granada CF;0;2;1;1;27965890;61.0;39.0;9;15;4;7;5.0;8.0;4;9;18;13;13;9;14;17;0.0;1.0;7.0;2.0;12;15
33779;Granada CF;1;2821;RC Celta de Vigo;1;2;1;1;27965834;40.0;60.0;10;11;6;5;4.0;6.0;5;4;15;10;13;8;31;26;1.0;3.0;5.0;5.0;10;14
33779;Granada CF;0;2846;Elche CF;1;1;1;0;27965714;58.0;42.0;10;8;4;2;6.0;6.0;3;3;12;16;11;9;27;14;3.0;6.0;1.0;4.0;15;11
2828;Valencia CF;0;2816;Real Betis Seville;3;3;1;1;27965880;48.0;52.0;11;7;5;5;6.0;2.0;7;3;15;23;4;9;16;23;1.0;3.0;2.0;5.0;17;12
2859;Getafe CF;0;2816;Real Betis Seville;0;0;0;0;27965832;35.0;65.0;2;4;1;3;1.0;1.0;2;4;21;17;3;5;19;17;1.0;1.0;3.0;1.0;16;16
4488;Cadiz CF;1;2816;Real Betis Seville;2;3;1;1;27965768;39.0;61.0;8;9;4;3;4.0;6.0;8;4;14;19;9;6;23;16;1.0;2.0;1.0;3.0;17;10
2821;RC Celta de Vigo;0;2816;Real Betis Seville;0;0;0;0;27965730;52.0;48.0;9;5;3;1;6.0;4.0;2;2;10;16;7;9;25;23;1.0;2.0;1.0;3.0;12;10
2816;Real Betis Seville;4;2820;CA Osasuna;1;5;1;1;27965752;55.0;45.0;13;7;7;3;6.0;4.0;11;7;12;10;7;11;15;26;1.0;3.0;2.0;3.0;10;7
2885;Deportivo Alaves;0;4488;Cadiz CF;1;1;1;0;27965906;49.0;51.0;5;8;1;3;4.0;5.0;4;4;14;10;12;8;25;23;0.0;1.0;2.0;1.0;10;12
2824;Real Sociedad San Sebastian;3;4488;Cadiz CF;0;3;1;1;27965876;52.0;48.0;10;6;7;2;3.0;4.0;2;12;16;14;6;5;21;23;4.0;2.0;2.0;4.0;13;9
4488;Cadiz CF;2;2818;Rayo Vallecano;0;2;1;1;27965692;48.0;52.0;11;9;7;2;4.0;7.0;5;6;17;25;10;10;25;13;5.0;3.0;2.0;5.0;24;15
2846;Elche CF;1;2824;Real Sociedad San Sebastian;2;3;1;1;27965784;44.0;56.0;5;13;2;7;3.0;6.0;8;9;15;16;9;7;17;16;3.0;3.0;5.0;1.0;15;12
2824;Real Sociedad San Sebastian;1;2814;Espanyol Barcelona;0;1;1;0;27965762;70.0;30.0;8;6;5;2;3.0;4.0;6;0;12;21;7;7;20;12;2.0;4.0;2.0;4.0;17;12
2824;Real Sociedad San Sebastian;1;2885;Deportivo Alaves;0;1;1;0;27965718;60.0;40.0;10;8;7;5;3.0;3.0;6;4;18;12;6;5;26;24;1.0;1.0;5.0;6.0;11;11
2846;Elche CF;3;2859;Getafe CF;1;4;1;1;27965924;56.0;44.0;14;6;9;2;5.0;4.0;8;3;10;13;6;10;11;15;2.0;2.0;1.0;6.0;11;9
2859;Getafe CF;0;2818;Rayo Vallecano;0;0;0;0;27965856;47.0;53.0;10;11;5;1;5.0;10.0;4;5;18;19;12;8;26;14;3.0;4.0;1.0;5.0;19;14
2821;RC Celta de Vigo;0;2859;Getafe CF;2;2;1;1;27965810;69.0;31.0;7;5;3;3;4.0;2.0;2;1;15;15;5;9;32;22;2.0;5.0;1.0;3.0;14;14
2814;Espanyol Barcelona;2;2859;Getafe CF;0;2;1;1;27965694;56.0;44.0;2;9;1;3;1.0;6.0;1;5;17;22;7;6;13;30;6.0;5.0;3.0;0.0;17;16
2859;Getafe CF;0;2828;Valencia CF;0;0;0;0;27965712;57.0;43.0;9;5;4;2;5.0;3.0;5;3;21;18;9;8;33;16;6.0;5.0;2.0;4.0;16;18
2828;Valencia CF;2;2821;RC Celta de Vigo;0;2;1;1;27965920;46.0;54.0;6;8;3;5;3.0;3.0;3;3;19;20;5;5;23;20;3.0;3.0;5.0;2.0;20;16
2821;RC Celta de Vigo;1;2846;Elche CF;0;1;1;0;27965892;54.0;46.0;11;8;5;1;6.0;7.0;7;5;17;16;11;11;14;30;2.0;2.0;1.0;4.0;11;13
2814;Espanyol Barcelona;1;2821;RC Celta de Vigo;0;1;1;0;27965770;48.0;52.0;8;6;2;5;6.0;1.0;2;3;25;12;1;10;22;21;4.0;1.0;5.0;1.0;12;21
2846;Elche CF;1;2820;CA Osasuna;1;2;1;1;27965844;59.0;41.0;9;9;4;5;5.0;4.0;7;4;18;15;8;10;22;23;4.0;2.0;4.0;3.0;13;17
2814;Espanyol Barcelona;1;2828;Valencia CF;1;2;1;1;27965900;48.0;52.0;5;13;3;4;2.0;9.0;2;3;15;21;12;3;18;16;4.0;1.0;3.0;2.0;18;15
2818;Rayo Vallecano;1;2828;Valencia CF;1;2;1;1;27965780;56.0;44.0;6;4;3;2;3.0;2.0;5;4;16;15;5;12;21;35;3.0;4.0;1.0;2.0;11;16
2828;Valencia CF;1;2820;CA Osasuna;2;3;1;1;27965802;52.0;48.0;6;7;4;3;2.0;4.0;9;5;30;13;6;6;30;36;1.0;2.0;1.0;3.0;11;25
2820;CA Osasuna;1;2885;Deportivo Alaves;0;1;1;0;27965774;62.0;38.0;10;8;3;2;7.0;6.0;7;3;7;12;9;13;26;20;3.0;1.0;2.0;2.0;11;7
2885;Deportivo Alaves;1;2818;Rayo Vallecano;0;1;1;0;27965786;43.0;57.0;9;9;6;3;3.0;6.0;2;12;6;12;16;10;15;27;2.0;3.0;3.0;5.0;12;6
2814;Espanyol Barcelona;0;2818;Rayo Vallecano;1;1;1;0;27965816;57.0;43.0;5;9;2;2;3.0;7.0;3;10;19;15;7;5;26;19;4.0;4.0;1.0;2.0;14;18
2814;Espanyol Barcelona;1;2820;CA Osasuna;1;2;1;1;27965860;51.0;49.0;10;13;3;5;7.0;8.0;6;6;13;7;10;13;31;22;1.0;3.0;4.0;2.0;6;12
2817;FC Barcelona;4;2820;CA Osasuna;0;4;1;1;27965706;71.0;29.0;17;3;10;2;7.0;1.0;5;1;6;11;3;14;21;9;0.0;4.0;2.0;6.0;7;3
2820;CA Osasuna;1;2819;Villarreal CF;0;1;1;0;27965696;28.0;72.0;9;3;3;1;6.0;2.0;6;8;9;14;11;11;15;12;1.0;0.0;1.0;2.0;12;6
2453;FC Luzern;2;2445;Young Boys Bern;2;4;1;1;27871792;58.0;42.0;15;18;7;9;8.0;9.0;4;6;14;8;13;12;25;32;2.0;2.0;7.0;5.0;5;14
2445;Young Boys Bern;4;2442;FC St. Gallen 1879;1;5;1;1;27871782;59.0;41.0;7;6;5;1;2.0;5.0;5;2;11;15;13;7;27;29;3.0;2.0;0.0;1.0;10;8
2452;FC Sion;1;2445;Young Boys Bern;2;3;1;1;27871764;37.0;63.0;11;9;5;4;6.0;5.0;4;5;14;21;14;6;21;28;4.0;2.0;2.0;4.0;18;11
2446;Lausanne-Sport;2;2445;Young Boys Bern;2;4;1;1;27871698;45.0;55.0;4;7;3;5;1.0;2.0;0;10;11;17;7;6;10;14;4.0;2.0;3.0;1.0;16;11
2445;Young Boys Bern;2;2446;Lausanne-Sport;2;4;1;1;27871734;52.0;48.0;14;2;8;2;6.0;0.0;7;5;10;17;5;6;23;21;3.0;2.0;0.0;6.0;16;6
2445;Young Boys Bern;2;2453;FC Luzern;2;4;1;1;27871694;45.0;55.0;15;7;5;4;10.0;3.0;12;2;14;12;3;16;23;14;3.0;0.0;2.0;3.0;11;12
2452;FC Sion;1;2453;FC Luzern;3;4;1;1;27871780;45.0;55.0;8;9;5;7;3.0;2.0;5;6;9;11;8;9;22;24;2.0;2.0;4.0;4.0;10;9
2453;FC Luzern;4;2448;Servette Geneva;0;4;1;1;27871772;;;10;9;7;3;3.0;6.0;4;3;10;10;9;9;20;23;4.0;5.0;4.0;3.0;8;9
2501;FC Basel 1893;3;2453;FC Luzern;0;3;1;1;27871746;57.0;43.0;16;18;9;9;7.0;9.0;10;13;5;9;10;9;22;19;2.0;2.0;9.0;6.0;8;5
2442;FC St. Gallen 1879;3;2453;FC Luzern;2;5;1;1;27871712;52.0;48.0;5;9;4;5;1.0;4.0;5;4;12;21;12;5;28;28;1.0;3.0;3.0;1.0;19;11
2453;FC Luzern;1;2449;Grasshopper Club Zurich;0;1;1;0;27871700;52.0;48.0;7;5;1;1;6.0;4.0;3;3;14;10;9;13;14;31;1.0;2.0;1.0;1.0;7;11
2443;FC Lugano;2;2450;FC Zurich;1;3;1;1;27871790;51.0;49.0;8;5;5;2;3.0;3.0;8;4;15;9;11;6;20;13;2.0;3.0;1.0;3.0;9;14
2442;FC St. Gallen 1879;1;2450;FC Zurich;2;3;1;1;27871774;52.0;48.0;12;9;1;5;11.0;4.0;10;5;20;16;7;16;26;21;2.0;3.0;3.0;0.0;15;16
2501;FC Basel 1893;0;2450;FC Zurich;2;2;1;1;27871756;63.0;37.0;10;6;4;2;6.0;4.0;5;5;21;15;9;12;20;25;4.0;4.0;0.0;4.0;15;19
2446;Lausanne-Sport;0;2450;FC Zurich;2;2;1;1;27871688;57.0;43.0;9;9;3;7;6.0;2.0;10;2;15;13;5;10;17;17;2.0;1.0;5.0;3.0;13;13
2450;FC Zurich;1;2449;Grasshopper Club Zurich;1;2;1;1;27871724;60.0;40.0;12;7;6;2;6.0;5.0;9;3;17;9;9;8;28;20;3.0;4.0;1.0;3.0;8;13
2450;FC Zurich;0;2442;FC St. Gallen 1879;3;3;1;1;27871704;45.0;55.0;12;8;6;4;6.0;4.0;6;5;15;15;8;13;28;19;1.0;3.0;1.0;6.0;9;14
2449;Grasshopper Club Zurich;3;2442;FC St. Gallen 1879;2;5;1;1;27871786;45.0;55.0;10;11;4;7;6.0;4.0;2;6;23;16;6;9;20;32;3.0;2.0;5.0;1.0;13;20
2448;Servette Geneva;0;2442;FC St. Gallen 1879;2;2;1;1;27871762;52.0;48.0;7;11;2;8;5.0;3.0;1;2;10;15;5;12;37;29;3.0;1.0;6.0;2.0;11;8
2442;FC St. Gallen 1879;3;2443;FC Lugano;0;3;1;1;27871750;50.0;50.0;13;7;6;4;7.0;3.0;6;4;17;8;9;11;21;27;2.0;2.0;4.0;3.0;7;14
2452;FC Sion;0;2442;FC St. Gallen 1879;3;3;1;1;27871722;47.0;53.0;6;10;2;6;4.0;4.0;3;8;14;10;8;7;20;23;3.0;2.0;3.0;3.0;8;12
2448;Servette Geneva;0;2501;FC Basel 1893;0;0;0;0;27871794;41.0;59.0;13;8;5;0;8.0;8.0;5;2;16;9;13;11;22;16;1.0;0.0;0.0;4.0;6;14
2446;Lausanne-Sport;0;2501;FC Basel 1893;0;0;0;0;27871768;48.0;52.0;9;7;2;5;7.0;2.0;5;4;18;14;11;10;14;24;2.0;1.0;5.0;2.0;13;17
2452;FC Sion;0;2501;FC Basel 1893;0;0;0;0;27871742;43.0;57.0;3;9;0;5;3.0;4.0;3;5;14;15;13;6;28;16;0.0;3.0;5.0;0.0;11;12
2449;Grasshopper Club Zurich;2;2501;FC Basel 1893;4;6;1;1;27871706;47.0;53.0;11;8;5;5;6.0;3.0;9;3;8;17;8;10;18;22;2.0;1.0;1.0;3.0;17;6
2443;FC Lugano;0;2501;FC Basel 1893;2;2;1;1;27871690;59.0;41.0;7;8;2;3;5.0;5.0;4;0;16;17;9;11;36;21;3.0;4.0;1.0;2.0;13;14
2448;Servette Geneva;2;2443;FC Lugano;2;4;1;1;27871778;52.0;48.0;12;6;3;3;9.0;3.0;10;1;15;10;5;14;23;12;1.0;3.0;1.0;1.0;9;15
2443;FC Lugano;1;2449;Grasshopper Club Zurich;1;2;1;1;27871758;50.0;50.0;9;7;5;4;4.0;3.0;2;6;17;15;8;8;25;19;2.0;0.0;3.0;4.0;11;13
2446;Lausanne-Sport;4;2443;FC Lugano;1;5;1;1;27871736;47.0;53.0;12;7;10;3;2.0;4.0;2;7;8;10;10;5;18;22;3.0;1.0;3.0;6.0;8;6
2452;FC Sion;0;2443;FC Lugano;3;3;1;1;27871702;;;7;9;2;3;5.0;6.0;9;2;8;14;8;9;24;11;5.0;1.0;0.0;2.0;13;7
2443;FC Lugano;1;2452;FC Sion;3;4;1;1;27871728;62.0;38.0;10;9;3;4;7.0;5.0;5;2;15;16;7;16;23;20;2.0;2.0;1.0;2.0;14;9
2443;FC Lugano;3;2446;Lausanne-Sport;1;4;1;1;27871708;57.0;43.0;13;7;7;3;3.0;4.0;3;3;16;24;8;3;25;22;2.0;1.0;2.0;5.0;20;15
2449;Grasshopper Club Zurich;3;2446;Lausanne-Sport;1;4;1;1;27871748;55.0;45.0;8;3;5;2;3.0;1.0;3;3;21;20;4;9;20;20;1.0;4.0;1.0;3.0;20;18
2452;FC Sion;3;2448;Servette Geneva;3;6;1;1;27871798;46.0;54.0;7;10;5;6;2.0;4.0;1;9;10;10;6;6;23;19;3.0;3.0;3.0;2.0;8;10
2446;Lausanne-Sport;1;2452;FC Sion;2;3;1;1;27871788;43.0;57.0;14;12;4;7;10.0;5.0;5;5;14;8;7;13;19;21;0.0;2.0;5.0;3.0;7;13
2448;Servette Geneva;2;2452;FC Sion;1;3;1;1;27871710;51.0;49.0;10;6;4;1;6.0;5.0;10;1;10;9;8;13;21;19;2.0;3.0;0.0;2.0;8;10
2446;Lausanne-Sport;4;2448;Servette Geneva;1;5;1;1;27871718;46.0;54.0;13;10;9;4;4.0;6.0;4;2;14;13;9;8;14;17;1.0;3.0;3.0;5.0;12;14
328105;Nongbua Pitchaya FC;1;85741;Bangkok United;0;1;1;0;31691131;43.0;57.0;6;12;4;3;2.0;9.0;3;10;12;19;20;6;11;23;3.0;2.0;3.0;3.0;18;11
328105;Nongbua Pitchaya FC;0;39946;Muang Thong United;0;0;0;0;31778433;44.0;56.0;14;6;8;3;6.0;3.0;5;3;10;11;11;7;20;25;2.0;2.0;3.0;8.0;10;10
344428;Chiangmai United;1;85743;Ratchaburi Mitr Phol FC;2;3;1;1;31778471;68.0;32.0;9;3;8;2;1.0;1.0;6;0;16;21;5;4;29;15;2.0;2.0;0.0;7.0;20;14
6414;Boluspor;2;24749;Altinordu FK;1;3;1;1;28171210;45.0;55.0;9;11;5;6;4.0;5.0;1;2;14;14;7;8;20;19;0.0;3.0;5.0;3.0;12;14
3103;MKE Ankaragucu;1;6414;Boluspor;2;3;1;1;28171192;72.0;28.0;8;9;3;7;5.0;2.0;5;8;11;10;5;17;20;13;1.0;3.0;5.0;2.0;10;10
6414;Boluspor;2;3053;Samsunspor;1;3;1;1;28171174;55.0;45.0;5;5;4;1;1.0;4.0;0;3;17;10;9;8;18;24;3.0;2.0;0.0;2.0;8;15
3069;Adanaspor;1;6414;Boluspor;2;3;1;1;28171156;58.0;42.0;3;9;2;4;1.0;5.0;5;3;13;9;10;7;29;21;4.0;2.0;2.0;1.0;8;12
6414;Boluspor;0;55625;Umraniyespor;2;2;1;1;28171138;56.0;44.0;7;9;2;7;5.0;2.0;9;4;16;10;7;11;30;19;2.0;4.0;5.0;2.0;7;10
7040;Eyupspor;0;6414;Boluspor;2;2;1;1;28171120;58.0;42.0;8;8;2;6;6.0;2.0;5;3;9;13;3;8;16;14;1.0;0.0;4.0;2.0;13;8
3058;Denizlispor;2;6414;Boluspor;0;2;1;1;28171012;43.0;57.0;10;7;3;1;7.0;6.0;2;4;13;19;14;13;20;31;4.0;1.0;1.0;1.0;17;11
6414;Boluspor;0;55603;Buyuksehir Belediye Erzurumspor;2;2;1;1;28171102;44.0;56.0;8;4;2;2;6.0;2.0;5;3;15;13;5;14;14;21;1.0;3.0;0.0;2.0;12;11
6414;Boluspor;1;216878;Manisa Futbol Kulubu;2;3;1;1;32695241;57.0;43.0;7;7;3;4;4.0;3.0;8;3;17;12;7;11;26;19;2.0;2.0;2.0;2.0;12;13
7802;Genclerbirligi SK;2;55625;Umraniyespor;4;6;1;1;28171224;47.0;53.0;17;14;8;8;9.0;6.0;10;3;11;19;8;10;18;22;2.0;1.0;4.0;6.0;12;10
55625;Umraniyespor;0;3058;Denizlispor;0;0;0;0;28171194;52.0;48.0;5;7;3;4;2.0;3.0;1;8;13;13;7;10;26;17;1.0;0.0;4.0;3.0;11;9
3055;Bursaspor;3;55625;Umraniyespor;2;5;1;1;28171190;48.0;52.0;15;8;7;4;8.0;4.0;6;4;8;8;7;13;19;21;3.0;2.0;2.0;4.0;6;8
55625;Umraniyespor;4;37687;Balikesirspor;1;5;1;1;28171158;60.0;40.0;18;2;9;1;9.0;1.0;10;0;12;15;3;18;33;19;0.0;2.0;0.0;5.0;9;9
117198;Tuzlaspor;1;55625;Umraniyespor;1;2;1;1;32695245;45.0;55.0;3;9;1;3;2.0;6.0;0;7;10;8;12;4;22;30;2.0;1.0;2.0;0.0;7;10
55625;Umraniyespor;0;24749;Altinordu FK;1;1;1;0;32570521;69.0;31.0;15;7;6;3;9.0;4.0;22;1;13;19;9;19;29;12;3.0;2.0;2.0;6.0;14;12
3058;Denizlispor;4;55603;Buyuksehir Belediye Erzurumspor;0;4;1;1;28171212;50.0;50.0;12;5;10;0;2.0;5.0;5;4;18;18;10;7;16;24;2.0;0.0;0.0;6.0;13;13
3058;Denizlispor;2;44355;Menemen Belediyespor;1;3;1;1;28171176;;;18;3;6;3;12.0;0.0;1;1;14;17;3;18;27;20;4.0;4.0;2.0;4.0;14;12
3058;Denizlispor;2;7802;Genclerbirligi SK;1;3;1;1;28171168;56.0;44.0;15;4;8;1;7.0;3.0;9;3;15;16;9;16;18;26;3.0;2.0;0.0;6.0;15;12
6366;Ankara Keciorengucu;0;3058;Denizlispor;1;1;1;0;28171110;45.0;55.0;8;6;1;2;7.0;4.0;6;5;12;14;8;12;29;15;1.0;2.0;1.0;1.0;12;10
3065;Kocaelispor;1;3058;Denizlispor;5;6;1;1;32696197;65.0;35.0;13;9;5;8;8.0;1.0;9;3;15;16;5;16;31;20;2.0;2.0;3.0;4.0;12;11
37687;Balikesirspor;0;3058;Denizlispor;1;1;1;0;28171032;46.0;54.0;7;7;1;2;6.0;5.0;0;6;15;30;14;9;23;23;3.0;4.0;1.0;1.0;27;14
3053;Samsunspor;5;3058;Denizlispor;0;5;1;1;28171010;58.0;42.0;12;7;8;5;4.0;2.0;1;4;13;18;8;10;21;19;1.0;2.0;5.0;3.0;13;13
3055;Bursaspor;1;44355;Menemen Belediyespor;0;1;1;0;28171226;51.0;49.0;8;7;3;4;5.0;3.0;8;3;12;16;5;7;16;14;1.0;1.0;4.0;2.0;11;11
6366;Ankara Keciorengucu;2;3055;Bursaspor;1;3;1;1;32695195;45.0;55.0;15;6;6;2;9.0;4.0;6;8;13;22;6;16;16;21;1.0;0.0;1.0;4.0;19;11
3055;Bursaspor;2;37687;Balikesirspor;1;3;1;1;32572841;64.0;36.0;11;4;5;2;6.0;2.0;7;4;18;9;3;12;31;21;0.0;2.0;1.0;3.0;7;15
6366;Ankara Keciorengucu;1;3103;MKE Ankaragucu;2;3;1;1;28171220;55.0;45.0;10;11;5;5;5.0;6.0;4;3;9;12;10;7;19;11;0.0;2.0;3.0;4.0;10;8
3103;MKE Ankaragucu;0;3053;Samsunspor;0;0;0;0;28171172;45.0;55.0;7;9;2;3;5.0;6.0;4;9;13;8;12;6;14;18;2.0;3.0;3.0;2.0;7;12
37687;Balikesirspor;0;3103;MKE Ankaragucu;2;2;1;1;28171140;40.0;60.0;6;11;1;5;5.0;6.0;2;3;17;13;6;5;24;28;1.0;0.0;3.0;1.0;8;14
3103;MKE Ankaragucu;2;3069;Adanaspor;0;2;1;1;28171114;52.0;48.0;14;11;8;6;6.0;5.0;3;4;16;25;8;12;16;23;1.0;3.0;6.0;6.0;21;16
216878;Manisa Futbol Kulubu;1;3103;MKE Ankaragucu;1;2;1;1;32570535;48.0;52.0;7;4;1;2;6.0;2.0;2;2;18;19;4;14;17;19;5.0;1.0;1.0;0.0;18;15
55603;Buyuksehir Belediye Erzurumspor;0;3103;MKE Ankaragucu;1;1;1;0;28171024;;;7;5;2;2;5.0;3.0;9;4;10;13;7;9;12;11;4.0;3.0;1.0;2.0;13;9
44355;Menemen Belediyespor;1;3103;MKE Ankaragucu;1;2;1;1;28170988;34.0;66.0;7;13;5;6;2.0;7.0;1;4;17;12;12;6;16;17;2.0;2.0;5.0;4.0;10;16
3103;MKE Ankaragucu;2;7040;Eyupspor;3;5;1;1;32696207;52.0;48.0;9;9;5;7;4.0;2.0;2;2;17;16;7;6;34;28;4.0;2.0;4.0;3.0;14;16
3103;MKE Ankaragucu;1;44320;Bandirmaspor;0;1;1;0;28171042;45.0;55.0;8;7;4;5;4.0;2.0;5;5;22;13;5;7;17;21;2.0;4.0;5.0;3.0;12;20
44355;Menemen Belediyespor;1;7802;Genclerbirligi SK;3;4;1;1;28171206;48.0;52.0;7;15;4;10;3.0;5.0;5;4;12;12;9;5;14;18;2.0;2.0;7.0;4.0;11;10
7802;Genclerbirligi SK;2;55603;Buyuksehir Belediye Erzurumspor;1;3;1;1;28171188;58.0;42.0;14;4;8;1;6.0;3.0;9;5;10;11;10;11;22;23;2.0;0.0;0.0;6.0;9;10
7802;Genclerbirligi SK;2;44320;Bandirmaspor;0;2;1;1;28171150;46.0;54.0;9;6;5;2;4.0;4.0;6;4;17;20;8;10;17;16;3.0;3.0;2.0;3.0;19;15
3066;Istanbulspor AS;0;7802;Genclerbirligi SK;0;0;0;0;32695147;60.0;40.0;6;8;3;6;3.0;2.0;7;3;18;18;11;8;19;18;3.0;3.0;6.0;3.0;15;17
7802;Genclerbirligi SK;2;6366;Ankara Keciorengucu;0;2;1;1;28171092;42.0;58.0;12;8;8;2;4.0;6.0;7;4;15;18;18;9;16;24;2.0;1.0;2.0;6.0;16;14
7802;Genclerbirligi SK;1;3065;Kocaelispor;1;2;1;1;32570539;47.0;53.0;11;5;6;4;5.0;1.0;2;4;23;17;4;11;19;27;1.0;3.0;3.0;5.0;15;22
7802;Genclerbirligi SK;2;37687;Balikesirspor;0;2;1;1;28171014;65.0;35.0;13;5;5;3;8.0;2.0;6;2;20;14;4;13;27;26;1.0;1.0;3.0;3.0;10;20
55603;Buyuksehir Belediye Erzurumspor;2;6366;Ankara Keciorengucu;2;4;1;1;28171202;44.0;56.0;8;8;6;6;2.0;2.0;4;4;19;10;7;9;22;23;0.0;1.0;4.0;4.0;10;17
44320;Bandirmaspor;0;6366;Ankara Keciorengucu;2;2;1;1;28171164;49.0;51.0;7;5;2;3;5.0;2.0;3;5;29;9;8;12;30;27;0.0;3.0;1.0;2.0;7;27
6366;Ankara Keciorengucu;1;44355;Menemen Belediyespor;0;1;1;0;28171146;60.0;40.0;12;2;6;0;6.0;2.0;9;0;16;22;6;12;25;25;2.0;3.0;0.0;5.0;17;16
3066;Istanbulspor AS;1;6366;Ankara Keciorengucu;1;2;1;1;32570517;52.0;48.0;8;14;4;4;4.0;10.0;4;11;13;13;16;7;22;22;0.0;1.0;3.0;3.0;8;12
3065;Kocaelispor;1;6366;Ankara Keciorengucu;0;1;1;0;28171036;55.0;45.0;12;4;6;1;6.0;3.0;3;5;25;21;8;10;26;24;6.0;4.0;1.0;5.0;20;19
6366;Ankara Keciorengucu;1;117198;Tuzlaspor;0;1;1;0;28171016;53.0;47.0;8;7;7;1;1.0;6.0;8;7;13;21;9;2;19;27;2.0;4.0;1.0;5.0;20;12
24749;Altinordu FK;2;37687;Balikesirspor;1;3;1;1;28171196;55.0;45.0;24;7;9;3;5.0;4.0;6;1;16;12;10;10;11;23;1.0;2.0;2.0;9.0;11;16
3065;Kocaelispor;2;24749;Altinordu FK;2;4;1;1;28171182;56.0;44.0;13;6;6;5;7.0;1.0;6;5;14;12;4;18;27;17;3.0;3.0;3.0;4.0;10;13
3053;Samsunspor;2;24749;Altinordu FK;1;3;1;1;28171154;55.0;45.0;9;7;4;3;5.0;4.0;12;5;13;17;8;12;18;19;2.0;2.0;2.0;2.0;15;13
7040;Eyupspor;2;24749;Altinordu FK;2;4;1;1;28171098;68.0;32.0;12;7;7;3;5.0;4.0;7;3;14;17;5;10;18;19;1.0;2.0;2.0;5.0;16;11
24749;Altinordu FK;1;55603;Buyuksehir Belediye Erzurumspor;0;1;1;0;28171044;33.0;67.0;7;11;4;4;3.0;7.0;3;6;19;19;12;9;19;40;5.0;2.0;4.0;3.0;16;16
7040;Eyupspor;2;3065;Kocaelispor;1;3;1;1;28171200;45.0;55.0;7;8;4;4;3.0;4.0;6;7;18;20;9;4;13;13;1.0;1.0;3.0;2.0;14;16
55603;Buyuksehir Belediye Erzurumspor;1;3065;Kocaelispor;0;1;1;0;28171162;51.0;49.0;6;10;2;5;4.0;5.0;6;4;17;15;11;10;24;22;3.0;1.0;5.0;1.0;11;16
3065;Kocaelispor;2;216878;Manisa Futbol Kulubu;1;3;1;1;28171144;55.0;45.0;5;7;3;3;2.0;4.0;2;2;16;15;11;7;17;11;6.0;2.0;2.0;1.0;12;14
3066;Istanbulspor AS;1;3065;Kocaelispor;1;2;1;1;28171018;64.0;36.0;7;9;2;6;5.0;3.0;6;5;17;15;7;8;20;22;2.0;2.0;5.0;1.0;11;15
3065;Kocaelispor;2;44320;Bandirmaspor;1;3;1;1;28171108;42.0;58.0;6;8;3;3;3.0;5.0;2;3;15;20;7;6;20;19;5.0;1.0;2.0;1.0;18;15
3053;Samsunspor;0;3066;Istanbulspor AS;0;0;0;0;28171204;51.0;49.0;7;8;3;1;4.0;7.0;7;7;12;13;12;8;23;20;5.0;1.0;1.0;3.0;12;11
3069;Adanaspor;1;3053;Samsunspor;0;1;1;0;28171136;46.0;54.0;10;5;4;0;6.0;5.0;3;8;20;16;11;12;10;33;0.0;3.0;0.0;3.0;14;19
216878;Manisa Futbol Kulubu;2;3053;Samsunspor;0;2;1;1;28171100;51.0;49.0;7;8;4;2;3.0;6.0;6;2;15;12;12;12;20;21;1.0;4.0;2.0;2.0;12;12
55603;Buyuksehir Belediye Erzurumspor;1;3053;Samsunspor;2;3;1;1;32570523;52.0;48.0;14;5;11;3;3.0;2.0;9;1;17;19;8;11;21;17;4.0;3.0;1.0;10.0;16;15
3053;Samsunspor;0;44320;Bandirmaspor;1;1;1;0;32696213;53.0;47.0;5;3;3;1;2.0;2.0;15;3;8;22;5;8;39;19;3.0;2.0;0.0;3.0;20;7
3053;Samsunspor;2;44355;Menemen Belediyespor;4;6;1;1;28171046;65.0;35.0;16;11;5;8;11.0;3.0;12;2;9;18;3;13;23;14;3.0;1.0;4.0;4.0;16;9
44355;Menemen Belediyespor;1;117198;Tuzlaspor;1;2;1;1;28171160;55.0;45.0;7;7;4;4;3.0;3.0;3;5;24;9;8;8;17;14;3.0;2.0;3.0;3.0;9;22
117198;Tuzlaspor;4;3069;Adanaspor;1;5;1;1;28171142;48.0;52.0;9;5;7;3;2.0;2.0;4;7;8;16;5;6;23;16;1.0;3.0;2.0;3.0;13;8
44320;Bandirmaspor;3;117198;Tuzlaspor;1;4;1;1;32570531;60.0;40.0;11;2;4;2;7.0;0.0;9;2;17;13;3;13;32;21;3.0;3.0;1.0;2.0;13;14
6414;Boluspor;0;117198;Tuzlaspor;1;1;1;0;31812357;51.0;49.0;13;12;9;5;4.0;7.0;5;3;25;11;9;7;23;19;0.0;2.0;4.0;9.0;11;22
117198;Tuzlaspor;0;3066;Istanbulspor AS;2;2;1;1;28171034;53.0;47.0;10;12;4;7;6.0;5.0;10;6;13;12;9;10;14;20;2.0;1.0;4.0;4.0;11;10
3066;Istanbulspor AS;1;55603;Buyuksehir Belediye Erzurumspor;2;3;1;1;28171148;55.0;45.0;7;8;2;6;5.0;2.0;2;3;18;24;3;10;10;19;3.0;1.0;4.0;1.0;20;17
37687;Balikesirspor;1;55603;Buyuksehir Belediye Erzurumspor;5;6;1;1;32696185;;;5;10;2;5;3.0;5.0;3;5;13;16;5;6;14;17;3.0;1.0;0.0;1.0;15;11
3066;Istanbulspor AS;0;44320;Bandirmaspor;0;0;0;0;28171222;51.0;49.0;13;7;8;3;5.0;4.0;2;9;9;25;5;5;20;17;1.0;2.0;3.0;8.0;23;8
37687;Balikesirspor;1;44320;Bandirmaspor;5;6;1;1;28171178;36.0;64.0;5;16;2;9;3.0;7.0;3;5;12;15;13;10;15;13;5.0;1.0;4.0;1.0;14;11
44320;Bandirmaspor;1;3069;Adanaspor;0;1;1;0;28171020;55.0;45.0;8;4;4;1;4.0;3.0;4;3;19;15;8;10;34;17;0.0;1.0;1.0;3.0;11;19
44320;Bandirmaspor;0;216878;Manisa Futbol Kulubu;0;0;0;0;28170982;40.0;60.0;7;7;2;3;5.0;4.0;7;5;22;20;8;5;18;23;3.0;2.0;3.0;2.0;20;19
37687;Balikesirspor;0;7040;Eyupspor;3;3;1;1;28171214;35.0;65.0;4;11;1;5;3.0;6.0;0;7;10;12;10;3;14;24;1.0;0.0;2.0;1.0;12;9
7040;Eyupspor;1;3066;Istanbulspor AS;2;3;1;1;28171166;;;17;9;6;3;11.0;6.0;9;3;12;7;6;13;14;15;1.0;3.0;1.0;5.0;5;8
3069;Adanaspor;1;7040;Eyupspor;1;2;1;1;32572839;40.0;60.0;8;11;5;5;3.0;6.0;0;11;15;13;7;4;31;20;4.0;3.0;4.0;4.0;12;14
7040;Eyupspor;1;44355;Menemen Belediyespor;1;2;1;1;28171004;65.0;35.0;24;4;9;1;15.0;3.0;16;2;13;12;3;25;29;14;1.0;2.0;0.0;8.0;10;10
3069;Adanaspor;2;216878;Manisa Futbol Kulubu;0;2;1;1;28171038;;;7;6;5;2;2.0;4.0;3;4;21;13;12;8;21;20;5.0;2.0;2.0;3.0;13;18
3066;Istanbulspor AS;1;3069;Adanaspor;1;2;1;1;28171186;65.0;35.0;5;6;3;5;2.0;1.0;2;4;13;25;6;3;19;16;1.0;1.0;4.0;2.0;20;11
44355;Menemen Belediyespor;1;3066;Istanbulspor AS;3;4;1;1;28171094;52.0;48.0;11;16;5;7;6.0;9.0;7;3;25;10;12;17;38;17;2.0;1.0;4.0;4.0;10;23
3069;Adanaspor;3;37687;Balikesirspor;1;4;1;1;28171086;60.0;40.0;11;10;8;2;3.0;8.0;7;5;13;12;10;7;21;21;2.0;4.0;1.0;5.0;8;13
3069;Adanaspor;1;55603;Buyuksehir Belediye Erzurumspor;1;2;1;1;28171002;51.0;49.0;11;5;5;3;6.0;2.0;8;3;14;19;8;6;22;27;1.0;1.0;2.0;4.0;18;10
37687;Balikesirspor;1;44355;Menemen Belediyespor;1;2;1;1;28171104;45.0;55.0;16;9;5;4;11.0;5.0;2;3;15;18;7;11;13;24;3.0;2.0;3.0;4.0;18;13
44355;Menemen Belediyespor;0;24749;Altinordu FK;1;1;1;0;28171026;53.0;47.0;12;11;5;4;7.0;7.0;3;2;23;14;12;11;31;24;2.0;3.0;3.0;5.0;14;20
3240;Montevideo Wanderers;2;3230;Club Nacional de Football;2;4;1;1;32706677;;;6;16;5;9;1.0;7.0;3;5;15;7;8;3;27;20;3.0;5.0;7.0;3.0;7;13
35189;CA Rentistas;0;3230;Club Nacional de Football;4;4;1;1;31997473;52.0;48.0;3;7;2;4;1.0;3.0;5;4;13;16;7;3;22;16;4.0;4.0;1.0;2.0;15;11
3230;Club Nacional de Football;1;3235;Plaza Colonia;0;1;1;0;32870317;59.0;41.0;14;2;6;2;8.0;0.0;6;1;11;13;3;9;24;18;4.0;4.0;2.0;5.0;11;10
3230;Club Nacional de Football;1;174972;Montevideo City Torque;1;2;1;1;32539575;53.0;47.0;13;9;8;4;5.0;5.0;5;5;10;15;10;10;24;16;4.0;4.0;3.0;7.0;13;10
3234;Deportivo Maldonado;1;6879;Liverpool Montevideo;0;1;1;0;32280433;44.0;56.0;6;12;1;4;5.0;8.0;0;1;15;18;20;8;15;19;5.0;1.0;4.0;0.0;16;15
6879;Liverpool Montevideo;1;35189;CA Rentistas;0;1;1;0;32706683;48.0;52.0;8;8;6;3;2.0;5.0;2;4;19;15;8;7;33;27;6.0;3.0;3.0;5.0;14;19
6879;Liverpool Montevideo;0;3228;Danubio FC;1;1;1;0;32211465;52.0;48.0;17;7;4;3;13.0;4.0;10;4;17;11;9;14;19;27;2.0;6.0;2.0;4.0;10;16
3227;CA Penarol Montevideo;0;3229;Defensor Sporting;1;1;1;0;31997637;67.0;33.0;12;8;5;2;7.0;6.0;8;3;17;11;9;11;20;15;1.0;3.0;1.0;5.0;10;17
174970;CA Boston River;1;3229;Defensor Sporting;1;2;1;1;32706685;42.0;58.0;7;17;3;10;4.0;7.0;1;9;12;14;14;7;28;23;2.0;3.0;9.0;2.0;12;12
3240;Montevideo Wanderers;1;3229;Defensor Sporting;0;1;1;0;32211467;58.0;42.0;11;6;4;4;7.0;2.0;3;1;21;11;6;8;14;18;3.0;5.0;2.0;3.0;9;16
3223;Atletico Fenix Montevideo;0;174970;CA Boston River;2;2;1;1;32539569;36.0;64.0;6;7;3;2;3.0;5.0;7;6;12;14;11;10;21;21;1.0;0.0;0.0;3.0;13;10
3237;CA River Plate (URU);3;3223;Atletico Fenix Montevideo;1;4;1;1;32706673;43.0;57.0;6;8;3;2;3.0;6.0;2;9;18;16;11;8;25;31;3.0;3.0;1.0;1.0;16;18
3235;Plaza Colonia;1;3223;Atletico Fenix Montevideo;1;2;1;1;32211461;51.0;49.0;6;14;4;4;2.0;10.0;6;1;27;13;11;10;28;22;3.0;4.0;3.0;3.0;13;24
174972;Montevideo City Torque;1;3223;Atletico Fenix Montevideo;2;3;1;1;31997295;55.0;45.0;6;9;1;4;5.0;5.0;6;5;12;8;15;15;17;22;2.0;1.0;2.0;0.0;7;12
3228;Danubio FC;0;3240;Montevideo Wanderers;0;0;0;0;32870315;;;3;4;2;2;1.0;2.0;6;3;11;17;9;6;19;22;4.0;3.0;2.0;2.0;16;11
3228;Danubio FC;0;35189;CA Rentistas;1;1;1;0;32119195;55.0;45.0;4;4;1;2;3.0;2.0;3;6;16;14;8;14;38;24;1.0;3.0;1.0;1.0;13;13
417775;Albion FC;1;3240;Montevideo Wanderers;1;2;1;1;32539571;42.0;58.0;8;8;3;4;5.0;4.0;5;9;17;10;17;6;28;23;2.0;8.0;3.0;2.0;8;16
3240;Montevideo Wanderers;1;25009;Cerro Largo FC;0;1;1;0;31997639;58.0;42.0;6;13;3;6;3.0;7.0;5;7;14;15;12;5;24;12;4.0;3.0;6.0;2.0;15;12
35189;CA Rentistas;1;3234;Deportivo Maldonado;2;3;1;1;32211463;64.0;36.0;9;9;3;4;6.0;5.0;5;4;9;15;6;10;28;30;6.0;4.0;2.0;2.0;15;9
3234;Deportivo Maldonado;1;3228;Danubio FC;2;3;1;1;31997641;55.0;45.0;11;9;6;4;5.0;5.0;5;3;23;16;9;7;23;23;3.0;4.0;2.0;5.0;15;21
3237;CA River Plate (URU);3;6877;CS Cerrito;1;4;1;1;32211471;50.0;50.0;11;9;5;4;6.0;5.0;9;4;12;15;11;8;19;41;6.0;3.0;3.0;3.0;14;10
6877;CS Cerrito;0;3234;Deportivo Maldonado;3;3;1;1;32119199;49.0;51.0;12;9;3;3;9.0;6.0;4;2;13;12;9;16;28;21;1.0;4.0;1.0;3.0;12;10
174972;Montevideo City Torque;1;417775;Albion FC;2;3;1;1;32211473;60.0;40.0;8;5;3;3;5.0;2.0;8;2;14;18;4;17;19;16;3.0;2.0;2.0;2.0;14;12
25009;Cerro Largo FC;0;3235;Plaza Colonia;5;5;1;1;32119185;59.0;41.0;7;9;4;6;3.0;3.0;7;4;16;12;7;8;12;23;1.0;3.0;1.0;4.0;11;16
4921;The New Saints FC;2;36255;Bala Town FC;1;3;1;1;32408571;65.0;35.0;10;4;5;3;5.0;1.0;8;1;14;13;2;10;21;15;3.0;2.0;2.0;3.0;13;12
4912;Connah`s Quay Nomads FC;5;4917;Cefn Druids AFC;0;5;1;1;32456493;65.0;35.0;15;2;10;0;5.0;2.0;9;1;8;13;4;8;21;25;1.0;2.0;0.0;5.0;10;7
4917;Cefn Druids AFC;3;4905;Aberystwyth Town FC;3;6;1;1;32408619;42.0;58.0;9;14;5;7;4.0;7.0;4;4;15;8;11;5;23;31;2.0;3.0;4.0;2.0;7;11
37090;Flint Town United;0;4909;Caernarfon Town FC;4;4;1;1;32456395;56.0;44.0;8;7;3;6;5.0;1.0;6;1;16;6;7;11;26;28;1.0;2.0;2.0;3.0;6;11
3211;CA River Plate (ARG);2;36839;Defensa y Justicia;3;5;1;1;27959752;62.0;38.0;16;6;7;5;9.0;1.0;6;2;6;12;4;19;31;24;2.0;2.0;1.0;3.0;10;4
36839;Defensa y Justicia;1;3207;Colon de Santa Fe;1;2;1;1;27959716;56.0;44.0;12;11;3;3;9.0;8.0;10;8;8;12;9;13;27;17;4.0;1.0;2.0;2.0;11;8
36833;Atletico Tucuman;0;36839;Defensa y Justicia;4;4;1;1;27959684;49.0;51.0;7;11;3;7;4.0;4.0;6;4;9;17;5;8;28;14;3.0;0.0;3.0;3.0;16;9
3204;Union de Santa Fe;2;36839;Defensa y Justicia;3;5;1;1;27959678;55.0;45.0;14;5;6;3;8.0;2.0;10;3;10;15;5;13;40;19;2.0;1.0;0.0;4.0;12;8
36839;Defensa y Justicia;3;3217;Club Atletico Rosario Central;0;3;1;1;27959634;52.0;48.0;9;11;6;5;3.0;6.0;1;7;21;12;10;4;18;23;0.0;4.0;0.0;1.0;10;17
3215;Racing Club Avellaneda;1;36839;Defensa y Justicia;2;3;1;1;27959620;59.0;41.0;15;8;5;4;10.0;4.0;7;4;7;10;6;17;31;16;1.0;1.0;2.0;2.0;9;5
43741;CA Patronato Parana;3;36839;Defensa y Justicia;3;6;1;1;27959566;36.0;64.0;7;7;5;5;2.0;2.0;3;4;11;24;6;3;25;21;2.0;1.0;2.0;3.0;20;10
3216;Argentinos Juniors;0;36839;Defensa y Justicia;2;2;1;1;27959498;58.0;42.0;13;10;4;5;9.0;5.0;6;3;15;17;9;15;16;22;1.0;1.0;3.0;4.0;15;13
36839;Defensa y Justicia;2;36837;CA Platense;1;3;1;1;27959584;54.0;46.0;9;11;6;4;3.0;7.0;1;10;12;4;15;5;26;26;1.0;1.0;3.0;4.0;4;10
36839;Defensa y Justicia;2;3206;Estudiantes de La Plata;1;3;1;1;27959532;51.0;49.0;12;3;4;1;8.0;2.0;8;3;11;16;6;12;25;18;1.0;1.0;0.0;2.0;10;10
36839;Defensa y Justicia;3;3210;CA Talleres de Cordoba;0;3;1;1;27959480;45.0;55.0;11;7;7;3;4.0;4.0;4;4;17;14;11;7;23;21;0.0;1.0;3.0;3.0;11;15
3202;Boca Juniors;8;65676;CA Central Cordoba SE;1;9;1;1;27959764;75.0;25.0;20;8;14;5;6.0;3.0;7;2;9;11;8;6;15;10;;;4.0;6.0;8;8
65676;CA Central Cordoba SE;2;3204;Union de Santa Fe;0;2;1;1;27959736;41.0;59.0;7;5;4;1;3.0;4.0;1;2;9;23;10;11;21;31;4.0;1.0;1.0;2.0;20;8
3212;Newell´s Old Boys;1;65676;CA Central Cordoba SE;0;1;1;0;27959698;58.0;42.0;10;8;4;4;6.0;4.0;4;5;16;5;7;10;20;17;1.0;1.0;4.0;3.0;4;13
65676;CA Central Cordoba SE;1;3209;CA Independiente Avellaneda;0;1;1;0;27959664;41.0;59.0;8;6;4;3;4.0;3.0;4;2;12;17;9;8;27;33;2.0;3.0;3.0;2.0;16;11
42338;CA Sarmiento;1;65676;CA Central Cordoba SE;3;4;1;1;27959650;56.0;44.0;5;11;3;7;2.0;4.0;2;2;14;10;11;8;39;21;1.0;0.0;2.0;2.0;10;12
3205;Gimnasia Y Esgrima La Plata;2;65676;CA Central Cordoba SE;2;4;1;1;27959586;64.0;36.0;10;5;6;4;4.0;1.0;7;4;16;9;2;5;27;27;1.0;3.0;2.0;4.0;8;16
6074;CD Godoy Cruz;0;65676;CA Central Cordoba SE;0;0;0;0;27959536;63.0;37.0;8;9;3;4;5.0;5.0;6;1;14;10;5;15;25;31;1.0;1.0;4.0;3.0;10;11
65676;CA Central Cordoba SE;0;36836;CA Aldosivi;0;0;0;0;27959610;52.0;48.0;13;1;7;1;6.0;0.0;8;1;17;11;4;10;33;24;2.0;3.0;1.0;6.0;11;16
65676;CA Central Cordoba SE;1;3208;Velez Sarsfield;2;3;1;1;27959558;38.0;62.0;9;13;4;7;5.0;6.0;3;4;12;13;12;7;26;17;1.0;1.0;5.0;3.0;13;9
65676;CA Central Cordoba SE;1;7629;CA Huracan;2;3;1;1;27959506;54.0;46.0;12;8;5;4;7.0;4.0;3;6;14;13;7;7;19;22;2.0;3.0;2.0;4.0;9;10
3206;Estudiantes de La Plata;2;36836;CA Aldosivi;3;5;1;1;27959770;54.0;46.0;14;4;8;4;6.0;0.0;8;3;20;10;2;10;42;26;1.0;4.0;1.0;3.0;9;19
3210;CA Talleres de Cordoba;2;36836;CA Aldosivi;0;2;1;1;27959728;55.0;45.0;10;7;4;4;6.0;3.0;9;8;14;18;8;9;18;25;2.0;2.0;4.0;2.0;17;11
3219;CA Banfield;0;36836;CA Aldosivi;2;2;1;1;27959658;58.0;42.0;15;4;4;1;11.0;3.0;12;2;18;11;7;12;30;28;3.0;2.0;0.0;3.0;9;16
36836;CA Aldosivi;0;3202;Boca Juniors;3;3;1;1;27959628;39.0;61.0;8;22;4;11;4.0;11.0;6;7;10;8;11;5;17;19;1.0;1.0;8.0;4.0;5;8
42338;CA Sarmiento;3;36836;CA Aldosivi;0;3;1;1;27959518;45.0;55.0;18;7;10;3;8.0;4.0;9;4;18;12;8;11;22;35;2.0;4.0;3.0;6.0;12;14
36836;CA Aldosivi;1;3204;Union de Santa Fe;2;3;1;1;27959472;59.0;41.0;7;8;1;4;6.0;4.0;2;10;16;21;6;12;30;18;2.0;3.0;2.0;1.0;19;15
3221;Arsenal de Sarandi;1;3202;Boca Juniors;1;2;1;1;27959734;38.0;62.0;6;9;4;2;2.0;7.0;3;1;14;15;10;8;14;26;4.0;0.0;1.0;3.0;14;13
3202;Boca Juniors;0;3212;Newell´s Old Boys;0;0;0;0;27959710;65.0;35.0;15;8;3;5;12.0;3.0;7;5;15;9;4;19;33;23;1.0;3.0;5.0;3.0;8;15
7629;CA Huracan;0;3202;Boca Juniors;3;3;1;1;27959538;44.0;56.0;13;10;6;5;7.0;5.0;8;3;8;11;10;13;21;26;2.0;2.0;2.0;6.0;9;8
3202;Boca Juniors;2;6074;CD Godoy Cruz;1;3;1;1;27959556;54.0;46.0;14;10;7;6;7.0;4.0;4;3;11;3;10;10;22;24;1.0;2.0;3.0;4.0;2;10
3202;Boca Juniors;4;3218;Atletico Lanus;2;6;1;1;27959504;58.0;42.0;13;3;8;2;5.0;1.0;10;4;12;12;3;8;16;19;2.0;2.0;0.0;4.0;9;10
36833;Atletico Tucuman;1;3211;CA River Plate (ARG);1;2;1;1;27959760;34.0;66.0;8;5;4;3;4.0;2.0;5;5;16;10;8;13;29;26;1.0;2.0;1.0;1.0;10;13
3211;CA River Plate (ARG);4;3215;Racing Club Avellaneda;0;4;1;1;27959700;57.0;43.0;24;3;12;2;12.0;1.0;12;3;14;15;5;14;26;24;2.0;4.0;2.0;8.0;12;13
36837;CA Platense;0;3211;CA River Plate (ARG);1;1;1;0;27959670;46.0;54.0;9;15;3;7;6.0;8.0;6;5;17;12;12;8;36;21;0.0;3.0;6.0;3.0;10;16
3211;CA River Plate (ARG);5;43741;CA Patronato Parana;0;5;1;1;27959648;75.0;25.0;11;4;6;3;5.0;1.0;3;7;13;11;4;12;22;26;0.0;1.0;3.0;1.0;7;11
3206;Estudiantes de La Plata;1;3211;CA River Plate (ARG);1;2;1;1;27959612;29.0;71.0;15;13;10;7;5.0;6.0;2;5;19;12;14;9;19;19;2.0;1.0;5.0;8.0;11;17
3219;CA Banfield;0;3211;CA River Plate (ARG);1;1;1;0;27959502;56.0;44.0;7;12;3;8;4.0;4.0;6;4;19;19;12;10;21;28;3.0;3.0;7.0;3.0;14;18
3211;CA River Plate (ARG);3;3216;Argentinos Juniors;0;3;1;1;27959596;55.0;45.0;11;7;5;3;6.0;4.0;7;4;11;16;8;12;15;29;1.0;2.0;3.0;2.0;14;8
3211;CA River Plate (ARG);3;3201;CA San Lorenzo de Almagro;1;4;1;1;27959544;59.0;41.0;12;3;7;2;5.0;1.0;4;4;16;21;3;11;29;29;1.0;3.0;1.0;4.0;16;14
3205;Gimnasia Y Esgrima La Plata;4;3206;Estudiantes de La Plata;4;8;1;1;27959740;50.0;50.0;8;10;7;8;1.0;2.0;1;4;20;17;3;5;24;16;3.0;5.0;4.0;3.0;14;19
3206;Estudiantes de La Plata;1;3208;Velez Sarsfield;0;1;1;0;27959718;28.0;72.0;8;4;3;3;5.0;1.0;4;3;14;16;9;6;24;21;4.0;4.0;1.0;2.0;16;13
6074;CD Godoy Cruz;1;3206;Estudiantes de La Plata;3;4;1;1;27959690;60.0;40.0;8;13;4;5;4.0;8.0;8;8;16;14;11;9;18;21;4.0;2.0;2.0;3.0;13;12
3206;Estudiantes de La Plata;4;7629;CA Huracan;1;5;1;1;27959666;39.0;61.0;9;9;8;5;1.0;4.0;3;3;11;17;10;3;19;32;1.0;2.0;4.0;4.0;15;10
3218;Atletico Lanus;1;3206;Estudiantes de La Plata;1;2;1;1;27959644;67.0;33.0;6;6;3;2;3.0;4.0;7;5;14;9;8;7;38;21;4.0;5.0;1.0;2.0;7;12
3207;Colon de Santa Fe;2;3206;Estudiantes de La Plata;1;3;1;1;27959582;50.0;50.0;8;6;5;1;3.0;5.0;2;7;12;16;10;7;19;24;1.0;2.0;1.0;3.0;14;10
3215;Racing Club Avellaneda;1;3206;Estudiantes de La Plata;1;2;1;1;27959492;53.0;47.0;8;13;3;6;5.0;7.0;7;5;17;18;10;8;15;31;1.0;3.0;5.0;2.0;15;16
3206;Estudiantes de La Plata;1;36833;Atletico Tucuman;1;2;1;1;27959560;58.0;42.0;9;8;6;2;3.0;6.0;3;3;24;23;8;13;29;14;5.0;3.0;2.0;5.0;22;19
3206;Estudiantes de La Plata;2;3217;Club Atletico Rosario Central;2;4;1;1;27959508;54.0;46.0;18;8;11;3;7.0;5.0;11;3;23;12;11;11;31;24;0.0;2.0;1.0;8.0;8;17
3204;Union de Santa Fe;3;3207;Colon de Santa Fe;0;3;1;1;27959782;38.0;62.0;10;7;5;2;5.0;5.0;2;5;14;18;11;10;19;27;4.0;4.0;1.0;2.0;18;10
43741;CA Patronato Parana;2;3207;Colon de Santa Fe;0;2;1;1;27959616;51.0;49.0;10;3;5;1;5.0;2.0;0;2;14;17;4;7;22;16;3.0;2.0;1.0;3.0;17;8
3207;Colon de Santa Fe;1;3210;CA Talleres de Cordoba;0;1;1;0;27959530;46.0;54.0;6;7;3;3;3.0;4.0;0;6;22;13;7;8;34;29;2.0;7.0;3.0;2.0;10;19
3207;Colon de Santa Fe;0;3219;CA Banfield;0;0;0;0;27959478;54.0;46.0;11;8;4;2;7.0;6.0;8;5;24;16;13;13;19;32;2.0;3.0;2.0;4.0;15;18
3210;CA Talleres de Cordoba;1;3209;CA Independiente Avellaneda;2;3;1;1;27959780;61.0;39.0;10;5;7;3;3.0;2.0;10;1;12;20;5;8;22;20;3.0;3.0;0.0;4.0;17;10
42338;CA Sarmiento;1;3210;CA Talleres de Cordoba;2;3;1;1;27959754;45.0;55.0;11;7;6;4;5.0;3.0;4;0;16;18;10;7;32;22;2.0;5.0;2.0;3.0;16;14
3205;Gimnasia Y Esgrima La Plata;5;3210;CA Talleres de Cordoba;2;7;1;1;27959688;28.0;72.0;9;10;6;5;3.0;5.0;1;10;16;12;9;5;17;29;1.0;5.0;4.0;1.0;11;15
3210;CA Talleres de Cordoba;1;3208;Velez Sarsfield;1;2;1;1;27959676;52.0;48.0;4;9;2;3;2.0;6.0;6;9;11;19;9;3;24;25;2.0;2.0;1.0;1.0;17;9
6074;CD Godoy Cruz;0;3210;CA Talleres de Cordoba;2;2;1;1;27959638;52.0;48.0;9;7;3;2;6.0;5.0;7;0;14;17;5;15;36;26;0.0;2.0;0.0;3.0;14;13
3218;Atletico Lanus;3;3210;CA Talleres de Cordoba;3;6;1;1;27959594;55.0;45.0;11;8;8;6;3.0;2.0;11;2;18;17;7;8;26;15;4.0;4.0;3.0;5.0;14;17
3210;CA Talleres de Cordoba;1;7629;CA Huracan;0;1;1;0;27959624;50.0;50.0;4;6;4;3;0.0;3.0;5;6;9;19;8;5;24;25;5.0;2.0;3.0;2.0;17;6
3210;CA Talleres de Cordoba;2;36833;Atletico Tucuman;0;2;1;1;27959520;68.0;32.0;8;7;5;3;3.0;4.0;5;4;13;9;8;9;28;22;1.0;0.0;3.0;3.0;6;8
3209;CA Independiente Avellaneda;1;42338;CA Sarmiento;1;2;1;1;27959562;69.0;31.0;6;5;3;1;3.0;4.0;13;6;11;10;8;8;36;24;1.0;2.0;0.0;2.0;7;11
3209;CA Independiente Avellaneda;1;3205;Gimnasia Y Esgrima La Plata;1;2;1;1;27959510;64.0;36.0;10;5;5;2;5.0;3.0;6;5;15;16;9;10;24;14;4.0;3.0;1.0;3.0;15;13
7629;CA Huracan;1;3215;Racing Club Avellaneda;0;1;1;0;27959744;33.0;67.0;4;7;3;5;1.0;2.0;6;5;17;16;10;7;22;18;4.0;4.0;5.0;2.0;15;15
7629;CA Huracan;1;43741;CA Patronato Parana;0;1;1;0;27959692;60.0;40.0;13;7;5;1;8.0;6.0;12;4;20;13;9;18;21;29;1.0;2.0;1.0;4.0;10;20
7629;CA Huracan;1;3216;Argentinos Juniors;1;2;1;1;27959640;51.0;49.0;15;11;7;7;8.0;4.0;8;7;19;13;6;14;15;23;1.0;4.0;6.0;6.0;10;17
3219;CA Banfield;1;7629;CA Huracan;4;5;1;1;27959554;58.0;42.0;7;10;3;6;4.0;4.0;6;8;14;22;10;8;34;33;3.0;6.0;1.0;0.0;18;13
7629;CA Huracan;2;3201;CA San Lorenzo de Almagro;1;3;1;1;27959590;59.0;41.0;9;7;6;4;3.0;3.0;6;1;23;13;7;9;25;30;2.0;3.0;3.0;4.0;12;21
7629;CA Huracan;1;3221;Arsenal de Sarandi;0;1;1;0;27959486;50.0;50.0;18;8;7;2;11.0;6.0;3;5;17;7;10;17;29;26;1.0;3.0;2.0;6.0;7;15
3204;Union de Santa Fe;3;36833;Atletico Tucuman;0;3;1;1;27959730;44.0;56.0;12;4;6;2;6.0;2.0;2;4;18;7;6;15;25;30;1.0;5.0;2.0;3.0;7;15
3221;Arsenal de Sarandi;0;3204;Union de Santa Fe;1;1;1;0;27959682;49.0;51.0;3;16;0;5;3.0;11.0;4;4;13;16;14;7;39;29;2.0;2.0;4.0;0.0;13;13
3212;Newell´s Old Boys;1;3204;Union de Santa Fe;0;1;1;0;27959646;52.0;48.0;7;8;3;4;4.0;4.0;6;7;14;20;7;8;25;26;0.0;1.0;3.0;2.0;15;14
3204;Union de Santa Fe;3;3217;Club Atletico Rosario Central;1;4;1;1;27959626;49.0;51.0;21;6;10;3;11.0;3.0;8;5;23;19;6;16;21;20;4.0;6.0;2.0;7.0;18;22
3204;Union de Santa Fe;1;3215;Racing Club Avellaneda;1;2;1;1;27959574;44.0;56.0;13;9;2;5;11.0;4.0;10;3;15;17;7;17;18;21;1.0;3.0;4.0;1.0;15;13
3204;Union de Santa Fe;1;36837;CA Platense;2;3;1;1;27959522;62.0;38.0;10;8;6;5;4.0;3.0;16;2;12;9;6;11;39;15;1.0;2.0;3.0;5.0;8;11
3212;Newell´s Old Boys;0;3219;CA Banfield;0;0;0;0;27959750;52.0;48.0;6;7;3;0;3.0;7.0;2;4;19;13;14;4;20;29;2.0;2.0;0.0;3.0;12;17
42338;CA Sarmiento;0;3219;CA Banfield;0;0;0;0;27959702;56.0;44.0;11;10;2;4;9.0;6.0;8;5;14;10;12;15;33;31;2.0;2.0;4.0;2.0;9;14
6074;CD Godoy Cruz;2;3219;CA Banfield;1;3;1;1;27959588;50.0;50.0;12;5;6;3;6.0;2.0;4;4;13;13;5;10;30;20;2.0;1.0;2.0;4.0;13;10
3218;Atletico Lanus;1;3219;CA Banfield;1;2;1;1;27959540;60.0;40.0;6;2;2;1;4.0;1.0;4;6;18;7;3;12;34;17;3.0;6.0;0.0;1.0;7;16
3219;CA Banfield;2;3208;Velez Sarsfield;1;3;1;1;27959606;53.0;47.0;13;5;6;4;7.0;1.0;4;3;9;15;2;16;31;34;0.0;2.0;2.0;4.0;14;8
3215;Racing Club Avellaneda;3;3218;Atletico Lanus;1;4;1;1;27959724;49.0;51.0;9;12;4;7;5.0;5.0;2;5;19;18;9;6;19;36;3.0;4.0;2.0;0.0;17;15
36833;Atletico Tucuman;0;3215;Racing Club Avellaneda;2;2;1;1;27959630;46.0;54.0;9;8;3;4;6.0;4.0;5;3;18;16;7;12;26;24;3.0;3.0;2.0;3.0;15;16
43741;CA Patronato Parana;1;3215;Racing Club Avellaneda;2;3;1;1;27959514;47.0;53.0;18;4;7;3;11.0;1.0;12;1;12;12;5;19;25;11;0.0;4.0;1.0;5.0;9;11
3215;Racing Club Avellaneda;0;36837;CA Platense;1;1;1;0;27959542;68.0;32.0;8;5;2;2;6.0;3.0;6;8;8;7;9;9;22;24;1.0;1.0;1.0;0.0;7;6
3216;Argentinos Juniors;2;42338;CA Sarmiento;0;2;1;1;27959758;68.0;32.0;9;3;5;2;4.0;1.0;3;1;17;15;8;15;23;18;4.0;2.0;2.0;3.0;12;15
3216;Argentinos Juniors;3;3205;Gimnasia Y Esgrima La Plata;0;3;1;1;27959706;59.0;41.0;13;7;4;3;9.0;4.0;6;5;18;23;5;9;30;12;3.0;2.0;3.0;1.0;21;14
3216;Argentinos Juniors;0;6074;CD Godoy Cruz;0;0;0;0;27959654;52.0;48.0;13;9;6;4;7.0;5.0;5;4;15;15;11;12;28;17;1.0;3.0;4.0;5.0;15;14
36833;Atletico Tucuman;4;3216;Argentinos Juniors;3;7;1;1;27959526;40.0;60.0;7;14;6;4;1.0;10.0;1;3;10;19;21;3;15;17;2.0;3.0;1.0;2.0;16;10
3216;Argentinos Juniors;0;3218;Atletico Lanus;1;1;1;0;27959602;68.0;32.0;12;10;5;7;7.0;3.0;8;7;16;18;4;11;25;26;3.0;3.0;6.0;5.0;17;13
36837;CA Platense;3;3208;Velez Sarsfield;2;5;1;1;27959774;44.0;56.0;11;7;7;4;4.0;3.0;6;8;15;14;5;12;22;25;1.0;1.0;1.0;4.0;14;12
3208;Velez Sarsfield;2;3201;CA San Lorenzo de Almagro;1;3;1;1;27959652;48.0;52.0;6;7;4;4;2.0;3.0;3;7;17;12;10;5;19;29;6.0;5.0;4.0;2.0;11;15
3212;Newell´s Old Boys;1;3208;Velez Sarsfield;2;3;1;1;27959512;49.0;51.0;10;10;3;6;7.0;4.0;8;3;17;14;8;13;26;24;5.0;2.0;4.0;2.0;13;15
43741;CA Patronato Parana;0;3205;Gimnasia Y Esgrima La Plata;0;0;0;0;27959772;53.0;47.0;7;9;5;4;2.0;5.0;7;3;19;21;11;10;32;19;3.0;3.0;4.0;5.0;21;11
3221;Arsenal de Sarandi;0;3205;Gimnasia Y Esgrima La Plata;1;1;1;0;27959552;43.0;57.0;7;12;3;7;4.0;5.0;2;5;13;20;12;9;19;24;4.0;6.0;6.0;3.0;19;9
3205;Gimnasia Y Esgrima La Plata;1;3212;Newell´s Old Boys;0;1;1;0;27959534;46.0;54.0;5;11;3;3;2.0;8.0;7;6;24;19;10;5;20;28;3.0;2.0;2.0;0.0;16;23
3205;Gimnasia Y Esgrima La Plata;0;42338;CA Sarmiento;1;1;1;0;27959482;57.0;43.0;10;7;3;4;7.0;3.0;10;4;21;11;4;13;27;22;1.0;4.0;3.0;3.0;6;20
3218;Atletico Lanus;2;3217;Club Atletico Rosario Central;2;4;1;1;27959748;53.0;47.0;10;9;6;5;4.0;4.0;5;3;12;18;8;9;21;22;3.0;2.0;3.0;4.0;16;12
3217;Club Atletico Rosario Central;3;36833;Atletico Tucuman;1;4;1;1;27959662;63.0;37.0;12;8;6;7;6.0;1.0;7;5;14;13;3;11;22;21;2.0;1.0;6.0;3.0;12;10
36837;CA Platense;1;3217;Club Atletico Rosario Central;1;2;1;1;27959568;38.0;62.0;5;9;2;4;3.0;5.0;2;4;11;9;12;6;24;26;1.0;2.0;3.0;1.0;9;10
3217;Club Atletico Rosario Central;3;43741;CA Patronato Parana;2;5;1;1;27959528;55.0;45.0;13;9;6;4;7.0;5.0;6;3;16;10;7;13;20;34;2.0;4.0;2.0;3.0;9;13
6074;CD Godoy Cruz;2;36837;CA Platense;2;4;1;1;27959742;61.0;39.0;9;11;5;4;4.0;7.0;3;1;11;16;9;13;30;24;2.0;1.0;2.0;3.0;15;8
3218;Atletico Lanus;3;36837;CA Platense;3;6;1;1;27959696;47.0;53.0;12;13;5;6;7.0;7.0;6;10;12;18;11;8;25;20;3.0;0.0;3.0;2.0;15;11
36837;CA Platense;0;43741;CA Patronato Parana;0;0;0;0;27959490;57.0;43.0;8;8;6;1;2.0;7.0;8;4;14;12;12;6;27;41;3.0;0.0;1.0;5.0;10;13
3221;Arsenal de Sarandi;3;3212;Newell´s Old Boys;1;4;1;1;27959656;48.0;52.0;8;11;4;6;4.0;5.0;6;7;13;17;13;7;33;19;3.0;0.0;5.0;1.0;16;12
42338;CA Sarmiento;2;3212;Newell´s Old Boys;1;3;1;1;27959598;52.0;48.0;9;10;3;2;6.0;8.0;5;6;17;13;10;12;27;23;2.0;1.0;1.0;1.0;12;13
6074;CD Godoy Cruz;2;3212;Newell´s Old Boys;2;4;1;1;27959484;61.0;39.0;16;8;6;4;10.0;4.0;6;5;14;16;4;15;25;20;2.0;4.0;3.0;4.0;14;13
3201;CA San Lorenzo de Almagro;1;42338;CA Sarmiento;0;1;1;0;27959726;40.0;60.0;15;16;7;6;8.0;10.0;3;7;19;14;13;9;15;27;2.0;2.0;6.0;6.0;13;19
3201;CA San Lorenzo de Almagro;1;6074;CD Godoy Cruz;0;1;1;0;27959622;51.0;49.0;9;6;2;5;7.0;1.0;5;7;18;20;8;11;16;16;4.0;4.0;5.0;1.0;17;16
3201;CA San Lorenzo de Almagro;1;3218;Atletico Lanus;3;4;1;1;27959570;45.0;55.0;6;9;3;6;3.0;3.0;2;5;13;19;7;7;19;28;4.0;2.0;3.0;2.0;16;10
3221;Arsenal de Sarandi;1;42338;CA Sarmiento;0;1;1;0;27959604;54.0;46.0;9;11;3;5;6.0;6.0;7;5;21;13;11;11;10;20;2.0;3.0;5.0;2.0;12;21
43741;CA Patronato Parana;3;3218;Atletico Lanus;2;5;1;1;27959668;52.0;48.0;11;4;6;3;5.0;1.0;4;1;14;19;5;13;22;25;5.0;2.0;1.0;3.0;18;14
2046;FC Salzburg;2;2076;Wolfsberger AC;0;2;1;1;27847394;67.0;33.0;14;5;7;0;7.0;5.0;14;3;14;15;7;11;27;21;0.0;3.0;0.0;5.0;12;13
5405;WSG Tirol;2;2051;SK Sturm Graz;2;4;1;1;27847382;41.0;59.0;2;12;2;7;0.0;5.0;2;1;15;9;10;5;24;36;2.0;1.0;5.0;0.0;9;13
2075;TSV Hartberg;1;2050;FC Admira Wacker Modling;1;2;1;1;27847386;49.0;51.0;8;10;3;5;5.0;5.0;2;10;23;18;9;10;22;21;2.0;2.0;4.0;2.0;18;21
4856;SCR Altach;0;2203;FK Austria Wien;2;2;1;1;27847384;55.0;45.0;6;7;2;4;4.0;3.0;2;6;16;15;9;7;31;21;4.0;3.0;2.0;2.0;14;14
2076;Wolfsberger AC;2;2049;SV Ried;1;3;1;1;27847376;55.0;45.0;2;11;1;5;1.0;6.0;3;7;18;12;10;2;16;35;2.0;4.0;4.0;0.0;9;17
2051;SK Sturm Graz;2;2055;SK Rapid Wien;2;4;1;1;27847390;45.0;55.0;5;5;3;3;2.0;2.0;4;9;14;16;7;8;35;37;0.0;3.0;2.0;1.0;15;14
2888;Club Brugge;2;2898;Royal Charleroi SC;0;2;1;1;27649630;57.0;43.0;8;12;5;4;3.0;8.0;5;5;14;7;11;6;21;27;1.0;1.0;4.0;3.0;7;9
364786;FC Arda Kardzhali;0;43840;PFC Ludogorets 1945 Razgrad;4;4;1;1;31642993;44.0;56.0;5;10;2;8;3.0;2.0;3;5;21;18;3;7;16;18;1.0;2.0;4.0;3.0;16;17
3281;PFK Beroe Stara Zagora;1;3273;PFC Levski Sofia;1;2;1;1;28723958;58.0;42.0;9;9;4;5;5.0;4.0;5;7;19;16;7;14;32;32;2.0;4.0;4.0;3.0;13;16
3273;PFC Levski Sofia;2;5241;Botev Plovdiv;0;2;1;1;28723950;58.0;42.0;14;7;7;2;7.0;5.0;7;4;19;18;7;10;30;18;3.0;3.0;5.0;9.0;17;17
275869;FC Tsarsko Selo Sofia;1;3281;PFK Beroe Stara Zagora;2;3;1;1;28723984;43.0;57.0;7;10;3;5;4.0;5.0;2;5;23;22;9;3;31;37;5.0;3.0;3.0;2.0;21;21
36938;POFC Botev Vratsa;0;288687;FC CSKA 1948;4;4;1;1;28723974;47.0;53.0;7;7;2;6;5.0;1.0;5;3;13;12;5;8;36;22;2.0;5.0;2.0;2.0;9;12
5241;Botev Plovdiv;2;275869;FC Tsarsko Selo Sofia;1;3;1;1;28723960;56.0;44.0;19;5;11;3;8.0;2.0;12;3;7;17;3;7;21;17;2.0;3.0;2.0;9.0;15;6
5245;FC Pirin Blagoevgrad;2;3277;Lokomotive Sofia;1;3;1;1;28723980;47.0;53.0;8;7;6;4;2.0;3.0;3;6;19;16;10;10;15;17;3.0;4.0;4.0;5.0;14;19
3280;PFC Cherno More Varna;2;288687;FC CSKA 1948;0;2;1;1;28723948;50.0;50.0;7;2;5;1;2.0;1.0;2;2;18;23;5;2;33;22;2.0;3.0;2.0;3.0;20;17
3274;PFC Slavia Sofia;1;3272;PFC Lokomotiv Plovdiv;1;2;1;1;28723956;56.0;44.0;10;5;4;3;6.0;2.0;8;1;16;20;2;10;23;25;2.0;2.0;2.0;4.0;20;14
3151;CD Universidad Catolica;2;3153;Union Espanola;1;3;1;1;31802313;48.0;52.0;13;9;7;4;6.0;5.0;10;6;13;14;5;10;17;19;3.0;3.0;3.0;5.0;13;11
3153;Union Espanola;1;5032;CD Everton Vina del Mar;1;2;1;1;31802329;62.0;38.0;16;9;7;4;9.0;5.0;11;7;11;11;8;13;29;18;2.0;3.0;3.0;6.0;10;10
3155;Colo-Colo;2;5032;CD Everton Vina del Mar;0;2;1;1;31802289;65.0;35.0;13;2;5;0;8.0;2.0;12;1;11;11;6;16;22;19;1.0;2.0;0.0;3.0;8;11
3164;Huachipato;2;3162;Audax Italiano;1;3;1;1;31802305;48.0;52.0;7;14;3;8;4.0;6.0;3;7;13;10;9;5;27;21;3.0;1.0;7.0;1.0;10;11
3167;Cobresal;1;7029;Nublense;1;2;1;1;31802335;48.0;52.0;13;7;8;3;5.0;4.0;9;1;10;18;6;8;36;21;3.0;3.0;2.0;7.0;17;9
3167;Cobresal;2;33595;Curico Unido;3;5;1;1;31802301;55.0;45.0;17;14;6;7;11.0;7.0;2;3;12;16;12;16;30;18;2.0;5.0;4.0;4.0;13;11
5032;CD Everton Vina del Mar;2;3165;Coquimbo Unido;0;2;1;1;31802303;55.0;45.0;18;13;9;6;9.0;7.0;6;7;12;11;8;13;21;15;2.0;2.0;6.0;7.0;10;11
3157;CD Palestino;1;3163;CD O´Higgins;0;1;1;0;31802311;45.0;55.0;9;6;5;5;4.0;1.0;8;3;12;18;11;8;28;26;2.0;4.0;5.0;4.0;15;12
3162;Audax Italiano;1;7029;Nublense;2;3;1;1;31802285;42.0;58.0;8;11;3;5;5.0;6.0;6;2;11;14;12;7;33;34;3.0;2.0;3.0;2.0;14;10
3165;Coquimbo Unido;2;3151;CD Universidad Catolica;3;5;1;1;31802291;48.0;52.0;9;14;4;6;5.0;8.0;4;3;17;15;14;10;23;21;2.0;4.0;3.0;2.0;15;14
41537;Shanghai Port FC;1;24156;Guangzhou FC;0;1;1;0;30770133;47.0;53.0;2;7;2;1;0.0;6.0;2;3;16;12;10;3;16;14;3.0;2.0;1.0;1.0;10;14
24156;Guangzhou FC;1;3376;Beijing Guoan;0;1;1;0;30769859;51.0;49.0;5;14;2;6;3.0;8.0;5;3;17;21;12;5;19;20;1.0;2.0;6.0;1.0;18;14
3376;Beijing Guoan;1;24156;Guangzhou FC;0;1;1;0;30769793;49.0;51.0;12;13;5;5;7.0;8.0;10;1;13;18;11;13;17;17;2.0;0.0;5.0;4.0;17;13
3362;Chongqing Liangjiang;1;24156;Guangzhou FC;5;6;1;1;26793746;38.0;62.0;7;13;3;7;4.0;6.0;2;1;17;1;10;7;15;14;1.0;3.0;2.0;2.0;1;15
3370;Shenzhen FC;2;24156;Guangzhou FC;1;3;1;1;28141804;43.0;57.0;5;10;2;2;3.0;8.0;5;8;11;11;18;6;7;3;4.0;3.0;1.0;0.0;8;11
24156;Guangzhou FC;5;144646;Qingdao FC;0;5;1;1;26793762;67.0;33.0;15;1;9;1;6.0;0.0;5;1;9;11;1;12;15;9;2.0;1.0;1.0;4.0;9;9
24156;Guangzhou FC;2;34692;Henan Songshan Longmen;0;2;1;1;26793730;78.0;22.0;12;2;3;0;9.0;2.0;11;1;10;9;3;18;11;6;1.0;0.0;0.0;1.0;8;10
3367;Tianjin Jinmen Tiger;1;66440;Cangzhou Mighty Lions;0;1;1;0;30770115;46.0;54.0;18;7;5;1;13.0;6.0;5;2;9;17;7;12;14;11;3.0;2.0;0.0;2.0;12;8
66440;Cangzhou Mighty Lions;2;49936;Dalian Professional;0;2;1;1;30770103;51.0;49.0;5;6;4;3;1.0;3.0;3;7;15;10;11;2;12;18;2.0;3.0;3.0;2.0;9;14
3373;Shanghai Shenhua;1;66440;Cangzhou Mighty Lions;1;2;1;1;30769865;56.0;44.0;6;4;1;2;5.0;2.0;4;1;16;12;3;10;18;13;0.0;1.0;1.0;0.0;10;14
66440;Cangzhou Mighty Lions;2;3367;Tianjin Jinmen Tiger;1;3;1;1;30769831;45.0;55.0;6;7;5;3;1.0;4.0;5;5;14;12;10;4;12;8;5.0;2.0;2.0;3.0;11;11
41534;Wuhan FC;4;66440;Cangzhou Mighty Lions;2;6;1;1;30769781;44.0;56.0;7;9;4;5;3.0;4.0;3;8;13;12;7;5;15;13;2.0;3.0;3.0;0.0;12;12
3371;Shandong Taishan;2;66440;Cangzhou Mighty Lions;1;3;1;1;26793756;45.0;55.0;9;8;5;4;4.0;4.0;2;2;11;18;8;7;11;14;1.0;1.0;3.0;3.0;18;9
24156;Guangzhou FC;5;66440;Cangzhou Mighty Lions;2;7;1;1;26793710;61.0;39.0;11;10;6;4;5.0;6.0;2;3;11;13;5;7;12;17;1.0;1.0;2.0;1.0;10;10
66440;Cangzhou Mighty Lions;2;3370;Shenzhen FC;1;3;1;1;26793740;42.0;58.0;3;9;3;5;0.0;4.0;4;6;19;16;7;4;13;12;4.0;1.0;4.0;2.0;14;18
66440;Cangzhou Mighty Lions;0;3375;Guangzhou City;2;2;1;1;26793724;48.0;52.0;9;7;6;3;3.0;4.0;6;3;16;12;4;3;7;13;3.0;0.0;1.0;6.0;12;14
34694;Changchun Yatai;1;3371;Shandong Taishan;1;2;1;1;30770131;35.0;65.0;4;6;3;3;1.0;3.0;2;4;13;15;6;3;14;9;1.0;1.0;2.0;2.0;15;12
3376;Beijing Guoan;1;3371;Shandong Taishan;1;2;1;1;30769869;44.0;56.0;6;10;4;6;2.0;4.0;3;9;14;11;10;4;17;27;1.0;3.0;5.0;3.0;9;12
3371;Shandong Taishan;2;71564;Hebei FC;0;2;1;1;30769857;60.0;40.0;9;2;4;1;5.0;1.0;2;2;9;13;2;10;14;21;0.0;1.0;1.0;2.0;8;8
3371;Shandong Taishan;2;34694;Changchun Yatai;1;3;1;1;30769841;52.0;48.0;8;3;4;1;4.0;2.0;8;2;8;15;6;11;21;12;2.0;4.0;0.0;2.0;13;8
41537;Shanghai Port FC;0;3371;Shandong Taishan;2;2;1;1;30769823;58.0;42.0;2;9;0;5;2.0;4.0;5;3;15;16;5;5;21;16;1.0;0.0;3.0;0.0;16;13
144646;Qingdao FC;0;3371;Shandong Taishan;5;5;1;1;26793714;40.0;60.0;2;15;1;10;1.0;5.0;3;10;12;10;9;2;15;11;2.0;0.0;5.0;1.0;10;8
3371;Shandong Taishan;2;3376;Beijing Guoan;1;3;1;1;30769807;54.0;46.0;13;4;8;1;5.0;3.0;7;2;14;14;7;11;11;14;4.0;0.0;0.0;6.0;13;14
3371;Shandong Taishan;4;3370;Shenzhen FC;2;6;1;1;26793726;54.0;46.0;13;9;6;6;7.0;3.0;6;6;15;13;8;6;15;15;2.0;2.0;4.0;2.0;11;13
3373;Shanghai Shenhua;3;34692;Henan Songshan Longmen;0;3;1;1;30770111;66.0;34.0;13;2;5;1;8.0;1.0;3;3;16;14;2;12;17;16;0.0;1.0;1.0;1.0;11;16
34692;Henan Songshan Longmen;2;3373;Shanghai Shenhua;0;2;1;1;30769829;43.0;57.0;7;4;4;0;3.0;4.0;2;6;21;16;9;3;11;26;3.0;3.0;0.0;2.0;14;19
3373;Shanghai Shenhua;4;3362;Chongqing Liangjiang;1;5;1;1;30769815;70.0;30.0;20;3;10;2;10.0;1.0;7;0;10;16;3;15;19;9;2.0;2.0;1.0;6.0;12;10
3376;Beijing Guoan;4;3373;Shanghai Shenhua;2;6;1;1;28303760;53.0;47.0;5;13;4;7;1.0;6.0;5;8;7;13;11;3;11;12;3.0;3.0;5.0;1.0;12;7
49936;Dalian Professional;2;3373;Shanghai Shenhua;4;6;1;1;26793748;40.0;60.0;6;15;3;10;3.0;5.0;1;5;11;21;9;6;13;22;4.0;2.0;6.0;1.0;20;10
3373;Shanghai Shenhua;3;144646;Qingdao FC;0;3;1;1;30769783;65.0;35.0;19;6;12;2;7.0;4.0;8;2;11;23;9;14;17;17;1.0;2.0;2.0;9.0;20;9
3373;Shanghai Shenhua;1;3367;Tianjin Jinmen Tiger;0;1;1;0;26793770;63.0;37.0;8;4;5;1;3.0;3.0;2;0;19;18;4;8;17;20;1.0;2.0;1.0;4.0;15;19
3375;Guangzhou City;1;41537;Shanghai Port FC;2;3;1;1;30769875;44.0;56.0;5;13;3;9;2.0;4.0;0;12;13;9;9;3;15;12;1.0;1.0;3.0;0.0;9;12
41537;Shanghai Port FC;3;3370;Shenzhen FC;1;4;1;1;30769855;58.0;42.0;15;9;8;5;7.0;4.0;6;6;18;11;4;9;12;20;3.0;1.0;4.0;5.0;9;14
3370;Shenzhen FC;1;41537;Shanghai Port FC;3;4;1;1;30769789;45.0;55.0;7;7;4;4;3.0;3.0;3;6;10;9;9;6;12;13;1.0;1.0;1.0;3.0;9;9
41537;Shanghai Port FC;1;3375;Guangzhou City;0;1;1;0;30769811;52.0;48.0;9;3;6;0;3.0;3.0;11;2;7;14;4;9;16;20;2.0;3.0;0.0;5.0;14;5
41537;Shanghai Port FC;3;41534;Wuhan FC;0;3;1;1;26793754;62.0;38.0;12;7;5;2;7.0;5.0;9;1;12;16;6;11;13;15;0.0;1.0;2.0;3.0;15;12
34692;Henan Songshan Longmen;1;41534;Wuhan FC;0;1;1;0;30770107;48.0;52.0;16;6;9;2;7.0;4.0;8;3;22;13;5;11;21;15;0.0;1.0;2.0;8.0;13;20
41534;Wuhan FC;1;34692;Henan Songshan Longmen;1;2;1;1;30769817;50.0;50.0;3;13;1;7;2.0;6.0;4;1;17;16;8;4;23;11;2.0;1.0;6.0;1.0;14;15
49936;Dalian Professional;1;34692;Henan Songshan Longmen;0;1;1;0;30769785;53.0;47.0;11;5;6;3;5.0;2.0;7;1;21;17;2;11;25;25;2.0;3.0;3.0;5.0;13;19
144646;Qingdao FC;0;34692;Henan Songshan Longmen;1;1;1;0;26793744;45.0;55.0;3;10;2;3;1.0;7.0;1;5;16;20;9;5;13;18;3.0;1.0;2.0;2.0;17;14
34692;Henan Songshan Longmen;1;3367;Tianjin Jinmen Tiger;1;2;1;1;30769797;56.0;44.0;2;5;2;2;0.0;3.0;4;2;14;21;10;1;15;13;3.0;2.0;1.0;1.0;20;14
34692;Henan Songshan Longmen;1;3362;Chongqing Liangjiang;0;1;1;0;26793708;39.0;61.0;6;6;1;1;5.0;5.0;4;3;11;27;6;10;14;13;2.0;1.0;1.0;0.0;23;10
144646;Qingdao FC;0;3367;Tianjin Jinmen Tiger;1;1;1;0;30770105;45.0;55.0;8;10;4;6;4.0;4.0;5;12;19;11;9;5;12;12;3.0;5.0;5.0;4.0;9;17
3362;Chongqing Liangjiang;0;3367;Tianjin Jinmen Tiger;1;1;1;0;30769849;45.0;55.0;6;6;1;4;5.0;2.0;0;5;22;15;4;5;19;19;1.0;3.0;3.0;1.0;15;21
3367;Tianjin Jinmen Tiger;1;144646;Qingdao FC;2;3;1;1;30769819;66.0;34.0;15;7;4;5;11.0;2.0;8;3;19;14;2;14;20;13;0.0;5.0;3.0;3.0;13;17
3367;Tianjin Jinmen Tiger;1;49936;Dalian Professional;3;4;1;1;26793718;55.0;45.0;6;5;5;5;1.0;0.0;2;6;12;12;2;3;19;18;3.0;2.0;2.0;4.0;10;12
3375;Guangzhou City;2;71564;Hebei FC;1;3;1;1;30770129;47.0;53.0;10;7;9;4;1.0;3.0;4;1;12;22;8;4;15;19;1.0;2.0;3.0;7.0;19;11
3376;Beijing Guoan;1;3375;Guangzhou City;1;2;1;1;30770123;51.0;49.0;14;5;8;1;6.0;4.0;6;5;9;18;5;10;11;20;0.0;2.0;0.0;7.0;17;9
34694;Changchun Yatai;2;3375;Guangzhou City;1;3;1;1;30769853;54.0;46.0;9;4;7;1;2.0;3.0;7;4;6;16;7;7;14;10;3.0;4.0;0.0;5.0;14;5
71564;Hebei FC;1;3375;Guangzhou City;1;2;1;1;30769839;53.0;47.0;11;7;9;5;2.0;2.0;6;4;11;16;3;5;19;11;1.0;2.0;4.0;8.0;13;11
3375;Guangzhou City;0;34694;Changchun Yatai;2;2;1;1;30769791;47.0;53.0;2;10;1;6;1.0;4.0;2;5;13;5;7;4;16;7;0.0;2.0;4.0;1.0;4;13
3375;Guangzhou City;4;144646;Qingdao FC;2;6;1;1;28141800;55.0;45.0;10;5;6;4;4.0;1.0;3;1;17;19;4;9;5;5;2.0;3.0;2.0;2.0;18;16
49936;Dalian Professional;0;3362;Chongqing Liangjiang;1;1;1;0;30769863;57.0;43.0;10;3;5;3;5.0;0.0;10;1;11;22;4;10;20;18;5.0;4.0;2.0;5.0;20;10
3362;Chongqing Liangjiang;0;41534;Wuhan FC;0;0;0;0;30769835;46.0;54.0;7;3;4;1;3.0;2.0;6;3;11;14;6;9;12;27;1.0;2.0;1.0;4.0;14;10
3370;Shenzhen FC;2;3362;Chongqing Liangjiang;1;3;1;1;26793760;62.0;38.0;15;12;7;9;8.0;3.0;6;2;17;21;4;12;9;5;3.0;2.0;8.0;5.0;20;17
3362;Chongqing Liangjiang;0;49936;Dalian Professional;1;1;1;0;30769799;49.0;51.0;6;7;4;4;2.0;3.0;2;8;13;7;10;5;15;21;2.0;2.0;4.0;4.0;6;13
3370;Shenzhen FC;0;3376;Beijing Guoan;1;1;1;0;30770127;53.0;47.0;7;8;2;3;5.0;5.0;7;4;17;14;7;8;12;27;4.0;0.0;2.0;2.0;11;16
3370;Shenzhen FC;0;34694;Changchun Yatai;1;1;1;0;30769873;60.0;40.0;10;4;2;2;8.0;2.0;8;1;17;19;6;10;22;18;1.0;2.0;1.0;2.0;19;14
3370;Shenzhen FC;3;71564;Hebei FC;0;3;1;1;30769825;57.0;43.0;8;5;4;2;4.0;3.0;8;5;15;17;5;5;17;14;1.0;3.0;2.0;1.0;16;14
34694;Changchun Yatai;1;3370;Shenzhen FC;1;2;1;1;30769809;41.0;59.0;3;13;2;6;1.0;7.0;1;15;19;14;9;4;14;11;1.0;3.0;5.0;1.0;11;19
3370;Shenzhen FC;0;3375;Guangzhou City;1;1;1;0;26793712;63.0;37.0;12;3;4;2;8.0;1.0;9;2;10;19;4;12;14;11;1.0;0.0;1.0;4.0;15;8
3376;Beijing Guoan;2;34694;Changchun Yatai;1;3;1;1;26793768;51.0;49.0;7;7;4;4;3.0;3.0;6;5;11;22;5;8;15;9;5.0;1.0;3.0;2.0;19;11
144646;Qingdao FC;1;49936;Dalian Professional;2;3;1;1;30769833;33.0;67.0;7;12;5;3;2.0;9.0;5;8;20;15;12;9;22;9;2.0;5.0;1.0;4.0;14;19
41534;Wuhan FC;2;49936;Dalian Professional;1;3;1;1;26793764;48.0;52.0;9;4;6;2;3.0;2.0;5;4;11;14;9;6;20;18;3.0;1.0;1.0;4.0;14;8
71564;Hebei FC;0;3376;Beijing Guoan;0;0;0;0;26793732;48.0;52.0;13;9;7;4;6.0;5.0;6;9;18;10;7;12;19;17;2.0;1.0;4.0;7.0;10;17
144646;Qingdao FC;2;41534;Wuhan FC;5;7;1;1;30769803;56.0;44.0;8;12;3;9;5.0;3.0;5;7;18;14;9;8;14;20;1.0;1.0;4.0;1.0;13;16
3376;Beijing Guoan;2;41534;Wuhan FC;1;3;1;1;26793720;41.0;59.0;6;7;4;4;2.0;3.0;4;3;8;18;5;9;11;7;1.0;2.0;3.0;2.0;18;7
41534;Wuhan FC;1;71564;Hebei FC;1;2;1;1;28303756;53.0;47.0;5;4;2;2;3.0;2.0;3;1;17;26;5;8;9;14;3.0;0.0;1.0;1.0;26;14
6109;CS Deportivo Pereira;2;6975;CD La Equidad;3;5;1;1;31404465;51.0;49.0;7;12;4;6;3.0;6.0;7;4;15;10;10;10;18;17;2.0;3.0;3.0;2.0;7;14
6114;Envigado FC;3;89370;Jaguares de Cordoba;1;4;1;1;31404479;55.0;45.0;11;7;6;3;5.0;4.0;6;5;9;20;7;11;18;17;3.0;5.0;3.0;3.0;18;7
6111;CD Tolima;0;6105;CD Junior FC;2;2;1;1;31404481;47.0;53.0;2;7;1;7;1.0;0.0;5;3;14;9;8;11;20;16;4.0;4.0;5.0;1.0;9;11
1289;FC Midtjylland;2;1281;Broendby IF;2;4;1;1;32811677;59.0;41.0;13;7;7;5;6.0;2.0;3;5;10;12;4;10;23;21;0.0;2.0;3.0;5.0;12;9
1290;Aalborg BK;1;1289;FC Midtjylland;2;3;1;1;32811671;66.0;34.0;9;13;5;7;4.0;6.0;5;2;16;13;10;8;17;18;5.0;3.0;5.0;4.0;13;10
1289;FC Midtjylland;0;1284;FC Copenhagen;0;0;0;0;32811657;48.0;52.0;8;12;6;5;2.0;7.0;6;3;10;15;6;8;24;25;3.0;2.0;5.0;6.0;15;8
1281;Broendby IF;1;1289;FC Midtjylland;3;4;1;1;32811597;;;5;13;1;5;4.0;8.0;0;5;10;8;9;8;12;13;2.0;2.0;2.0;0.0;7;10
1301;Randers FC;1;1289;FC Midtjylland;3;4;1;1;32811579;47.0;53.0;15;10;6;7;9.0;3.0;5;5;7;9;9;13;21;20;1.0;0.0;4.0;5.0;7;7
1284;FC Copenhagen;1;1289;FC Midtjylland;0;1;1;0;32811507;53.0;47.0;6;7;3;2;3.0;5.0;4;4;8;11;7;5;22;31;2.0;3.0;2.0;2.0;9;8
1289;FC Midtjylland;3;1285;Silkeborg IF;2;5;1;1;32811465;53.0;47.0;11;12;7;6;4.0;6.0;4;6;3;8;8;8;25;22;2.0;0.0;4.0;4.0;7;3
1289;FC Midtjylland;0;1284;FC Copenhagen;1;1;1;0;27575128;58.0;42.0;8;5;4;1;4.0;4.0;7;6;12;7;7;4;14;11;3.0;2.0;0.0;4.0;7;10
1285;Silkeborg IF;1;1301;Randers FC;0;1;1;0;32811663;55.0;45.0;14;6;5;3;9.0;3.0;6;3;7;5;7;11;27;20;1.0;0.0;3.0;4.0;4;6
1285;Silkeborg IF;4;1290;Aalborg BK;2;6;1;1;32811659;54.0;46.0;11;13;5;4;6.0;9.0;4;2;12;5;9;9;10;8;1.0;1.0;2.0;1.0;5;10
1290;Aalborg BK;1;1285;Silkeborg IF;2;3;1;1;32811593;53.0;47.0;8;4;3;3;5.0;1.0;14;3;6;12;4;11;27;20;2.0;0.0;1.0;2.0;11;5
1301;Randers FC;1;1285;Silkeborg IF;2;3;1;1;32811591;43.0;57.0;8;10;5;6;3.0;4.0;4;6;3;11;7;6;21;23;2.0;0.0;4.0;4.0;7;3
1285;Silkeborg IF;3;1284;FC Copenhagen;1;4;1;1;32811583;45.0;55.0;7;11;4;5;3.0;6.0;4;2;8;4;10;3;12;22;0.0;1.0;4.0;1.0;4;5
1301;Randers FC;0;1284;FC Copenhagen;2;2;1;1;32811679;42.0;58.0;5;16;1;7;4.0;9.0;2;5;7;14;16;8;18;20;2.0;3.0;5.0;1.0;12;6
1284;FC Copenhagen;0;1301;Randers FC;1;1;1;0;32811595;49.0;51.0;8;7;3;5;5.0;2.0;1;3;18;5;7;13;25;23;0.0;3.0;4.0;3.0;4;17
1284;FC Copenhagen;2;1281;Broendby IF;0;2;1;1;32811587;55.0;45.0;17;3;9;1;8.0;2.0;8;8;10;13;5;10;22;22;2.0;3.0;1.0;7.0;11;10
1290;Aalborg BK;0;1284;FC Copenhagen;1;1;1;0;32811463;52.0;48.0;4;11;1;5;3.0;6.0;9;6;11;13;10;7;27;17;4.0;3.0;4.0;1.0;13;9
1284;FC Copenhagen;1;1292;FC Nordsjaelland;0;1;1;0;27575140;47.0;53.0;12;2;7;1;5.0;1.0;4;2;9;12;4;11;13;14;2.0;0.0;1.0;6.0;11;8
1284;FC Copenhagen;3;1301;Randers FC;0;3;1;1;27575118;50.0;50.0;12;10;9;1;3.0;9.0;7;5;5;6;15;2;8;14;2.0;0.0;1.0;6.0;6;3
1292;FC Nordsjaelland;2;4872;Vejle BK;1;3;1;1;32811969;66.0;34.0;11;8;7;1;4.0;7.0;6;3;15;11;10;8;9;12;1.0;3.0;0.0;5.0;8;11
1292;FC Nordsjaelland;1;1286;Odense Boldklub;1;2;1;1;32811927;49.0;51.0;10;4;6;4;4.0;0.0;4;1;9;16;1;10;20;10;3.0;1.0;3.0;5.0;14;8
1288;Viborg FF;1;1292;FC Nordsjaelland;1;2;1;1;32811915;45.0;55.0;5;9;3;5;2.0;4.0;1;4;6;11;13;4;13;32;2.0;0.0;4.0;2.0;10;3
1292;FC Nordsjaelland;2;1288;Viborg FF;0;2;1;1;32811883;55.0;45.0;8;12;5;5;3.0;7.0;9;5;6;7;10;6;12;19;2.0;2.0;5.0;3.0;5;3
1291;AGF Aarhus;2;1292;FC Nordsjaelland;3;5;1;1;27575116;40.0;60.0;5;6;2;4;3.0;2.0;4;2;7;10;9;6;19;27;1.0;3.0;2.0;0.0;10;5
1292;FC Nordsjaelland;2;1295;SonderjyskE;0;2;1;1;32811863;52.0;48.0;11;10;6;6;5.0;4.0;6;4;11;14;11;13;9;11;1.0;1.0;6.0;4.0;12;9
1292;FC Nordsjaelland;1;1295;SonderjyskE;1;2;1;1;27575132;64.0;36.0;10;8;4;3;6.0;5.0;9;8;8;15;8;15;19;16;2.0;4.0;2.0;3.0;13;6
1286;Odense Boldklub;1;1295;SonderjyskE;1;2;1;1;32811973;55.0;45.0;15;6;9;4;6.0;2.0;9;6;10;6;3;9;15;22;1.0;1.0;3.0;8.0;6;8
1291;AGF Aarhus;1;1286;Odense Boldklub;2;3;1;1;32811887;45.0;55.0;7;9;3;5;4.0;4.0;2;8;13;12;8;9;14;21;3.0;1.0;3.0;2.0;11;13
1288;Viborg FF;1;1286;Odense Boldklub;1;2;1;1;32811867;38.0;62.0;14;12;7;4;7.0;8.0;3;5;7;14;9;12;24;25;2.0;1.0;3.0;6.0;13;5
1295;SonderjyskE;2;1286;Odense Boldklub;2;4;1;1;32811843;49.0;51.0;12;5;5;3;7.0;2.0;3;5;16;16;5;10;20;27;2.0;2.0;1.0;3.0;15;14
4872;Vejle BK;2;1286;Odense Boldklub;0;2;1;1;27575144;59.0;41.0;3;3;3;2;0.0;1.0;6;3;7;14;8;10;8;6;2.0;3.0;2.0;1.0;12;7
1295;SonderjyskE;2;1286;Odense Boldklub;2;4;1;1;27575122;53.0;47.0;5;7;5;5;0.0;2.0;9;3;10;20;8;3;19;19;1.0;3.0;3.0;3.0;16;9
1286;Odense Boldklub;2;4872;Vejle BK;1;3;1;1;32811857;55.0;45.0;6;6;4;2;2.0;4.0;6;3;10;17;7;8;28;20;2.0;1.0;1.0;2.0;17;9
1286;Odense Boldklub;2;1290;Aalborg BK;3;5;1;1;27575130;58.0;42.0;11;11;8;7;3.0;4.0;8;3;21;8;6;8;22;20;0.0;3.0;4.0;6.0;6;17
4872;Vejle BK;0;1295;SonderjyskE;3;3;1;1;32811921;60.0;40.0;9;9;4;7;5.0;2.0;10;1;15;8;5;16;15;15;2.0;3.0;4.0;4.0;8;14
1295;SonderjyskE;0;4872;Vejle BK;1;1;1;0;32811877;55.0;45.0;8;15;3;8;5.0;7.0;7;11;12;11;14;7;20;27;1.0;3.0;7.0;3.0;11;11
1288;Viborg FF;2;1295;SonderjyskE;1;3;1;1;32811831;53.0;47.0;4;11;2;6;2.0;5.0;6;5;13;12;7;6;19;24;3.0;0.0;5.0;0.0;12;12
1295;SonderjyskE;1;1301;Randers FC;1;2;1;1;27575146;49.0;51.0;5;6;4;2;1.0;4.0;2;4;11;13;7;8;31;36;3.0;2.0;1.0;3.0;12;10
4872;Vejle BK;1;1291;AGF Aarhus;0;1;1;0;32811961;43.0;57.0;8;7;4;2;4.0;5.0;3;10;14;19;8;9;27;21;3.0;3.0;2.0;3.0;17;14
1291;AGF Aarhus;0;4872;Vejle BK;0;0;0;0;32811833;55.0;45.0;3;5;2;1;1.0;4.0;5;0;8;14;11;8;22;14;4.0;1.0;1.0;2.0;14;7
1288;Viborg FF;2;4872;Vejle BK;0;2;1;1;27575134;57.0;43.0;10;8;5;5;5.0;3.0;11;8;15;14;6;11;24;25;2.0;1.0;5.0;3.0;13;12
4872;Vejle BK;3;1291;AGF Aarhus;2;5;1;1;27575110;45.0;55.0;9;8;5;4;4.0;4.0;5;6;19;17;10;9;16;15;3.0;2.0;2.0;2.0;16;14
1288;Viborg FF;1;1291;AGF Aarhus;0;1;1;0;32811981;58.0;42.0;11;3;4;0;7.0;3.0;6;1;7;14;8;11;10;15;3.0;1.0;0.0;3.0;13;6
1281;Broendby IF;0;1301;Randers FC;1;1;1;0;32811457;60.0;40.0;12;10;8;8;4.0;2.0;11;3;8;11;5;8;14;18;1.0;2.0;7.0;8.0;9;8
1281;Broendby IF;0;1290;Aalborg BK;1;1;1;0;32811585;66.0;34.0;12;5;3;2;9.0;3.0;13;0;12;13;4;15;35;21;1.0;2.0;1.0;2.0;8;11
1281;Broendby IF;1;1291;AGF Aarhus;1;2;1;1;27575126;58.0;42.0;10;6;6;4;4.0;2.0;7;2;12;13;4;10;25;15;4.0;3.0;3.0;5.0;13;10
1289;FC Midtjylland;0;1290;Aalborg BK;2;2;1;1;27575090;56.0;44.0;9;5;5;5;4.0;0.0;8;6;12;20;8;9;22;20;3.0;3.0;3.0;5.0;16;11
39723;CSD Independiente del Valle;0;5255;CS Emelec;1;1;1;0;31766297;53.0;47.0;7;2;3;2;4.0;0.0;5;2;12;5;3;17;15;14;4.0;6.0;1.0;3.0;4;11
5257;LDU Quito;1;319227;Gualaceo SC;0;1;1;0;31766279;67.0;33.0;16;8;9;2;7.0;6.0;4;4;18;18;10;12;29;15;1.0;1.0;2.0;8.0;15;16
134976;Mushuc Runa SC;1;21942;CD Universidad Catolica del Ecuador;2;3;1;1;31766269;57.0;43.0;8;12;5;3;3.0;9.0;6;4;17;14;15;12;13;19;2.0;3.0;1.0;4.0;13;16
5255;CS Emelec;2;171976;Guayaquil City FC;2;4;1;1;31766301;55.0;45.0;11;5;5;4;6.0;1.0;4;1;8;11;4;11;16;11;2.0;2.0;2.0;2.0;10;7
6001;CSD Macara;1;403235;Orense SC;0;1;1;0;31766285;54.0;46.0;10;6;6;1;4.0;5.0;5;6;10;17;9;7;7;14;2.0;3.0;1.0;5.0;15;10
676869;9 de Octubre FC;1;5250;Barcelona SC;3;4;1;1;31766299;55.0;45.0;8;5;4;3;4.0;2.0;9;0;12;6;7;9;19;9;3.0;0.0;0.0;2.0;6;9
5250;Barcelona SC;1;21941;CD Tecnico Universitario;0;1;1;0;31766289;53.0;47.0;4;2;4;1;0.0;1.0;4;3;9;15;3;4;11;8;3.0;3.0;1.0;3.0;13;9
241468;Delfin SC;0;5250;Barcelona SC;1;1;1;0;31766281;44.0;56.0;6;8;3;6;3.0;2.0;3;3;14;13;6;4;16;36;3.0;4.0;5.0;3.0;13;14
676869;9 de Octubre FC;2;134976;Mushuc Runa SC;0;2;1;1;31766287;52.0;48.0;9;2;5;2;4.0;0.0;9;3;25;16;2;6;11;12;4.0;4.0;2.0;3.0;13;16
134976;Mushuc Runa SC;4;780238;Cumbaya FC;2;6;1;1;31766329;;;6;3;5;2;1.0;1.0;3;5;11;24;7;7;11;10;3.0;3.0;0.0;1.0;21;10
17;Manchester City;2;33;Tottenham Hotspur;3;5;1;1;27751564;73.0;27.0;13;6;4;5;9.0;1.0;10;0;10;6;3;14;20;11;0.0;3.0;2.0;2.0;5;7
6;Burnley FC;0;44;Liverpool FC;1;1;1;0;27751534;33.0;67.0;7;6;5;3;2.0;3.0;5;8;9;14;9;3;24;18;0.0;1.0;2.0;5.0;7;6
44;Liverpool FC;6;34;Leeds United;0;6;1;1;31935191;64.0;36.0;19;4;13;3;6.0;1.0;4;0;17;6;2;11;20;11;0.0;3.0;3.0;7.0;5;11
42;Arsenal FC;2;3;Wolverhampton Wanderers;1;3;1;1;31935193;55.0;45.0;16;6;7;1;9.0;5.0;5;4;11;10;7;14;21;14;1.0;1.0;0.0;4.0;8;9
34;Leeds United;0;33;Tottenham Hotspur;4;4;1;1;27751584;49.0;51.0;9;12;3;10;6.0;2.0;3;6;14;16;2;13;16;10;4.0;2.0;6.0;3.0;16;11
38;Chelsea FC;2;33;Tottenham Hotspur;0;2;1;1;27751496;66.0;34.0;12;3;6;3;6.0;0.0;10;3;15;17;5;9;19;21;2.0;1.0;3.0;4.0;17;14
24;Watford FC;1;7;Crystal Palace;4;5;1;1;31935189;46.0;54.0;5;7;1;5;4.0;2.0;6;4;10;14;6;7;22;18;2.0;1.0;1.0;0.0;12;9
7;Crystal Palace;0;38;Chelsea FC;1;1;1;0;27751558;41.0;59.0;5;7;0;4;5.0;3.0;4;4;23;5;7;8;18;29;1.0;3.0;2.0;0.0;4;20
33;Tottenham Hotspur;5;48;Everton FC;0;5;1;1;27751606;55.0;45.0;11;2;7;0;4.0;2.0;5;2;11;15;5;5;13;20;2.0;0.0;0.0;3.0;15;10
34;Leeds United;2;35;Manchester United;4;6;1;1;27751560;56.0;44.0;12;11;6;9;6.0;2.0;3;3;21;17;4;7;14;21;6.0;3.0;5.0;4.0;13;19
35;Manchester United;1;45;Southampton FC;1;2;1;1;27751542;51.0;49.0;8;12;7;4;1.0;8.0;1;4;14;19;9;8;22;20;4.0;0.0;1.0;5.0;12;13
45;Southampton FC;2;263;Norwich City;0;2;1;1;27751588;58.0;42.0;18;4;10;1;8.0;3.0;13;6;10;14;5;13;27;19;1.0;2.0;1.0;7.0;12;9
263;Norwich City;0;17;Manchester City;4;4;1;1;27751546;26.0;74.0;7;14;3;8;4.0;6.0;4;12;10;9;10;4;13;11;0.0;2.0;5.0;3.0;7;8
1648;RC Lens;1;1649;Olympique Lyon;1;2;1;1;27885168;39.0;61.0;9;6;4;2;5.0;4.0;4;4;12;12;6;7;15;29;0.0;2.0;1.0;4.0;8;10
1656;FC Lorient;1;1649;Olympique Lyon;4;5;1;1;27885212;35.0;65.0;15;10;6;7;9.0;3.0;8;3;14;10;7;13;21;10;1.0;0.0;3.0;5.0;9;13
1644;Paris Saint-Germain;3;1678;AS Saint-Etienne;1;4;1;1;27885200;70.0;30.0;20;9;11;6;9.0;3.0;8;3;15;15;7;8;23;17;2.0;1.0;5.0;8.0;9;14
1678;AS Saint-Etienne;2;1659;Strasbourg Alsace;2;4;1;1;27885184;51.0;49.0;7;8;4;4;3.0;4.0;3;4;10;12;7;4;22;27;3.0;2.0;2.0;2.0;11;6
1641;Olympique Marseille;0;1680;Clermont Foot 63;2;2;1;1;27885174;65.0;35.0;11;4;6;3;5.0;1.0;8;3;13;10;3;12;16;8;2.0;2.0;1.0;6.0;10;9
1647;FC Nantes;3;1644;Paris Saint-Germain;1;4;1;1;27885176;31.0;69.0;12;11;7;8;5.0;3.0;5;7;11;17;6;7;9;15;2.0;6.0;7.0;4.0;16;10
1680;Clermont Foot 63;1;1645;Girondins Bordeaux;1;2;1;1;27885190;54.0;46.0;6;5;2;3;4.0;2.0;6;6;16;5;3;5;25;23;1.0;2.0;2.0;1.0;4;15
1658;Stade Rennes;4;1652;ESTAC Troyes;1;5;1;1;27885182;70.0;30.0;12;4;8;2;4.0;2.0;6;7;15;14;5;9;21;15;1.0;4.0;1.0;5.0;11;14
6349;PAS Giannina;2;3252;Aris Thessaloniki;0;2;1;1;28623714;48.0;52.0;6;16;3;9;3.0;7.0;0;10;23;21;10;5;17;31;3.0;1.0;7.0;1.0;19;20
3251;PAOK Thessaloniki;1;5062;Atromitos Athinon;0;1;1;0;28623722;66.0;34.0;9;3;5;1;4.0;2.0;10;0;14;16;6;7;13;21;1.0;3.0;1.0;4.0;14;16
2672;Bayern Munich;5;3006;Benfica Lisbon;2;7;1;1;28933540;58.0;42.0;18;5;12;2;6.0;3.0;9;1;8;19;6;8;14;18;2.0;1.0;0.0;6.0;16;4
3006;Benfica Lisbon;0;2672;Bayern Munich;4;4;1;1;28933538;40.0;60.0;4;16;1;7;3.0;9.0;4;3;18;12;11;4;13;19;2.0;2.0;4.0;1.0;12;11
3006;Benfica Lisbon;2;3305;FC Dynamo Kiev;0;2;1;1;28933550;40.0;60.0;8;5;5;1;3.0;4.0;4;7;17;13;9;5;18;22;1.0;3.0;1.0;2.0;12;12
2817;FC Barcelona;0;3006;Benfica Lisbon;0;0;0;0;28933546;60.0;40.0;11;4;4;2;7.0;2.0;6;3;17;21;5;9;24;17;1.0;4.0;2.0;3.0;13;14
3305;FC Dynamo Kiev;0;3006;Benfica Lisbon;0;0;0;0;28933530;36.0;64.0;5;6;4;4;1.0;2.0;5;3;12;18;8;1;20;26;3.0;3.0;4.0;4.0;10;12
2692;AC Milan;2;2686;Atalanta BC;0;2;1;1;28160560;49.0;51.0;8;7;5;2;3.0;5.0;4;6;15;8;8;9;20;16;3.0;2.0;2.0;3.0;8;14
2697;Inter Milano;0;2793;Sassuolo Calcio;2;2;1;1;28160336;58.0;42.0;13;10;7;4;6.0;6.0;8;3;14;14;6;10;17;12;1.0;2.0;2.0;7.0;11;12
2710;US Salernitana;1;2685;Bologna FC;1;2;1;1;28160362;55.0;45.0;8;8;4;3;4.0;5.0;6;1;27;17;6;9;13;11;2.0;3.0;2.0;3.0;16;24
2686;Atalanta BC;1;2687;Juventus Turin;1;2;1;1;28160310;55.0;45.0;8;14;3;7;5.0;7.0;8;8;12;13;9;7;17;22;2.0;3.0;6.0;2.0;13;9
2719;Cagliari Calcio;1;2714;SSC Napoli;1;2;1;1;28160332;48.0;52.0;11;4;6;3;5.0;1.0;3;6;25;16;6;11;29;21;1.0;2.0;2.0;5.0;16;21
2686;Atalanta BC;4;2711;Sampdoria Genoa;0;4;1;1;28160350;59.0;41.0;15;3;9;1;6.0;2.0;8;1;10;20;4;8;15;18;1.0;2.0;1.0;5.0;15;9
2713;Genoa CFC;0;2697;Inter Milano;0;0;0;0;28160354;28.0;72.0;4;13;1;4;3.0;9.0;0;14;11;11;14;7;12;23;2.0;1.0;4.0;1.0;10;9
2705;Empoli FC;1;2719;Cagliari Calcio;1;2;1;1;28160312;47.0;53.0;9;8;6;4;3.0;4.0;6;4;13;18;8;6;20;19;1.0;2.0;4.0;5.0;16;12
3137;Yokohama Marinos;4;5127;Kawasaki Frontale;2;6;1;1;31767649;60.0;40.0;12;6;6;5;6.0;1.0;1;6;21;11;3;10;22;20;2.0;3.0;3.0;2.0;11;18
5127;Kawasaki Frontale;1;3147;FC Tokyo;0;1;1;0;31276195;46.0;54.0;6;11;4;7;2.0;4.0;5;12;17;17;5;5;22;18;2.0;3.0;7.0;3.0;14;15
3143;Avispa Fukuoka;0;3142;Hokkaido Consadole Sapporo;0;0;0;0;31767547;39.0;61.0;12;4;6;1;6.0;3.0;5;4;19;18;4;8;14;21;1.0;2.0;1.0;6.0;18;18
3138;Gamba Osaka;1;3134;Kashima Antlers;3;4;1;1;31276497;45.0;55.0;8;26;3;13;5.0;13.0;5;10;9;10;18;5;21;25;;;10.0;2.0;9;8
3145;Urawa Red Diamonds;0;3138;Gamba Osaka;1;1;1;0;31767537;68.0;32.0;11;5;4;3;7.0;2.0;4;2;16;17;5;13;16;18;2.0;0.0;2.0;4.0;17;16
3132;Jubilo Iwata;1;3138;Gamba Osaka;1;2;1;1;31767565;50.0;50.0;7;11;3;6;4.0;5.0;1;7;14;12;7;6;11;25;2.0;1.0;5.0;2.0;10;11
21904;Sagan Tosu;1;21905;Shonan Bellmare;1;2;1;1;31512855;51.0;49.0;8;7;1;2;7.0;5.0;4;5;13;16;10;9;19;25;0.0;1.0;1.0;0.0;16;11
3133;Shimizu S-Pulse;1;3141;Cerezo Osaka;3;4;1;1;31767563;48.0;52.0;11;8;7;2;4.0;6.0;3;3;8;15;12;10;22;28;1.0;1.0;0.0;6.0;13;8
3136;Nagoya Grampus;1;21904;Sagan Tosu;1;2;1;1;31767545;38.0;62.0;7;4;6;3;1.0;1.0;8;3;23;8;7;6;26;17;1.0;1.0;2.0;6.0;8;18
2958;Vitesse Arnhem;0;2960;Sparta Rotterdam;1;1;1;0;27647176;70.0;30.0;16;5;9;2;7.0;3.0;1;0;20;14;2;1;4;1;6.0;8.0;1.0;9.0;12;17
90968;Resistencia FC;2;322375;Guairena FC;2;4;1;1;32038587;44.0;56.0;6;11;3;5;3.0;6.0;5;5;12;7;10;8;14;20;2.0;4.0;3.0;1.0;6;8
5996;Libertad Asuncion;2;607728;Sportivo Ameliano;0;2;1;1;32038583;48.0;52.0;6;5;3;2;3.0;3.0;0;9;8;11;13;7;6;17;2.0;3.0;2.0;1.0;10;6
818704;Club General Caballero Jlm;1;33001;Nacional Asuncion;2;3;1;1;32038581;44.0;56.0;8;8;4;6;4.0;2.0;4;3;7;17;9;8;17;21;4.0;1.0;4.0;3.0;13;7
2312;Sport Boys Association;0;2311;Alianza Lima;0;0;0;0;31786805;46.0;54.0;1;6;0;2;1.0;4.0;2;8;22;18;9;2;23;23;5.0;1.0;2.0;0.0;16;17
2308;FBC Melgar;1;330527;Carlos Mannucci;0;1;1;0;31789133;61.0;39.0;14;7;6;4;8.0;3.0;6;1;12;17;6;15;24;29;3.0;3.0;4.0;5.0;16;10
330527;Carlos Mannucci;0;33895;Sport Huancayo;1;1;1;0;31786843;;;5;12;2;4;3.0;8.0;2;3;13;14;12;10;24;28;4.0;1.0;3.0;2.0;12;11
2305;Universitario de Deportes;3;5281;CD Universidad Cesar Vallejo;0;3;1;1;31786849;39.0;61.0;8;5;6;0;2.0;5.0;5;6;16;11;8;4;20;19;0.0;2.0;0.0;3.0;10;15
312410;AD Cantolao;1;2307;Alianza Atletico;3;4;1;1;31786835;55.0;45.0;9;7;5;5;4.0;2.0;13;5;19;10;3;7;27;17;1.0;5.0;2.0;4.0;8;18
7031;Deportivo Municipal;1;407335;Em Deportivo Binacional;0;1;1;0;31786827;62.0;38.0;13;5;3;1;10.0;4.0;6;3;24;18;5;13;16;11;2.0;5.0;1.0;2.0;16;19
7922;KS Warta Poznan;1;3121;KKS Lech Poznan;2;3;1;1;27824500;36.0;64.0;8;10;4;3;4.0;7.0;0;4;8;15;13;7;19;23;2.0;2.0;1.0;3.0;15;7
3121;KKS Lech Poznan;3;38732;FKS Stal Mielec;1;4;1;1;27824432;63.0;37.0;14;6;5;2;9.0;4.0;10;7;12;16;6;14;19;13;1.0;1.0;1.0;3.0;12;9
3121;KKS Lech Poznan;3;3125;Gornik Leczna;0;3;1;1;27824458;68.0;32.0;27;10;14;4;13.0;6.0;16;5;10;13;10;19;13;11;3.0;0.0;4.0;11.0;12;9
3122;Wisla Plock;0;3121;KKS Lech Poznan;1;1;1;0;27824426;44.0;56.0;1;17;0;7;1.0;10.0;3;9;12;9;12;3;9;16;3.0;2.0;6.0;0.0;8;12
3108;WKS Slask Wroclaw;0;3121;KKS Lech Poznan;1;1;1;0;27824392;42.0;58.0;5;5;1;3;4.0;2.0;4;3;15;12;6;5;27;23;2.0;0.0;2.0;2.0;9;13
3117;MKS Pogon Szczecin;0;3121;KKS Lech Poznan;3;3;1;1;27824312;41.0;59.0;3;5;1;4;2.0;1.0;2;2;15;16;5;6;23;28;3.0;4.0;1.0;1.0;16;13
3121;KKS Lech Poznan;0;35268;RKS Rakow Czestochowa;1;1;1;0;27824328;55.0;45.0;11;3;2;2;9.0;1.0;5;1;18;19;1;10;19;17;2.0;4.0;1.0;2.0;19;16
3121;KKS Lech Poznan;5;36851;Bruk-Bet Termalica Nieciecza;0;5;1;1;27824272;68.0;32.0;15;6;10;1;5.0;5.0;10;4;17;12;7;9;27;14;1.0;1.0;1.0;5.0;8;16
36851;Bruk-Bet Termalica Nieciecza;0;7918;GKS Piast Gliwice;1;1;1;0;27824484;56.0;44.0;12;7;4;4;8.0;3.0;4;7;16;20;4;11;26;18;2.0;0.0;3.0;4.0;17;15
7922;KS Warta Poznan;2;7918;GKS Piast Gliwice;3;5;1;1;27824464;45.0;55.0;6;3;3;1;3.0;2.0;4;4;17;14;4;3;25;23;3.0;2.0;0.0;1.0;13;15
7918;GKS Piast Gliwice;2;7691;Jagiellonia Bialystok;1;3;1;1;27824436;45.0;55.0;10;10;5;8;5.0;2.0;3;9;20;12;8;8;15;17;0.0;3.0;7.0;3.0;8;18
3106;Legia Warszawa;0;7918;GKS Piast Gliwice;1;1;1;0;27824420;60.0;40.0;8;8;1;4;7.0;4.0;6;5;14;17;8;13;26;18;2.0;3.0;3.0;1.0;17;13
3111;Wisla Krakow;2;7918;GKS Piast Gliwice;2;4;1;1;27824388;55.0;45.0;13;11;4;6;9.0;5.0;5;4;11;10;7;13;25;20;1.0;2.0;4.0;2.0;10;9
4901;MKS Cracovia Krakow;0;7918;GKS Piast Gliwice;1;1;1;0;27824358;53.0;47.0;8;10;2;2;6.0;8.0;7;4;18;16;11;12;24;22;1.0;1.0;1.0;3.0;13;16
3113;KGHM Zaglebie Lubin;0;7918;GKS Piast Gliwice;0;0;0;0;27824326;50.0;50.0;7;5;3;2;4.0;3.0;3;7;9;15;7;5;27;22;1.0;1.0;2.0;3.0;15;6
7918;GKS Piast Gliwice;1;7913;KS Lechia Gdansk;0;1;1;0;27824346;53.0;47.0;9;6;6;5;3.0;1.0;9;3;15;13;7;8;18;24;1.0;3.0;5.0;5.0;12;14
7918;GKS Piast Gliwice;0;3110;KS Gornik Zabrze;0;0;0;0;27824310;58.0;42.0;6;2;2;0;4.0;2.0;4;4;18;18;7;9;28;23;1.0;1.0;0.0;2.0;13;16
3113;KGHM Zaglebie Lubin;2;7913;KS Lechia Gdansk;2;4;1;1;27824456;59.0;41.0;15;2;8;1;7.0;1.0;8;1;15;18;3;13;22;18;1.0;2.0;0.0;6.0;13;13
3106;Legia Warszawa;2;7913;KS Lechia Gdansk;1;3;1;1;27824380;54.0;46.0;12;10;9;4;3.0;6.0;4;9;8;18;8;5;29;19;3.0;2.0;3.0;7.0;14;8
7295;RKS Radomiak Radom;2;7913;KS Lechia Gdansk;0;2;1;1;27824316;46.0;54.0;8;8;6;2;2.0;6.0;1;6;12;21;13;3;16;32;1.0;0.0;2.0;4.0;16;11
4901;MKS Cracovia Krakow;2;7913;KS Lechia Gdansk;0;2;1;1;27824268;53.0;47.0;10;6;4;1;6.0;5.0;11;5;14;26;10;7;30;18;0.0;2.0;1.0;2.0;22;14
7913;KS Lechia Gdansk;2;3125;Gornik Leczna;0;2;1;1;27824366;61.0;39.0;16;6;9;4;7.0;2.0;3;11;18;17;9;7;15;10;2.0;1.0;4.0;7.0;14;13
7913;KS Lechia Gdansk;1;3111;Wisla Krakow;1;2;1;1;27824330;66.0;34.0;7;9;3;5;4.0;4.0;9;4;14;15;5;6;18;24;3.0;1.0;4.0;2.0;13;10
35268;RKS Rakow Czestochowa;1;4901;MKS Cracovia Krakow;1;2;1;1;27824476;50.0;50.0;12;6;4;1;8.0;5.0;7;6;12;11;7;17;26;21;3.0;3.0;0.0;3.0;8;12
35268;RKS Rakow Czestochowa;2;3125;Gornik Leczna;1;3;1;1;27824442;60.0;40.0;13;4;6;4;7.0;0.0;11;2;22;17;4;9;21;10;4.0;3.0;3.0;4.0;17;21
3117;MKS Pogon Szczecin;1;35268;RKS Rakow Czestochowa;2;3;1;1;27824460;50.0;50.0;13;5;7;5;6.0;0.0;4;7;16;14;7;9;21;13;1.0;3.0;5.0;8.0;11;14
36851;Bruk-Bet Termalica Nieciecza;0;35268;RKS Rakow Czestochowa;3;3;1;1;27824412;55.0;45.0;4;9;1;4;3.0;5.0;6;8;15;10;12;9;11;16;1.0;1.0;1.0;1.0;10;14
35268;RKS Rakow Czestochowa;1;3108;WKS Slask Wroclaw;1;2;1;1;27824406;55.0;45.0;9;12;3;7;6.0;3.0;9;6;23;12;5;12;19;18;3.0;6.0;7.0;2.0;11;20
7922;KS Warta Poznan;0;35268;RKS Rakow Czestochowa;2;2;1;1;27824386;44.0;56.0;5;10;1;5;4.0;5.0;4;7;11;20;13;6;25;22;2.0;0.0;4.0;1.0;19;11
3110;KS Gornik Zabrze;1;35268;RKS Rakow Czestochowa;1;2;1;1;27824288;44.0;56.0;7;10;4;6;3.0;4.0;5;7;9;17;11;7;25;31;1.0;1.0;5.0;3.0;16;7
35268;RKS Rakow Czestochowa;2;38732;FKS Stal Mielec;1;3;1;1;27824350;55.0;45.0;12;3;6;2;6.0;1.0;9;2;10;19;1;11;21;23;2.0;1.0;1.0;4.0;11;9
35268;RKS Rakow Czestochowa;2;3122;Wisla Plock;0;2;1;1;27824318;55.0;45.0;8;5;5;1;3.0;4.0;4;4;16;21;7;8;18;19;3.0;3.0;1.0;4.0;21;15
4901;MKS Cracovia Krakow;3;3122;Wisla Plock;0;3;1;1;27824486;53.0;47.0;17;3;6;0;11.0;3.0;7;5;10;12;9;19;22;23;1.0;1.0;0.0;3.0;11;9
4901;MKS Cracovia Krakow;0;3111;Wisla Krakow;0;0;0;0;27824450;52.0;48.0;8;9;1;3;7.0;6.0;4;4;14;15;11;17;21;24;2.0;1.0;3.0;1.0;13;14
7295;RKS Radomiak Radom;0;4901;MKS Cracovia Krakow;1;1;1;0;27824440;56.0;44.0;8;2;1;2;7.0;0.0;5;3;21;17;4;9;31;20;4.0;2.0;1.0;1.0;17;19
4901;MKS Cracovia Krakow;1;3113;KGHM Zaglebie Lubin;0;1;1;0;27824414;45.0;55.0;7;3;4;2;3.0;1.0;5;8;17;11;11;6;11;21;3.0;3.0;2.0;3.0;10;16
7922;KS Warta Poznan;1;4901;MKS Cracovia Krakow;0;1;1;0;27824408;51.0;49.0;6;4;2;1;4.0;3.0;4;4;17;21;5;9;24;27;4.0;0.0;1.0;1.0;15;16
4901;MKS Cracovia Krakow;1;36851;Bruk-Bet Termalica Nieciecza;2;3;1;1;27824304;56.0;44.0;11;5;4;2;7.0;3.0;5;3;16;22;8;12;22;14;1.0;4.0;0.0;3.0;20;16
3113;KGHM Zaglebie Lubin;2;3110;KS Gornik Zabrze;4;6;1;1;27824430;56.0;44.0;11;9;4;6;7.0;3.0;9;5;8;13;4;14;31;29;1.0;2.0;2.0;2.0;12;8
3113;KGHM Zaglebie Lubin;3;38732;FKS Stal Mielec;1;4;1;1;27824394;51.0;49.0;15;11;9;4;6.0;7.0;4;6;15;21;8;12;29;19;2.0;3.0;3.0;7.0;20;12
36851;Bruk-Bet Termalica Nieciecza;0;3113;KGHM Zaglebie Lubin;2;2;1;1;27824340;52.0;48.0;9;9;6;3;3.0;6.0;6;5;16;22;12;7;23;18;4.0;3.0;1.0;6.0;17;15
3108;WKS Slask Wroclaw;0;3113;KGHM Zaglebie Lubin;0;0;0;0;27824320;52.0;48.0;13;8;5;2;8.0;6.0;8;4;18;7;9;9;26;26;0.0;1.0;2.0;5.0;7;14
3117;MKS Pogon Szczecin;2;3113;KGHM Zaglebie Lubin;1;3;1;1;27824276;53.0;47.0;15;6;8;2;7.0;4.0;7;4;16;12;9;15;26;21;1.0;3.0;5.0;6.0;12;11
3113;KGHM Zaglebie Lubin;0;7922;KS Warta Poznan;4;4;1;1;27824362;62.0;38.0;9;11;1;5;8.0;6.0;3;3;16;18;9;12;26;26;2.0;2.0;1.0;1.0;17;15
3122;Wisla Plock;0;7922;KS Warta Poznan;3;3;1;1;27824480;46.0;54.0;5;11;1;7;4.0;4.0;2;3;21;15;9;5;20;19;1.0;2.0;4.0;1.0;13;20
38732;FKS Stal Mielec;0;7922;KS Warta Poznan;1;1;1;0;27824424;55.0;45.0;7;5;2;3;5.0;2.0;4;0;29;24;10;9;26;18;3.0;2.0;2.0;2.0;21;24
36851;Bruk-Bet Termalica Nieciecza;1;7922;KS Warta Poznan;0;1;1;0;27824322;48.0;52.0;7;7;3;5;4.0;2.0;5;4;17;14;9;7;17;17;2.0;1.0;5.0;2.0;13;14
7922;KS Warta Poznan;2;3110;KS Gornik Zabrze;1;3;1;1;27824352;43.0;57.0;12;2;10;2;2.0;0.0;7;3;12;11;2;4;15;38;0.0;3.0;1.0;8.0;10;11
7922;KS Warta Poznan;3;7295;RKS Radomiak Radom;1;4;1;1;27824298;52.0;48.0;11;9;6;4;5.0;5.0;5;3;14;23;6;8;19;19;1.0;2.0;3.0;3.0;19;13
3108;WKS Slask Wroclaw;1;3117;MKS Pogon Szczecin;1;2;1;1;27824482;40.0;60.0;10;11;5;10;5.0;1.0;1;7;10;10;4;8;21;21;2.0;0.0;9.0;4.0;8;9
7691;Jagiellonia Bialystok;1;3117;MKS Pogon Szczecin;2;3;1;1;27824418;45.0;55.0;4;10;1;7;3.0;3.0;3;12;17;19;8;5;19;19;6.0;2.0;4.0;0.0;16;14
3117;MKS Pogon Szczecin;1;3122;Wisla Plock;2;3;1;1;27824402;57.0;43.0;12;6;8;5;4.0;1.0;11;5;10;11;4;12;24;13;1.0;2.0;4.0;10.0;10;9
3125;Gornik Leczna;0;3117;MKS Pogon Szczecin;4;4;1;1;27824382;46.0;54.0;4;11;2;6;2.0;5.0;0;5;9;14;10;5;18;13;2.0;1.0;2.0;2.0;12;5
38732;FKS Stal Mielec;0;3117;MKS Pogon Szczecin;1;1;1;0;27824296;40.0;60.0;5;12;3;7;2.0;5.0;3;10;13;9;9;5;17;15;1.0;2.0;6.0;3.0;9;10
3117;MKS Pogon Szczecin;4;3111;Wisla Krakow;1;5;1;1;27824368;56.0;44.0;9;6;6;2;3.0;4.0;10;3;15;13;8;6;24;21;2.0;1.0;1.0;5.0;11;12
3117;MKS Pogon Szczecin;4;7295;RKS Radomiak Radom;0;4;1;1;27824334;63.0;37.0;11;1;7;0;4.0;1.0;6;4;9;11;5;7;17;21;1.0;2.0;2.0;3.0;11;9
36851;Bruk-Bet Termalica Nieciecza;1;3122;Wisla Plock;0;1;1;0;27824448;41.0;59.0;7;8;5;3;2.0;5.0;7;9;9;15;5;6;26;28;2.0;1.0;3.0;4.0;15;7
3106;Legia Warszawa;4;36851;Bruk-Bet Termalica Nieciecza;1;5;1;1;31864017;58.0;42.0;12;4;8;1;4.0;3.0;6;5;15;20;6;6;17;16;2.0;1.0;0.0;4.0;19;15
3110;KS Gornik Zabrze;4;3125;Gornik Leczna;2;6;1;1;27824488;69.0;31.0;7;5;5;3;2.0;2.0;4;3;17;12;3;9;15;20;3.0;3.0;1.0;1.0;10;14
3106;Legia Warszawa;5;3110;KS Gornik Zabrze;3;8;1;1;27824468;51.0;49.0;11;6;6;3;5.0;3.0;3;5;16;14;6;8;29;27;1.0;2.0;0.0;1.0;12;14
3110;KS Gornik Zabrze;0;7295;RKS Radomiak Radom;0;0;0;0;27824452;45.0;55.0;9;5;7;1;2.0;4.0;5;3;15;14;6;4;18;14;2.0;5.0;1.0;7.0;13;13
3111;Wisla Krakow;4;3110;KS Gornik Zabrze;1;5;1;1;27824410;50.0;50.0;8;9;7;4;1.0;5.0;5;8;14;19;10;8;26;18;3.0;1.0;3.0;6.0;18;12
3122;Wisla Plock;3;3110;KS Gornik Zabrze;2;5;1;1;27824390;45.0;55.0;5;18;4;10;1.0;8.0;3;13;11;20;12;5;28;29;4.0;3.0;8.0;2.0;18;9
7295;RKS Radomiak Radom;4;3111;Wisla Krakow;2;6;1;1;27824496;56.0;44.0;10;7;6;2;4.0;5.0;4;5;13;19;8;9;20;30;2.0;0.0;0.0;2.0;16;12
3111;Wisla Krakow;0;7691;Jagiellonia Bialystok;0;0;0;0;27824478;66.0;34.0;6;6;2;2;4.0;4.0;6;3;19;14;10;9;23;22;0.0;3.0;2.0;2.0;12;15
3111;Wisla Krakow;3;3122;Wisla Plock;4;7;1;1;27824444;40.0;60.0;12;6;6;5;6.0;1.0;3;0;14;18;4;15;15;21;4.0;1.0;1.0;3.0;17;12
3111;Wisla Krakow;0;3125;Gornik Leczna;0;0;0;0;27824300;53.0;47.0;9;0;3;0;6.0;0.0;10;7;10;14;7;8;17;23;1.0;1.0;0.0;3.0;12;9
3122;Wisla Plock;1;3108;WKS Slask Wroclaw;2;3;1;1;27824374;54.0;46.0;9;9;3;7;6.0;2.0;3;3;18;19;6;8;29;22;5.0;6.0;5.0;2.0;15;17
3122;Wisla Plock;0;7918;GKS Piast Gliwice;2;2;1;1;27824284;47.0;53.0;8;9;5;5;3.0;4.0;7;6;20;13;8;8;24;18;3.0;2.0;3.0;5.0;12;20
7691;Jagiellonia Bialystok;2;3106;Legia Warszawa;2;4;1;1;27824490;45.0;55.0;12;9;6;5;6.0;4.0;7;4;12;8;7;7;19;16;2.0;4.0;4.0;4.0;7;12
38732;FKS Stal Mielec;2;3106;Legia Warszawa;1;3;1;1;27824462;40.0;60.0;5;5;4;5;1.0;0.0;5;2;18;12;5;3;26;34;2.0;5.0;4.0;2.0;11;13
3125;Gornik Leczna;0;3106;Legia Warszawa;1;1;1;0;27824348;45.0;55.0;4;9;2;4;2.0;5.0;4;7;15;17;14;3;16;17;2.0;2.0;3.0;2.0;15;14
3106;Legia Warszawa;1;3108;WKS Slask Wroclaw;0;1;1;0;27824332;56.0;44.0;11;3;2;1;9.0;2.0;4;3;21;20;7;11;19;28;2.0;0.0;1.0;1.0;19;17
3108;WKS Slask Wroclaw;0;7295;RKS Radomiak Radom;0;0;0;0;27824356;52.0;48.0;7;6;3;3;4.0;3.0;7;5;11;17;9;8;25;24;0.0;2.0;3.0;3.0;16;11
3125;Gornik Leczna;1;7295;RKS Radomiak Radom;0;1;1;0;27824422;51.0;49.0;8;10;4;2;4.0;8.0;4;6;12;14;11;6;26;15;0.0;1.0;2.0;3.0;13;11
7295;RKS Radomiak Radom;2;7691;Jagiellonia Bialystok;2;4;1;1;27824404;52.0;48.0;5;12;4;5;1.0;7.0;2;7;15;12;9;4;26;30;0.0;2.0;3.0;2.0;10;15
7295;RKS Radomiak Radom;1;38732;FKS Stal Mielec;1;2;1;1;27824370;56.0;44.0;7;10;3;5;4.0;5.0;7;1;14;16;5;10;30;14;0.0;5.0;4.0;2.0;14;13
3110;KS Gornik Zabrze;1;7691;Jagiellonia Bialystok;2;3;1;1;27824270;55.0;45.0;12;5;6;4;6.0;1.0;7;6;25;11;4;8;25;20;1.0;1.0;2.0;5.0;9;21
3125;Gornik Leczna;2;38732;FKS Stal Mielec;0;2;1;1;27824314;51.0;49.0;7;11;4;2;3.0;9.0;1;8;15;19;12;5;15;18;3.0;1.0;2.0;2.0;18;13
3001;Sporting Lisbon;0;3006;Benfica Lisbon;2;2;1;1;28077556;62.0;38.0;13;7;4;3;9.0;4.0;7;5;17;10;10;12;20;17;2.0;4.0;3.0;7.0;10;13
3003;FC Pacos Ferreira;0;3006;Benfica Lisbon;2;2;1;1;28077628;51.0;49.0;10;11;5;8;5.0;3.0;6;4;23;16;5;10;22;13;1.0;1.0;6.0;5.0;11;23
3006;Benfica Lisbon;0;49531;FC Famalicao;0;0;0;0;28077584;67.0;33.0;14;1;4;0;10.0;1.0;8;5;11;18;3;16;37;15;3.0;4.0;0.0;4.0;18;10
3026;Portimonense SC;1;3006;Benfica Lisbon;2;3;1;1;28077468;45.0;55.0;5;9;1;3;4.0;6.0;2;8;14;18;9;9;17;24;5.0;3.0;1.0;0.0;18;14
2995;Boavista Porto;2;3006;Benfica Lisbon;2;4;1;1;28077432;50.0;50.0;11;5;4;1;7.0;4.0;9;4;19;15;4;8;21;22;5.0;4.0;2.0;2.0;15;14
3006;Benfica Lisbon;2;4500;Estoril Praia;1;3;1;1;28077516;51.0;49.0;13;7;5;2;8.0;5.0;7;4;16;13;8;12;18;17;1.0;2.0;1.0;3.0;13;12
3006;Benfica Lisbon;3;3009;Vitoria Guimarares;0;3;1;1;28077454;56.0;44.0;6;11;5;6;1.0;5.0;5;9;14;16;10;4;25;16;1.0;2.0;6.0;2.0;11;14
2321;FK Zenit Saint Petersburg;2;2326;FK Rostov;2;4;1;1;27752516;67.0;33.0;11;3;3;2;8.0;1.0;6;2;15;14;4;16;26;11;5.0;5.0;0.0;1.0;11;15
2322;PFK Krylia Sovetov Samara;2;2333;FK Rubin Kazan;0;2;1;1;27752536;48.0;52.0;18;7;9;3;9.0;4.0;4;1;9;10;9;10;15;8;0.0;1.0;3.0;7.0;9;9
2326;FK Rostov;1;7529;FK Ural Yekaterinburg;4;5;1;1;27752532;62.0;38.0;11;6;8;6;3.0;0.0;11;1;8;9;2;13;18;19;4.0;2.0;2.0;7.0;8;6
35301;PFK Arsenal Tula;3;2320;Lokomotiv Moscow;1;4;1;1;27752506;45.0;55.0;9;5;7;1;2.0;4.0;6;6;12;16;12;5;26;24;3.0;3.0;0.0;4.0;15;12
2320;Lokomotiv Moscow;2;74241;FK Ufa;0;2;1;1;27752542;59.0;41.0;9;8;7;5;2.0;3.0;4;4;16;15;6;7;20;27;3.0;2.0;5.0;5.0;14;14
2325;CSKA Moscow;2;35301;PFK Arsenal Tula;0;2;1;1;27752538;58.0;42.0;8;4;5;2;3.0;2.0;3;2;16;21;5;6;30;24;2.0;2.0;2.0;3.0;20;16
2333;FK Rubin Kazan;2;2315;FK Dinamo Moscow;3;5;1;1;27752504;54.0;46.0;6;14;4;9;2.0;5.0;3;12;9;9;10;3;20;25;3.0;3.0;6.0;2.0;8;7
212844;FK Nizhny Novgorod;2;2333;FK Rubin Kazan;1;3;1;1;27752528;30.0;70.0;8;14;4;7;4.0;7.0;2;7;7;8;13;6;19;22;1.0;3.0;6.0;2.0;7;7
2352;Celtic Glasgow;1;2351;Glasgow Rangers;1;2;1;1;33160035;50.0;50.0;7;13;1;5;6.0;8.0;2;7;13;18;10;8;35;36;3.0;4.0;4.0;0.0;13;9
2359;St Mirren FC;0;2351;Glasgow Rangers;4;4;1;1;27730346;29.0;71.0;7;15;4;6;3.0;9.0;4;5;3;11;13;6;13;33;1.0;0.0;2.0;4.0;9;3
2351;Glasgow Rangers;1;2352;Celtic Glasgow;2;3;1;1;27730330;60.0;40.0;11;8;8;3;3.0;5.0;4;4;12;14;7;6;34;17;1.0;4.0;1.0;6.0;8;12
2352;Celtic Glasgow;6;2346;Motherwell FC;0;6;1;1;33160049;65.0;35.0;14;3;9;0;5.0;3.0;15;3;6;17;5;11;11;13;0.0;1.0;0.0;3.0;15;5
2349;Dundee United;1;2352;Celtic Glasgow;1;2;1;1;33160043;30.0;70.0;6;9;2;3;4.0;6.0;1;9;12;9;21;8;21;22;0.0;1.0;2.0;1.0;3;11
2352;Celtic Glasgow;4;2353;Heart of Midlothian FC;1;5;1;1;33160037;64.0;36.0;15;4;11;3;4.0;1.0;3;3;9;22;1;8;28;23;0.0;2.0;2.0;7.0;17;8
2365;Ross County FC;0;2352;Celtic Glasgow;2;2;1;1;33160027;30.0;70.0;4;16;2;5;2.0;11.0;2;11;13;19;16;5;20;32;2.0;0.0;3.0;2.0;12;10
2356;Livingston FC;1;2352;Celtic Glasgow;3;4;1;1;27730304;28.0;72.0;5;13;3;6;2.0;7.0;5;8;15;21;10;4;20;22;3.0;1.0;4.0;2.0;14;13
2355;Aberdeen FC;2;2352;Celtic Glasgow;3;5;1;1;27730252;42.0;58.0;7;8;4;6;3.0;2.0;1;3;22;13;9;7;25;30;2.0;1.0;3.0;2.0;10;18
2349;Dundee United;1;2351;Glasgow Rangers;1;2;1;1;27730266;30.0;70.0;3;8;2;2;1.0;6.0;6;10;7;12;16;9;13;38;3.0;1.0;1.0;1.0;11;4
2398;AS Trencin;3;77981;FK Pohronie Ziar Nad Hronom Dolna Zdana;0;3;1;1;27663946;69.0;31.0;15;2;7;0;8.0;2.0;7;1;8;11;6;17;28;23;1.0;3.0;0.0;4.0;10;6
2404;Slovan Bratislava;5;36333;FK Senica;0;5;1;1;27663944;56.0;44.0;20;3;13;3;7.0;0.0;9;4;8;17;3;12;32;18;1.0;0.0;3.0;8.0;14;7
2406;FC Spartak Trnava;1;23833;DAC 1904 Dunajska Streda;1;2;1;1;27663940;54.0;46.0;15;5;5;1;10.0;4.0;6;4;17;14;7;14;27;16;0.0;1.0;0.0;4.0;11;15
7084;FC Vion Zlate Moravce - Vrable;0;7885;MFK Zemplin Michalovce;1;1;1;0;27663928;55.0;45.0;5;6;2;4;3.0;2.0;8;2;13;21;9;6;29;27;2.0;2.0;3.0;2.0;17;12
77981;FK Pohronie Ziar Nad Hronom Dolna Zdana;2;25488;MFK Tatran Liptovsky Mikulas;2;4;1;1;27663930;46.0;54.0;12;9;8;5;4.0;4.0;9;8;14;11;8;9;28;38;0.0;1.0;3.0;7.0;9;10
7885;MFK Zemplin Michalovce;0;36891;SKF Sered;1;1;1;0;27663938;70.0;30.0;14;6;5;3;9.0;3.0;11;3;19;7;8;10;33;34;4.0;1.0;2.0;5.0;7;18
7655;AmaZulu FC;0;760704;Sekhukhune United;0;0;0;0;28619766;59.0;41.0;8;2;2;2;6.0;0.0;11;3;14;8;2;12;31;21;1.0;2.0;2.0;2.0;8;12
7659;Royal AM FC;0;7655;AmaZulu FC;0;0;0;0;28619746;42.0;58.0;4;2;1;0;3.0;2.0;6;3;12;13;6;8;24;22;1.0;1.0;0.0;1.0;11;11
7655;AmaZulu FC;0;475016;TS Galaxy FC;0;0;0;0;28619622;51.0;49.0;9;5;2;1;7.0;4.0;5;1;15;19;6;16;17;13;3.0;3.0;1.0;2.0;19;12
7655;AmaZulu FC;2;70946;Chippa United FC;2;4;1;1;28619574;64.0;36.0;13;9;7;4;6.0;5.0;15;3;19;18;9;14;16;14;1.0;1.0;2.0;5.0;18;17
7665;Mamelodi Sundowns;0;43555;Stellenbosch FC;3;3;1;1;28619788;53.0;47.0;15;4;6;3;9.0;1.0;4;1;11;7;4;19;17;19;2.0;1.0;0.0;2.0;6;10
760704;Sekhukhune United;0;7665;Mamelodi Sundowns;2;2;1;1;28619748;38.0;62.0;4;11;2;4;2.0;7.0;1;4;15;15;13;9;27;21;2.0;1.0;2.0;2.0;11;13
7665;Mamelodi Sundowns;0;276679;Cape Town City FC;0;0;0;0;28619744;53.0;47.0;8;4;2;0;6.0;4.0;4;1;18;22;9;9;27;15;1.0;2.0;0.0;2.0;20;16
7667;Swallows FC;2;7665;Mamelodi Sundowns;4;6;1;1;28619712;30.0;70.0;10;8;4;5;6.0;3.0;6;4;17;12;8;13;16;15;1.0;2.0;1.0;2.0;11;15
7666;Maritzburg United;2;7665;Mamelodi Sundowns;1;3;1;1;28619658;36.0;64.0;4;14;3;5;1.0;9.0;4;5;7;12;9;4;20;32;0.0;2.0;4.0;1.0;11;7
475016;TS Galaxy FC;0;7665;Mamelodi Sundowns;3;3;1;1;28619648;;;3;8;1;6;2.0;2.0;2;2;23;11;6;3;17;16;1.0;1.0;3.0;1.0;11;22
7665;Mamelodi Sundowns;1;367886;Marumo Gallants FC;1;2;1;1;28619612;60.0;40.0;7;8;5;3;2.0;5.0;4;4;12;15;10;11;21;9;1.0;1.0;2.0;4.0;12;10
43555;Stellenbosch FC;1;7663;Kaizer Chiefs;0;1;1;0;28619736;42.0;58.0;3;6;2;3;1.0;3.0;3;3;12;12;10;4;26;35;1.0;1.0;3.0;1.0;10;8
70946;Chippa United FC;1;43555;Stellenbosch FC;0;1;1;0;28619730;47.0;53.0;3;5;2;4;1.0;1.0;5;4;16;14;7;3;27;20;1.0;3.0;4.0;1.0;12;15
367886;Marumo Gallants FC;1;43555;Stellenbosch FC;0;1;1;0;28619666;38.0;62.0;5;4;2;3;3.0;1.0;1;6;17;16;6;4;12;19;4.0;1.0;3.0;1.0;13;16
43555;Stellenbosch FC;2;7659;Royal AM FC;2;4;1;1;32565709;;;9;6;5;5;4.0;1.0;7;1;8;13;4;14;21;17;1.0;2.0;3.0;3.0;12;7
7668;Orlando Pirates FC;0;276679;Cape Town City FC;0;0;0;0;28619650;50.0;50.0;12;3;6;2;6.0;1.0;8;2;10;13;9;13;17;19;3.0;2.0;2.0;6.0;10;10
7666;Maritzburg United;1;7659;Royal AM FC;0;1;1;0;28619762;44.0;56.0;10;9;5;3;5.0;6.0;4;5;10;21;13;10;28;36;3.0;4.0;2.0;3.0;19;10
7671;Supersport United;0;7659;Royal AM FC;2;2;1;1;28619646;57.0;43.0;9;3;3;3;6.0;0.0;8;1;12;15;1;11;24;11;0.0;1.0;1.0;3.0;14;8
7659;Royal AM FC;1;760704;Sekhukhune United;0;1;1;0;28619616;48.0;52.0;6;4;3;1;3.0;3.0;3;7;12;18;9;6;22;15;1.0;2.0;0.0;2.0;16;11
7659;Royal AM FC;1;7663;Kaizer Chiefs;0;1;1;0;28619592;36.0;64.0;6;8;2;1;4.0;7.0;4;4;21;14;10;10;16;31;2.0;3.0;1.0;1.0;13;12
475016;TS Galaxy FC;1;7668;Orlando Pirates FC;0;1;1;0;28619750;41.0;59.0;6;16;3;4;3.0;12.0;0;12;15;12;19;4;18;21;1.0;0.0;4.0;2.0;9;13
7663;Kaizer Chiefs;0;475016;TS Galaxy FC;0;0;0;0;28619700;55.0;45.0;10;6;4;2;6.0;4.0;4;2;21;18;12;6;23;30;4.0;3.0;2.0;4.0;16;15
475016;TS Galaxy FC;1;7671;Supersport United;1;2;1;1;28619680;54.0;46.0;12;4;4;3;8.0;1.0;5;6;15;7;3;12;16;14;1.0;1.0;2.0;3.0;5;14
7668;Orlando Pirates FC;0;70946;Chippa United FC;0;0;0;0;28619742;56.0;44.0;15;5;5;2;10.0;3.0;8;0;10;13;5;21;39;12;1.0;1.0;2.0;5.0;12;10
70946;Chippa United FC;2;367886;Marumo Gallants FC;3;5;1;1;28619652;32.0;68.0;7;9;2;4;5.0;5.0;4;4;11;17;8;8;21;19;1.0;1.0;1.0;0.0;14;10
760704;Sekhukhune United;0;7668;Orlando Pirates FC;1;1;1;0;28619706;39.0;61.0;6;3;1;1;5.0;2.0;3;5;6;16;9;9;23;24;2.0;3.0;1.0;1.0;13;3
7668;Orlando Pirates FC;3;7671;Supersport United;2;5;1;1;28619676;39.0;61.0;9;8;4;4;5.0;4.0;1;7;13;9;7;11;25;21;4.0;2.0;2.0;1.0;8;13
7668;Orlando Pirates FC;1;7663;Kaizer Chiefs;2;3;1;1;28619656;67.0;33.0;9;8;3;5;6.0;3.0;6;3;14;14;7;11;26;17;2.0;2.0;3.0;2.0;9;11
7655;AmaZulu FC;1;7668;Orlando Pirates FC;1;2;1;1;28619554;44.0;56.0;7;11;2;5;5.0;6.0;5;7;9;11;12;8;23;18;1.0;1.0;4.0;1.0;10;8
7668;Orlando Pirates FC;0;7664;Lamontville Golden Arrows;0;0;0;0;28619624;57.0;43.0;6;3;2;0;4.0;3.0;6;1;15;18;17;8;21;18;1.0;2.0;0.0;2.0;17;15
7671;Supersport United;2;7667;Swallows FC;2;4;1;1;28619764;40.0;60.0;7;9;3;4;4.0;5.0;5;6;11;13;14;8;19;28;0.0;4.0;2.0;1.0;12;7
760704;Sekhukhune United;0;7667;Swallows FC;1;1;1;0;28619642;49.0;51.0;7;5;4;3;3.0;2.0;8;2;16;16;10;10;22;24;1.0;1.0;2.0;4.0;13;14
7663;Kaizer Chiefs;0;7671;Supersport United;1;1;1;0;28619726;62.0;38.0;7;6;2;3;5.0;3.0;7;3;14;13;8;9;25;22;1.0;1.0;0.0;2.0;7;9
7664;Lamontville Golden Arrows;3;7671;Supersport United;2;5;1;1;28619688;;;8;8;3;3;5.0;5.0;6;1;11;11;6;9;25;21;3.0;0.0;1.0;0.0;7;9
7671;Supersport United;3;276679;Cape Town City FC;2;5;1;1;28619608;;;15;9;8;4;7.0;5.0;2;7;12;15;11;10;9;27;3.0;4.0;3.0;5.0;15;9
7663;Kaizer Chiefs;1;367886;Marumo Gallants FC;0;1;1;0;28619756;55.0;45.0;8;5;2;3;6.0;2.0;6;6;11;24;5;12;25;27;1.0;1.0;3.0;1.0;21;8
7664;Lamontville Golden Arrows;2;7663;Kaizer Chiefs;1;3;1;1;33283503;49.0;51.0;7;7;3;3;4.0;4.0;0;4;15;19;11;12;20;18;1.0;2.0;2.0;1.0;18;14
7663;Kaizer Chiefs;0;7664;Lamontville Golden Arrows;1;1;1;0;28619686;53.0;47.0;8;4;3;2;5.0;2.0;7;4;21;15;3;9;32;21;1.0;3.0;1.0;1.0;15;15
7663;Kaizer Chiefs;2;7666;Maritzburg United;0;2;1;1;28619610;57.0;43.0;9;7;2;5;7.0;2.0;2;10;9;12;4;10;20;27;1.0;0.0;5.0;0.0;10;8
2829;Real Madrid;3;2885;Deportivo Alaves;0;3;1;1;27965658;65.0;35.0;19;6;8;2;11.0;4.0;7;1;12;13;9;15;27;23;1.0;1.0;2.0;5.0;6;11
2820;CA Osasuna;0;2836;Atletico Madrid;3;3;1;1;27965656;61.0;39.0;7;4;3;3;4.0;1.0;4;2;15;11;3;10;31;23;1.0;2.0;0.0;3.0;10;15
2836;Atletico Madrid;2;2821;RC Celta de Vigo;0;2;1;1;27965664;41.0;59.0;13;6;7;1;6.0;5.0;5;9;10;11;8;8;14;31;4.0;3.0;1.0;5.0;10;8
2826;RCD Mallorca;3;2825;Athletic Bilbao;2;5;1;1;27965628;45.0;55.0;8;4;5;2;3.0;2.0;6;6;15;25;9;6;26;18;6.0;4.0;0.0;3.0;21;14
2821;RC Celta de Vigo;1;2849;Levante UD;1;2;1;1;27965648;63.0;37.0;7;9;4;3;3.0;6.0;2;5;16;22;8;9;19;23;3.0;5.0;2.0;3.0;17;15
2885;Deportivo Alaves;2;2828;Valencia CF;1;3;1;1;27965624;49.0;51.0;7;8;4;4;3.0;4.0;5;9;21;13;9;7;25;22;4.0;3.0;3.0;2.0;12;19
2833;Sevilla FC;2;2816;Real Betis Seville;1;3;1;1;27965678;52.0;48.0;5;9;3;3;2.0;6.0;4;4;17;22;9;5;25;24;6.0;3.0;2.0;1.0;15;15
2824;Real Sociedad San Sebastian;1;2820;CA Osasuna;0;1;1;0;27965676;59.0;41.0;9;7;5;1;4.0;6.0;6;5;13;14;7;9;22;11;0.0;4.0;1.0;4.0;13;9
4488;Cadiz CF;1;2859;Getafe CF;1;2;1;1;27965650;66.0;34.0;8;4;2;1;6.0;3.0;7;2;12;22;5;9;23;23;3.0;4.0;0.0;1.0;17;11
2828;Valencia CF;1;2817;FC Barcelona;4;5;1;1;27965660;37.0;63.0;9;7;6;6;3.0;1.0;8;3;18;24;1;13;23;25;3.0;4.0;2.0;5.0;22;17
2446;Lausanne-Sport;1;2453;FC Luzern;2;3;1;1;27871666;47.0;53.0;10;8;6;4;4.0;4.0;6;4;14;19;9;9;21;18;1.0;2.0;5.0;7.0;19;13
2448;Servette Geneva;1;2445;Young Boys Bern;0;1;1;0;27871682;48.0;52.0;8;10;6;7;2.0;3.0;3;5;12;14;11;4;22;25;2.0;1.0;7.0;5.0;10;11
2445;Young Boys Bern;3;2452;FC Sion;1;4;1;1;27871672;56.0;44.0;15;3;5;2;10.0;1.0;9;1;17;12;4;15;27;18;1.0;3.0;1.0;2.0;8;15
2442;FC St. Gallen 1879;2;2449;Grasshopper Club Zurich;0;2;1;1;27871670;54.0;46.0;12;5;7;3;5.0;2.0;6;3;17;8;4;8;33;31;2.0;3.0;1.0;5.0;6;14
2449;Grasshopper Club Zurich;1;2443;FC Lugano;2;3;1;1;27871678;51.0;49.0;11;9;5;5;6.0;4.0;11;6;11;16;11;9;27;24;1.0;2.0;3.0;4.0;15;9
2452;FC Sion;1;2446;Lausanne-Sport;0;1;1;0;27871684;52.0;48.0;3;7;1;5;2.0;2.0;2;9;15;23;9;5;21;21;1.0;3.0;5.0;0.0;19;14
2443;FC Lugano;2;2448;Servette Geneva;0;2;1;1;27871668;46.0;54.0;7;12;3;4;4.0;8.0;1;7;10;11;13;4;19;33;2.0;2.0;4.0;1.0;10;8
3058;Denizlispor;1;24749;Altinordu FK;0;1;1;0;28170990;51.0;49.0;11;6;4;3;7.0;3.0;7;2;17;14;5;13;37;32;2.0;0.0;3.0;4.0;12;14
117198;Tuzlaspor;0;3065;Kocaelispor;0;0;0;0;28170998;50.0;50.0;6;11;5;6;1.0;5.0;5;9;27;18;8;2;29;24;3.0;2.0;6.0;5.0;13;25
44320;Bandirmaspor;2;55625;Umraniyespor;0;2;1;1;28170944;45.0;55.0;10;7;4;2;6.0;5.0;8;4;13;12;10;8;22;27;3.0;3.0;2.0;2.0;10;12
3065;Kocaelispor;1;6414;Boluspor;2;3;1;1;28170940;60.0;40.0;12;8;5;6;7.0;2.0;6;4;18;11;3;10;30;21;2.0;0.0;4.0;4.0;9;15
55625;Umraniyespor;2;3069;Adanaspor;1;3;1;1;28170984;43.0;57.0;9;4;4;2;5.0;2.0;8;3;9;16;4;8;27;28;2.0;0.0;1.0;2.0;13;6
216878;Manisa Futbol Kulubu;1;44355;Menemen Belediyespor;1;2;1;1;28170964;66.0;34.0;11;3;7;1;4.0;2.0;9;1;9;12;4;9;9;15;4.0;0.0;0.0;6.0;10;8
3230;Club Nacional de Football;0;6879;Liverpool Montevideo;0;0;0;0;32119197;55.0;45.0;12;8;4;3;8.0;5.0;10;4;13;10;9;13;25;19;2.0;3.0;3.0;4.0;9;12
3237;CA River Plate (URU);1;3240;Montevideo Wanderers;1;2;1;1;31861995;;;10;7;4;3;6.0;4.0;5;7;15;13;9;13;13;22;5.0;5.0;2.0;4.0;12;15
174972;Montevideo City Torque;1;25009;Cerro Largo FC;1;2;1;1;31869231;57.0;43.0;14;6;7;2;7.0;4.0;5;2;13;17;5;16;23;22;3.0;3.0;1.0;6.0;14;13
174970;CA Boston River;0;3235;Plaza Colonia;0;0;0;0;31861983;51.0;49.0;2;5;0;2;2.0;3.0;4;2;14;25;5;13;25;25;1.0;3.0;2.0;0.0;21;13
67966;FC Alashkert Yerevan;2;5225;FC Urartu Yerevan;1;3;1;1;28245320;40.0;60.0;7;6;5;2;2.0;4.0;3;5;22;25;9;3;10;12;2.0;1.0;1.0;3.0;22;21
5971;Sydney FC;1;42210;Melbourne City FC;2;3;1;1;30903523;58.0;42.0;10;5;4;3;6.0;2.0;5;3;14;15;3;11;22;18;3.0;2.0;2.0;3.0;12;14
5966;Central Coast Mariners;1;5970;Melbourne Victory;1;2;1;1;32379747;63.0;37.0;6;12;2;8;4.0;4.0;5;9;13;9;4;13;18;18;1.0;1.0;7.0;1.0;6;11
2946;Adelaide United FC;2;5966;Central Coast Mariners;1;3;1;1;30903521;58.0;42.0;14;13;6;6;8.0;7.0;4;6;7;13;10;15;20;13;2.0;3.0;5.0;4.0;12;7
5970;Melbourne Victory;1;5966;Central Coast Mariners;0;1;1;0;30903511;44.0;56.0;7;3;3;1;4.0;2.0;4;3;12;11;7;11;15;23;2.0;1.0;1.0;2.0;10;10
5971;Sydney FC;3;5966;Central Coast Mariners;2;5;1;1;30903477;49.0;51.0;18;10;10;8;8.0;2.0;6;3;7;8;2;15;13;9;2.0;3.0;6.0;7.0;7;7
5966;Central Coast Mariners;1;2945;Perth Glory FC;1;2;1;1;30903501;52.0;48.0;7;7;5;4;2.0;3.0;7;7;21;12;5;6;26;20;1.0;4.0;3.0;4.0;10;16
7568;Wellington Phoenix FC;1;5970;Melbourne Victory;0;1;1;0;31912517;58.0;42.0;11;12;5;4;6.0;8.0;5;4;13;13;9;11;21;20;3.0;0.0;4.0;4.0;12;11
199320;Western United FC;1;5971;Sydney FC;0;1;1;0;31976975;47.0;53.0;8;7;6;4;2.0;3.0;3;11;10;11;9;4;16;17;1.0;2.0;4.0;5.0;10;9
5971;Sydney FC;1;199320;Western United FC;1;2;1;1;31920461;54.0;46.0;5;7;1;6;4.0;1.0;8;4;9;9;7;6;14;19;1.0;2.0;5.0;0.0;7;7
5968;Brisbane Roar FC;2;7568;Wellington Phoenix FC;1;3;1;1;30903543;48.0;52.0;10;13;6;5;4.0;8.0;4;6;12;13;10;6;15;20;2.0;3.0;4.0;4.0;11;10
2945;Perth Glory FC;2;5968;Brisbane Roar FC;0;2;1;1;30903507;45.0;55.0;6;7;4;3;2.0;4.0;6;4;9;7;11;7;14;29;0.0;2.0;4.0;2.0;6;9
2934;Newcastle United Jets FC;2;5968;Brisbane Roar FC;1;3;1;1;30903483;52.0;48.0;9;10;4;3;5.0;7.0;5;4;14;15;16;7;18;41;3.0;4.0;2.0;3.0;15;12
5971;Sydney FC;1;5968;Brisbane Roar FC;1;2;1;1;30666757;59.0;41.0;8;9;4;6;4.0;3.0;6;4;13;11;3;8;20;20;1.0;1.0;5.0;3.0;9;12
5968;Brisbane Roar FC;3;744369;Macarthur FC;1;4;1;1;30903503;64.0;36.0;11;5;6;5;5.0;0.0;4;8;5;12;6;9;13;8;1.0;3.0;4.0;3.0;8;5
2945;Perth Glory FC;0;199320;Western United FC;2;2;1;1;30903525;61.0;39.0;12;9;3;6;9.0;3.0;3;3;13;10;7;11;12;14;0.0;2.0;4.0;3.0;10;11
72926;Western Sydney Wanderers;0;199320;Western United FC;1;1;1;0;31841995;65.0;35.0;8;3;1;2;7.0;1.0;6;5;11;14;6;12;23;20;1.0;0.0;1.0;1.0;13;8
199320;Western United FC;3;72926;Western Sydney Wanderers;2;5;1;1;30903515;36.0;64.0;7;8;6;5;1.0;3.0;1;4;18;12;5;4;15;17;1.0;3.0;3.0;3.0;11;15
199320;Western United FC;1;42210;Melbourne City FC;0;1;1;0;30903475;44.0;56.0;12;3;7;3;5.0;0.0;5;8;15;4;3;7;28;29;2.0;2.0;3.0;6.0;3;11
744369;Macarthur FC;3;72926;Western Sydney Wanderers;1;4;1;1;30903551;36.0;64.0;7;4;4;1;3.0;3.0;4;9;20;15;12;6;15;24;3.0;3.0;0.0;2.0;13;16
2934;Newcastle United Jets FC;1;72926;Western Sydney Wanderers;0;1;1;0;31976979;51.0;49.0;7;9;3;3;4.0;6.0;4;11;22;18;11;8;21;29;3.0;4.0;3.0;2.0;14;19
72926;Western Sydney Wanderers;1;2945;Perth Glory FC;0;1;1;0;31786739;57.0;43.0;14;3;3;2;11.0;1.0;3;4;10;21;7;13;20;32;2.0;0.0;2.0;2.0;16;6
2934;Newcastle United Jets FC;2;744369;Macarthur FC;2;4;1;1;30903519;57.0;43.0;12;9;6;6;6.0;3.0;8;8;18;22;7;9;22;21;2.0;4.0;4.0;5.0;18;15
2934;Newcastle United Jets FC;2;42210;Melbourne City FC;4;6;1;1;31960437;51.0;49.0;9;10;5;7;4.0;3.0;7;7;20;13;3;6;21;17;2.0;4.0;3.0;3.0;13;16
744369;Macarthur FC;2;199320;Western United FC;2;4;1;1;31786737;58.0;42.0;13;8;8;6;5.0;2.0;5;2;14;10;7;11;20;26;2.0;3.0;4.0;7.0;10;11
744369;Macarthur FC;0;5971;Sydney FC;3;3;1;1;29454260;42.0;58.0;4;8;1;5;3.0;3.0;6;10;11;10;14;4;15;21;0.0;1.0;2.0;1.0;8;11
7568;Wellington Phoenix FC;1;2946;Adelaide United FC;1;2;1;1;30903499;49.0;51.0;11;11;9;4;2.0;7.0;7;8;16;9;14;3;13;19;1.0;1.0;3.0;8.0;8;16
2946;Adelaide United FC;1;5971;Sydney FC;2;3;1;1;30903481;57.0;43.0;9;8;6;5;3.0;3.0;11;2;16;13;4;7;23;12;0.0;2.0;3.0;6.0;10;10
2946;Adelaide United FC;4;7568;Wellington Phoenix FC;0;4;1;1;30666643;51.0;49.0;11;5;6;2;5.0;3.0;5;5;19;15;7;12;10;12;5.0;3.0;2.0;2.0;13;15
5971;Sydney FC;2;7568;Wellington Phoenix FC;1;3;1;1;29454254;54.0;46.0;8;2;3;1;5.0;1.0;7;6;5;12;4;11;9;12;1.0;0.0;0.0;1.0;12;4
5971;Sydney FC;1;2945;Perth Glory FC;2;3;1;1;31600349;54.0;46.0;10;6;4;4;6.0;2.0;2;2;10;18;4;11;21;8;0.0;1.0;2.0;3.0;15;10
2055;SK Rapid Wien;1;2046;FC Salzburg;2;3;1;1;27847380;37.0;63.0;3;8;2;4;1.0;4.0;2;7;19;18;10;3;17;36;1.0;3.0;2.0;1.0;18;17
43254;SK Austria Klagenfurt;2;2046;FC Salzburg;1;3;1;1;27847344;28.0;72.0;4;14;3;5;1.0;9.0;1;11;17;14;16;3;14;24;3.0;1.0;4.0;1.0;14;12
2203;FK Austria Wien;0;2046;FC Salzburg;1;1;1;0;27847324;45.0;55.0;6;5;3;4;3.0;1.0;5;4;24;17;6;5;27;18;3.0;4.0;3.0;2.0;16;21
2049;SV Ried;2;2046;FC Salzburg;2;4;1;1;27847314;46.0;54.0;8;14;4;8;4.0;6.0;3;2;14;15;13;4;20;36;3.0;4.0;6.0;2.0;15;13
2046;FC Salzburg;5;5405;WSG Tirol;0;5;1;1;27847364;53.0;47.0;15;9;10;4;5.0;5.0;5;3;9;13;8;10;10;18;1.0;1.0;4.0;5.0;10;9
2046;FC Salzburg;2;2075;TSV Hartberg;1;3;1;1;27847358;61.0;39.0;12;3;8;1;4.0;2.0;8;0;13;11;5;14;30;12;1.0;3.0;0.0;6.0;7;12
2055;SK Rapid Wien;1;2203;FK Austria Wien;1;2;1;1;27847352;58.0;42.0;10;5;4;3;6.0;2.0;5;3;15;15;3;9;26;17;2.0;5.0;1.0;3.0;12;13
43254;SK Austria Klagenfurt;0;2203;FK Austria Wien;0;0;0;0;27847332;48.0;52.0;8;5;3;2;5.0;3.0;3;6;19;9;10;10;19;21;2.0;3.0;2.0;3.0;7;15
5405;WSG Tirol;1;2203;FK Austria Wien;1;2;1;1;27847308;52.0;48.0;10;7;5;2;5.0;5.0;2;4;11;17;11;8;17;26;2.0;0.0;1.0;4.0;16;10
2203;FK Austria Wien;2;2058;LASK;3;5;1;1;27847368;41.0;59.0;9;8;6;5;3.0;3.0;2;4;21;10;11;10;30;30;3.0;1.0;2.0;4.0;10;18
43254;SK Austria Klagenfurt;0;2051;SK Sturm Graz;3;3;1;1;27847372;46.0;54.0;10;10;3;4;7.0;6.0;5;3;14;8;9;9;31;33;0.0;1.0;1.0;3.0;6;12
4856;SCR Altach;0;2051;SK Sturm Graz;1;1;1;0;30359419;35.0;65.0;10;4;2;2;8.0;2.0;4;3;12;13;10;11;19;28;0.0;1.0;1.0;2.0;13;11
2051;SK Sturm Graz;1;2050;FC Admira Wacker Modling;1;2;1;1;27847354;55.0;45.0;12;3;5;1;7.0;2.0;9;0;17;20;6;10;37;31;2.0;3.0;0.0;1.0;18;16
2051;SK Sturm Graz;3;2058;LASK;3;6;1;1;27847328;55.0;45.0;9;5;4;3;5.0;2.0;3;8;20;12;8;10;29;23;3.0;4.0;;;11;19
2051;SK Sturm Graz;0;2076;Wolfsberger AC;3;3;1;1;27847312;60.0;40.0;13;2;6;2;7.0;0.0;10;1;12;17;7;13;34;30;0.0;3.0;0.0;6.0;14;10
2050;FC Admira Wacker Modling;1;2055;SK Rapid Wien;2;3;1;1;27847366;48.0;52.0;8;7;3;3;5.0;4.0;8;3;26;18;6;9;29;28;1.0;6.0;1.0;2.0;16;23
2049;SV Ried;2;2055;SK Rapid Wien;2;4;1;1;27847350;50.0;50.0;5;21;2;11;3.0;10.0;1;9;14;14;12;4;20;23;1.0;1.0;8.0;1.0;13;13
2050;FC Admira Wacker Modling;0;2058;LASK;3;3;1;1;27847392;48.0;52.0;11;9;6;7;5.0;2.0;4;7;19;8;4;11;32;25;6.0;3.0;4.0;6.0;8;18
2075;TSV Hartberg;2;2058;LASK;1;3;1;1;27847346;40.0;60.0;6;12;4;5;2.0;7.0;6;11;16;18;12;4;20;27;3.0;1.0;4.0;2.0;16;15
2050;FC Admira Wacker Modling;1;2049;SV Ried;2;3;1;1;27847320;52.0;48.0;10;6;4;4;6.0;2.0;4;0;10;10;5;10;29;36;1.0;2.0;2.0;3.0;9;9
2049;SV Ried;2;4856;SCR Altach;1;3;1;1;27847370;62.0;38.0;10;5;5;3;5.0;2.0;5;3;12;15;7;9;21;26;3.0;1.0;2.0;3.0;11;11
2049;SV Ried;1;2075;TSV Hartberg;0;1;1;0;27847330;41.0;59.0;7;10;4;3;3.0;7.0;3;8;14;13;7;4;18;19;3.0;1.0;3.0;3.0;11;14
2046;FC Salzburg;0;2050;FC Admira Wacker Modling;0;0;0;0;27847334;71.0;29.0;14;1;5;0;9.0;1.0;16;2;18;11;1;20;24;20;0.0;4.0;0.0;5.0;10;18
2050;FC Admira Wacker Modling;0;2076;Wolfsberger AC;1;1;1;0;27847348;38.0;62.0;5;10;1;5;4.0;5.0;1;7;14;19;16;8;16;25;3.0;0.0;4.0;1.0;19;14
4856;SCR Altach;0;5405;WSG Tirol;3;3;1;1;27847342;34.0;66.0;4;13;3;6;1.0;7.0;1;5;12;11;13;2;20;24;0.0;2.0;3.0;3.0;11;9
5405;WSG Tirol;0;43254;SK Austria Klagenfurt;1;1;1;0;27847356;59.0;41.0;12;7;9;1;3.0;6.0;1;3;17;15;7;9;20;21;3.0;4.0;1.0;9.0;13;16
5405;WSG Tirol;5;2076;Wolfsberger AC;1;6;1;1;27847336;45.0;55.0;13;9;8;4;5.0;5.0;4;11;9;7;10;7;20;35;1.0;1.0;3.0;3.0;6;7
43254;SK Austria Klagenfurt;2;4856;SCR Altach;0;2;1;1;27847398;40.0;60.0;6;6;4;2;2.0;4.0;7;2;14;16;8;7;26;40;1.0;5.0;2.0;2.0;12;12
2075;TSV Hartberg;0;43254;SK Austria Klagenfurt;2;2;1;1;27847316;64.0;36.0;12;8;4;3;8.0;5.0;6;5;11;10;8;18;22;18;1.0;4.0;1.0;4.0;9;11
2076;Wolfsberger AC;3;4856;SCR Altach;0;3;1;1;27847360;64.0;36.0;12;2;5;1;7.0;1.0;5;6;6;13;2;11;29;24;1.0;1.0;1.0;2.0;9;5
2076;Wolfsberger AC;4;2055;SK Rapid Wien;1;5;1;1;27847318;55.0;45.0;9;11;6;4;3.0;7.0;4;6;18;13;8;3;23;28;0.0;2.0;3.0;2.0;12;16
4858;KV Kortrijk;0;2888;Club Brugge;1;1;1;0;27649596;35.0;65.0;6;12;2;6;4.0;6.0;3;4;16;11;12;7;25;27;2.0;1.0;5.0;2.0;10;13
2888;Club Brugge;0;4860;Union Saint-Gilloise;0;0;0;0;27649576;66.0;34.0;4;11;1;7;3.0;4.0;4;9;16;16;7;4;18;24;1.0;4.0;7.0;1.0;14;14
2903;KAA Gent;0;2889;Royal Antwerp FC;1;1;1;0;27649610;58.0;42.0;8;3;4;2;4.0;1.0;8;7;17;12;2;14;27;25;3.0;3.0;1.0;4.0;10;15
2903;KAA Gent;1;4494;KV Oostende;1;2;1;1;27649582;72.0;28.0;14;5;6;2;8.0;3.0;5;3;16;12;4;15;40;16;1.0;3.0;1.0;5.0;9;15
2889;Royal Antwerp FC;0;4860;Union Saint-Gilloise;2;2;1;1;27649620;48.0;52.0;4;11;2;5;2.0;6.0;6;4;14;11;18;8;25;21;3.0;3.0;3.0;2.0;8;14
4860;Union Saint-Gilloise;1;2900;RSC Anderlecht;0;1;1;0;27649602;45.0;55.0;4;4;3;4;1.0;0.0;5;2;15;17;8;5;22;29;3.0;1.0;4.0;2.0;15;14
4860;Union Saint-Gilloise;0;2903;KAA Gent;0;0;0;0;27649528;45.0;55.0;5;5;0;3;5.0;2.0;5;6;13;13;4;11;37;26;0.0;3.0;3.0;0.0;11;11
5044;Yellow-Red KV Mechelen;0;2900;RSC Anderlecht;1;1;1;0;27649566;54.0;46.0;3;9;0;7;3.0;2.0;4;4;10;14;5;9;29;23;3.0;2.0;6.0;0.0;12;6
2889;Royal Antwerp FC;1;5044;Yellow-Red KV Mechelen;2;3;1;1;27649652;58.0;42.0;9;13;4;9;5.0;4.0;10;3;9;7;5;12;24;11;0.0;2.0;4.0;3.0;6;8
2889;Royal Antwerp FC;3;2898;Royal Charleroi SC;0;3;1;1;27649548;48.0;52.0;12;9;5;3;7.0;6.0;3;4;12;12;13;11;20;23;2.0;2.0;3.0;2.0;12;10
2900;RSC Anderlecht;1;2901;Standard Liege;1;2;1;1;27649542;67.0;33.0;7;4;3;2;4.0;2.0;3;1;15;11;7;12;28;15;1.0;3.0;1.0;2.0;9;14
3277;Lokomotive Sofia;2;43840;PFC Ludogorets 1945 Razgrad;4;6;1;1;28723952;46.0;54.0;9;11;5;8;4.0;3.0;4;9;20;18;7;7;16;22;2.0;3.0;4.0;6.0;17;20
43840;PFC Ludogorets 1945 Razgrad;3;5245;FC Pirin Blagoevgrad;5;8;1;1;28723970;72.0;28.0;12;5;8;4;4.0;1.0;10;1;13;9;2;7;15;13;0.0;3.0;0.0;5.0;7;13
43840;PFC Ludogorets 1945 Razgrad;4;364786;FC Arda Kardzhali;1;5;1;1;28723940;47.0;53.0;10;8;6;4;4.0;4.0;1;6;13;14;6;6;19;19;2.0;1.0;3.0;2.0;11;12
43840;PFC Ludogorets 1945 Razgrad;2;3275;PFC CSKA Sofia;0;2;1;1;28723924;59.0;41.0;6;7;3;2;3.0;5.0;5;8;20;16;14;9;23;15;5.0;3.0;2.0;1.0;14;20
3275;PFC CSKA Sofia;2;3280;PFC Cherno More Varna;0;2;1;1;28723964;56.0;44.0;7;4;3;1;4.0;3.0;3;5;18;18;9;7;29;25;3.0;2.0;2.0;3.0;18;16
3272;PFC Lokomotiv Plovdiv;1;3280;PFC Cherno More Varna;1;2;1;1;28723938;57.0;43.0;9;12;6;6;3.0;6.0;5;3;24;7;6;5;23;22;2.0;4.0;5.0;5.0;7;23
5241;Botev Plovdiv;0;3280;PFC Cherno More Varna;2;2;1;1;28723904;44.0;56.0;4;16;2;6;2.0;10.0;3;8;12;12;13;7;27;24;5.0;2.0;4.0;3.0;9;10
36938;POFC Botev Vratsa;0;3280;PFC Cherno More Varna;0;0;0;0;28723866;41.0;59.0;6;16;3;11;3.0;5.0;1;6;21;17;11;6;19;28;4.0;3.0;10.0;3.0;15;19
3280;PFC Cherno More Varna;1;3281;PFK Beroe Stara Zagora;0;1;1;0;28723920;54.0;46.0;9;4;3;0;6.0;4.0;2;6;14;16;8;7;18;29;2.0;3.0;0.0;2.0;14;14
275869;FC Tsarsko Selo Sofia;0;3273;PFC Levski Sofia;1;1;1;0;28723942;47.0;53.0;8;11;3;8;5.0;3.0;1;7;20;20;9;7;20;30;2.0;2.0;9.0;4.0;15;19
364786;FC Arda Kardzhali;0;3273;PFC Levski Sofia;0;0;0;0;28723916;52.0;48.0;8;5;5;1;3.0;4.0;6;5;17;15;7;10;38;35;4.0;1.0;1.0;5.0;13;16
3273;PFC Levski Sofia;0;36938;POFC Botev Vratsa;0;0;0;0;28723910;68.0;32.0;15;7;7;4;8.0;3.0;11;3;15;17;6;15;36;16;1.0;3.0;4.0;7.0;14;15
3273;PFC Levski Sofia;3;5245;FC Pirin Blagoevgrad;0;3;1;1;28723868;59.0;41.0;19;3;9;2;10.0;1.0;7;4;23;25;2;14;30;21;2.0;2.0;2.0;6.0;22;22
3274;PFC Slavia Sofia;0;5241;Botev Plovdiv;0;0;0;0;28723928;54.0;46.0;8;8;2;3;6.0;5.0;9;6;17;14;10;9;28;20;2.0;0.0;3.0;2.0;14;15
5241;Botev Plovdiv;2;36938;POFC Botev Vratsa;1;3;1;1;28723932;48.0;52.0;19;8;10;3;9.0;5.0;5;3;7;12;8;11;20;20;2.0;1.0;4.0;9.0;8;6
288687;FC CSKA 1948;1;5245;FC Pirin Blagoevgrad;0;1;1;0;28723934;40.0;60.0;5;6;3;1;2.0;5.0;2;3;23;13;7;5;13;26;3.0;7.0;1.0;2.0;12;22
3281;PFK Beroe Stara Zagora;1;5245;FC Pirin Blagoevgrad;1;2;1;1;28723902;58.0;42.0;12;3;5;2;7.0;1.0;4;0;10;19;4;10;23;16;3.0;2.0;1.0;4.0;19;9
5245;FC Pirin Blagoevgrad;1;3275;PFC CSKA Sofia;1;2;1;1;28723954;36.0;64.0;4;11;1;4;3.0;7.0;6;2;21;9;12;6;13;30;3.0;2.0;3.0;0.0;8;18
3277;Lokomotive Sofia;2;288687;FC CSKA 1948;2;4;1;1;28723922;56.0;44.0;8;13;4;6;4.0;7.0;2;3;20;22;12;9;20;20;5.0;4.0;4.0;2.0;19;18
3275;PFC CSKA Sofia;1;288687;FC CSKA 1948;0;1;1;0;28723892;56.0;44.0;14;8;4;4;10.0;4.0;4;7;13;27;10;13;19;17;2.0;3.0;4.0;3.0;24;13
364786;FC Arda Kardzhali;2;3275;PFC CSKA Sofia;2;4;1;1;30366077;48.0;52.0;8;14;4;5;4.0;9.0;3;7;19;25;12;7;26;22;6.0;5.0;3.0;2.0;21;19
3275;PFC CSKA Sofia;2;3277;Lokomotive Sofia;0;2;1;1;28723936;57.0;43.0;9;6;5;3;4.0;3.0;8;3;18;21;5;7;27;23;2.0;4.0;3.0;4.0;20;16
36938;POFC Botev Vratsa;1;3281;PFK Beroe Stara Zagora;0;1;1;0;28723946;42.0;58.0;6;10;4;3;2.0;7.0;4;8;22;13;11;5;16;22;3.0;3.0;7.0;4.0;10;19
3281;PFK Beroe Stara Zagora;0;3275;PFC CSKA Sofia;0;0;0;0;28723862;36.0;64.0;10;6;6;2;4.0;4.0;2;5;13;15;10;7;24;21;3.0;1.0;2.0;6.0;13;11
3277;Lokomotive Sofia;2;364786;FC Arda Kardzhali;0;2;1;1;28723968;46.0;54.0;6;2;3;2;3.0;0.0;5;5;13;14;6;5;43;38;2.0;3.0;2.0;1.0;11;12
3275;PFC CSKA Sofia;2;364786;FC Arda Kardzhali;1;3;1;1;28723908;54.0;46.0;17;8;7;4;10.0;4.0;6;7;19;22;8;13;27;27;5.0;3.0;3.0;5.0;17;17
364786;FC Arda Kardzhali;2;275869;FC Tsarsko Selo Sofia;0;2;1;1;28723944;61.0;39.0;11;1;5;0;6.0;1.0;7;4;16;15;4;7;19;29;3.0;1.0;0.0;6.0;15;11
36938;POFC Botev Vratsa;0;275869;FC Tsarsko Selo Sofia;0;0;0;0;28723918;39.0;61.0;4;12;1;4;3.0;8.0;1;7;16;17;13;7;20;26;2.0;1.0;4.0;1.0;16;15
5031;Deportes La Serena;1;3155;Colo-Colo;1;2;1;1;31802307;48.0;52.0;8;11;4;6;4.0;5.0;3;5;15;17;6;9;24;23;1.0;3.0;5.0;3.0;16;13
33595;Curico Unido;4;3164;Huachipato;0;4;1;1;31802293;48.0;52.0;15;15;12;8;3.0;7.0;4;4;10;13;12;6;25;26;2.0;3.0;8.0;9.0;12;10
48242;Deportes Union La Calera;2;3161;Universidad de Chile;4;6;1;1;31802299;62.0;38.0;15;10;6;8;9.0;2.0;7;3;15;8;4;13;27;19;0.0;1.0;4.0;4.0;6;10
6118;CD Once Caldas;2;6115;Independiente Medellin;1;3;1;1;31404289;35.0;65.0;5;2;4;1;1.0;1.0;8;2;9;11;4;10;21;32;2.0;2.0;0.0;2.0;10;9
6115;Independiente Medellin;2;6105;CD Junior FC;0;2;1;1;31404437;46.0;54.0;7;4;3;2;4.0;2.0;4;6;18;8;11;8;17;27;1.0;5.0;2.0;1.0;8;14
6115;Independiente Medellin;3;39866;CD Cortulua;1;4;1;1;31404397;56.0;44.0;11;3;5;2;6.0;1.0;4;5;17;23;1;7;31;19;2.0;2.0;1.0;2.0;16;16
6115;Independiente Medellin;2;6112;AD Cali;0;2;1;1;31404281;49.0;51.0;6;1;4;1;2.0;0.0;5;2;13;22;8;11;19;32;3.0;5.0;1.0;2.0;21;12
6114;Envigado FC;1;6106;Atletico Nacional Medellin;2;3;1;1;31404439;26.0;74.0;5;3;3;2;2.0;1.0;3;3;13;17;10;6;22;26;2.0;1.0;0.0;3.0;16;13
6113;AD Pasto;0;6106;Atletico Nacional Medellin;1;1;1;0;31404387;36.0;64.0;1;7;1;5;0.0;2.0;4;6;15;12;10;6;16;15;2.0;3.0;4.0;1.0;9;14
6117;Millonarios FC;0;6106;Atletico Nacional Medellin;2;2;1;1;31404267;60.0;40.0;7;3;5;3;2.0;0.0;4;1;14;14;5;11;24;18;4.0;4.0;1.0;5.0;12;13
6106;Atletico Nacional Medellin;1;89376;Union Magdalena;0;1;1;0;31404459;65.0;35.0;7;5;2;4;5.0;1.0;1;5;18;17;7;8;20;21;2.0;5.0;4.0;1.0;16;16
6106;Atletico Nacional Medellin;0;89156;CD Alianza Petrolera;0;0;0;0;31404419;74.0;26.0;19;1;8;0;11.0;1.0;7;0;17;10;5;22;16;14;1.0;4.0;0.0;8.0;10;16
6106;Atletico Nacional Medellin;0;6111;CD Tolima;1;1;1;0;31404379;61.0;39.0;11;6;1;2;10.0;4.0;3;4;13;10;2;9;25;23;3.0;4.0;1.0;2.0;8;12
89376;Union Magdalena;0;6103;CA Bucaramanga;1;1;1;0;31404435;58.0;42.0;3;6;0;4;3.0;2.0;6;1;15;15;6;5;11;24;5.0;3.0;3.0;0.0;12;13
6111;CD Tolima;2;6103;CA Bucaramanga;1;3;1;1;31404401;53.0;47.0;6;8;4;4;2.0;4.0;3;5;5;16;8;4;27;20;1.0;1.0;3.0;2.0;14;4
6102;America de Cali;3;6103;CA Bucaramanga;0;3;1;1;31404277;56.0;44.0;9;3;6;2;3.0;1.0;2;5;14;6;3;10;20;35;2.0;1.0;2.0;3.0;5;10
6103;CA Bucaramanga;1;6114;Envigado FC;2;3;1;1;31404449;57.0;43.0;7;4;5;3;2.0;1.0;15;2;15;6;5;12;31;22;3.0;3.0;1.0;4.0;4;13
6103;CA Bucaramanga;0;6113;AD Pasto;1;1;1;0;31404409;59.0;41.0;12;7;4;2;8.0;5.0;9;0;15;18;9;15;17;24;1.0;3.0;1.0;4.0;15;12
6117;Millonarios FC;1;39866;CD Cortulua;0;1;1;0;31404463;64.0;36.0;7;3;4;1;3.0;2.0;5;5;7;17;7;12;17;24;3.0;3.0;1.0;3.0;12;6
6114;Envigado FC;0;6117;Millonarios FC;0;0;0;0;31404381;45.0;55.0;2;4;1;0;1.0;4.0;2;9;17;15;13;7;21;27;1.0;3.0;0.0;1.0;12;15
6117;Millonarios FC;2;48244;Rionegro Aguilas;0;2;1;1;31404423;58.0;42.0;8;2;7;1;1.0;1.0;7;3;22;10;5;8;23;22;0.0;6.0;1.0;5.0;6;18
6117;Millonarios FC;1;89376;Union Magdalena;0;1;1;0;31404383;65.0;35.0;12;4;8;2;4.0;2.0;8;3;8;16;4;10;18;19;3.0;3.0;2.0;8.0;13;7
6116;Independiente Santa Fe;2;6105;CD Junior FC;1;3;1;1;31404373;48.0;52.0;4;5;3;3;1.0;2.0;0;6;11;16;10;11;20;27;4.0;5.0;2.0;1.0;15;10
6105;CD Junior FC;1;6102;America de Cali;0;1;1;0;31404457;59.0;41.0;5;2;3;2;2.0;0.0;3;4;11;12;6;13;22;29;3.0;2.0;2.0;2.0;11;10
6105;CD Junior FC;2;48244;Rionegro Aguilas;1;3;1;1;31404395;51.0;49.0;4;3;3;1;1.0;2.0;3;8;13;14;9;4;17;27;3.0;3.0;0.0;1.0;10;13
89370;Jaguares de Cordoba;0;6111;CD Tolima;2;2;1;1;31404407;51.0;49.0;7;9;2;6;5.0;3.0;3;4;12;11;6;9;9;25;5.0;2.0;4.0;2.0;9;11
6111;CD Tolima;3;6116;Independiente Santa Fe;0;3;1;1;31404441;57.0;43.0;8;8;5;4;3.0;4.0;7;4;15;15;5;7;20;19;3.0;6.0;4.0;2.0;13;13
6111;CD Tolima;2;89376;Union Magdalena;1;3;1;1;31404285;55.0;45.0;7;4;5;3;2.0;1.0;4;4;11;22;7;7;18;14;1.0;4.0;2.0;3.0;16;9
6102;America de Cali;1;6975;CD La Equidad;1;2;1;1;31404433;62.0;38.0;7;2;3;2;4.0;0.0;5;1;15;11;6;17;27;21;3.0;2.0;1.0;2.0;10;15
61504;Boyaca Patriotas;0;6975;CD La Equidad;1;1;1;0;31404391;49.0;51.0;4;11;2;6;2.0;5.0;5;3;16;12;17;10;23;19;3.0;2.0;5.0;2.0;11;14
6102;America de Cali;2;6116;Independiente Santa Fe;2;4;1;1;31404393;63.0;37.0;7;3;2;2;5.0;1.0;5;1;18;12;4;16;20;11;1.0;7.0;0.0;1.0;11;17
39866;CD Cortulua;1;6116;Independiente Santa Fe;1;2;1;1;31404269;63.0;37.0;13;11;2;6;11.0;5.0;4;4;18;10;8;14;19;20;1.0;7.0;5.0;1.0;8;14
89376;Union Magdalena;2;6114;Envigado FC;1;3;1;1;31404417;56.0;44.0;13;4;3;3;10.0;1.0;11;1;16;18;6;11;19;14;3.0;3.0;2.0;1.0;14;13
6114;Envigado FC;1;6112;AD Cali;0;1;1;0;31404399;57.0;43.0;1;5;1;3;0.0;2.0;3;7;16;15;9;9;16;31;1.0;3.0;3.0;0.0;13;12
39866;CD Cortulua;2;6102;America de Cali;0;2;1;1;31404287;49.0;51.0;4;3;3;1;1.0;2.0;2;5;19;9;13;7;15;25;1.0;4.0;1.0;1.0;9;16
6113;AD Pasto;2;6112;AD Cali;0;2;1;1;31404427;43.0;57.0;5;6;4;3;1.0;3.0;5;6;13;22;13;7;19;22;3.0;5.0;3.0;2.0;19;13
6112;AD Cali;1;89156;CD Alianza Petrolera;1;2;1;1;31404455;50.0;50.0;5;2;4;2;1.0;0.0;7;3;16;15;5;8;19;24;2.0;5.0;1.0;3.0;13;15
6112;AD Cali;1;6109;CS Deportivo Pereira;0;1;1;0;31404375;56.0;44.0;7;3;4;1;3.0;2.0;4;4;13;11;1;13;29;22;4.0;3.0;1.0;3.0;11;12
89156;CD Alianza Petrolera;0;39866;CD Cortulua;0;0;0;0;31404429;58.0;42.0;7;6;2;3;5.0;3.0;4;4;19;14;4;7;22;27;1.0;2.0;3.0;4.0;11;16
89156;CD Alianza Petrolera;2;89370;Jaguares de Cordoba;0;2;1;1;31404389;44.0;56.0;14;10;9;5;5.0;5.0;3;3;11;17;7;4;16;17;5.0;3.0;5.0;7.0;15;8
48244;Rionegro Aguilas;1;61504;Boyaca Patriotas;0;1;1;0;31404461;62.0;38.0;12;8;7;3;5.0;5.0;3;2;17;16;12;14;28;16;3.0;4.0;3.0;6.0;15;16
39866;CD Cortulua;1;61504;Boyaca Patriotas;0;1;1;0;31404403;60.0;40.0;9;4;2;2;7.0;2.0;4;4;20;13;8;13;16;27;1.0;4.0;2.0;1.0;11;15
89370;Jaguares de Cordoba;3;61504;Boyaca Patriotas;1;4;1;1;31404291;57.0;43.0;10;5;6;3;4.0;2.0;6;4;12;18;4;5;11;15;2.0;4.0;3.0;4.0;16;12
61504;Boyaca Patriotas;0;6118;CD Once Caldas;0;0;0;0;31404431;63.0;37.0;6;7;2;5;4.0;2.0;7;4;9;18;6;7;18;21;3.0;4.0;8.0;2.0;15;9
61504;Boyaca Patriotas;2;6109;CS Deportivo Pereira;3;5;1;1;31404275;40.0;60.0;12;13;5;7;7.0;6.0;6;6;10;10;8;7;13;9;1.0;0.0;4.0;3.0;9;9
48244;Rionegro Aguilas;1;6118;CD Once Caldas;1;2;1;1;31404283;;;5;7;3;1;2.0;6.0;10;7;11;19;11;3;26;19;3.0;6.0;0.0;2.0;17;9
89376;Union Magdalena;0;6113;AD Pasto;0;0;0;0;31404377;57.0;43.0;7;7;5;3;2.0;4.0;2;8;15;15;9;7;22;23;3.0;3.0;3.0;5.0;13;15
6113;AD Pasto;1;89370;Jaguares de Cordoba;1;2;1;1;31404271;55.0;45.0;1;3;1;2;0.0;1.0;7;2;12;12;8;8;27;13;4.0;4.0;1.0;0.0;12;11
2220;FC Fastav Zlin;1;4871;1. FC Slovacko Uherske Hradiste;0;1;1;0;27761232;;;15;4;5;1;10.0;3.0;1;4;23;13;8;10;30;30;1.0;1.0;1.0;4.0;13;20
2221;SK Dynamo Ceske Budejovice;3;4871;1. FC Slovacko Uherske Hradiste;2;5;1;1;27761140;;;6;9;4;5;2.0;4.0;3;10;11;16;10;4;19;17;1.0;3.0;2.0;1.0;12;8
2204;FC Banik Ostrava;3;2216;Slavia Prague;3;6;1;1;27761182;;;13;10;5;8;8.0;2.0;6;7;12;10;7;15;16;23;2.0;2.0;5.0;2.0;9;11
2216;Slavia Prague;3;2208;FK Teplice;0;3;1;1;27761132;;;16;1;8;1;8.0;0.0;12;0;17;16;0;13;20;23;1.0;3.0;1.0;4.0;13;15
2230;FK Pardubice;0;2217;FC Hradec Kralove;0;0;0;0;27761242;;;5;4;3;0;2.0;4.0;3;5;14;11;10;10;31;24;3.0;2.0;0.0;2.0;11;13
6064;Bohemians Prague 1905;0;2204;FC Banik Ostrava;2;2;1;1;27761244;;;4;8;0;6;4.0;2.0;2;7;15;13;9;11;26;39;2.0;0.0;4.0;0.0;13;14
2208;FK Teplice;4;2220;FC Fastav Zlin;1;5;1;1;27761160;58.0;42.0;12;5;8;3;4.0;2.0;11;0;12;10;6;7;22;27;1.0;1.0;1.0;4.0;10;11
2220;FC Fastav Zlin;2;23951;MFK Karvina;1;3;1;1;27761166;;;13;5;7;2;6.0;3.0;4;4;18;22;9;8;20;25;4.0;3.0;1.0;5.0;18;15
6064;Bohemians Prague 1905;1;2205;FK Jablonec;2;3;1;1;27761154;;;10;6;4;4;6.0;2.0;5;2;23;16;5;10;20;34;3.0;2.0;2.0;3.0;16;20
1284;FC Copenhagen;2;1286;Odense Boldklub;0;2;1;1;27575092;38.0;62.0;13;10;5;4;8.0;6.0;5;9;14;9;11;11;18;23;2.0;0.0;4.0;3.0;6;12
1290;Aalborg BK;1;1284;FC Copenhagen;3;4;1;1;27575082;58.0;42.0;4;7;1;5;3.0;2.0;7;6;16;13;6;10;25;19;3.0;5.0;2.0;0.0;12;15
1285;Silkeborg IF;0;1284;FC Copenhagen;0;0;0;0;27575064;55.0;45.0;12;5;6;1;6.0;4.0;3;3;12;6;8;8;18;24;1.0;1.0;1.0;6.0;5;11
1281;Broendby IF;2;1284;FC Copenhagen;1;3;1;1;27575030;44.0;56.0;7;2;5;1;2.0;1.0;6;1;12;9;6;8;28;14;3.0;3.0;0.0;3.0;9;9
1284;FC Copenhagen;1;1291;AGF Aarhus;1;2;1;1;27575068;60.0;40.0;13;3;4;2;9.0;1.0;5;2;16;15;6;12;18;24;5.0;3.0;1.0;3.0;14;16
1284;FC Copenhagen;3;4872;Vejle BK;0;3;1;1;27575042;54.0;46.0;10;3;6;3;4.0;0.0;3;4;10;13;2;6;25;26;2.0;3.0;3.0;3.0;11;10
1284;FC Copenhagen;1;1288;Viborg FF;1;2;1;1;27575008;61.0;39.0;9;4;6;1;3.0;3.0;8;10;14;6;4;6;15;20;2.0;0.0;1.0;5.0;6;12
1290;Aalborg BK;0;4872;Vejle BK;0;0;0;0;27575120;46.0;54.0;6;4;3;2;3.0;2.0;7;5;14;12;3;7;16;19;4.0;5.0;2.0;3.0;11;9
1295;SonderjyskE;1;1290;Aalborg BK;3;4;1;1;27575076;53.0;47.0;7;5;3;4;4.0;1.0;5;8;9;15;11;7;20;23;1.0;2.0;0.0;1.0;10;9
1292;FC Nordsjaelland;0;1290;Aalborg BK;2;2;1;1;27575046;54.0;46.0;7;4;1;2;6.0;2.0;9;5;8;8;5;10;13;12;3.0;1.0;0.0;1.0;7;6
1281;Broendby IF;2;1290;Aalborg BK;1;3;1;1;27574994;57.0;43.0;7;6;4;2;3.0;4.0;3;3;15;5;8;11;22;26;0.0;3.0;1.0;2.0;4;10
1286;Odense Boldklub;2;1289;FC Midtjylland;2;4;1;1;27575106;51.0;49.0;4;12;3;3;1.0;9.0;4;4;13;19;11;1;12;15;4.0;0.0;1.0;2.0;16;11
1291;AGF Aarhus;3;1289;FC Midtjylland;0;3;1;1;27575056;48.0;52.0;6;8;4;2;2.0;6.0;2;7;12;27;10;3;15;12;2.0;3.0;0.0;1.0;26;10
1301;Randers FC;1;1289;FC Midtjylland;3;4;1;1;27575050;45.0;55.0;6;8;5;5;1.0;3.0;3;4;11;17;6;4;19;24;3.0;4.0;2.0;4.0;15;10
1289;FC Midtjylland;1;1281;Broendby IF;2;3;1;1;27575066;46.0;54.0;10;5;5;4;5.0;1.0;2;6;14;16;6;13;16;17;2.0;1.0;2.0;4.0;15;12
1289;FC Midtjylland;3;1295;SonderjyskE;2;5;1;1;27575032;66.0;34.0;12;11;5;5;7.0;6.0;14;3;12;13;8;13;28;10;0.0;1.0;3.0;2.0;13;11
1301;Randers FC;0;1288;Viborg FF;1;1;1;0;27575096;52.0;48.0;9;13;4;8;5.0;5.0;3;6;11;13;9;8;26;20;2.0;3.0;7.0;5.0;10;11
1292;FC Nordsjaelland;0;1281;Broendby IF;2;2;1;1;27575094;55.0;45.0;5;11;3;7;2.0;4.0;5;4;9;9;7;5;24;12;0.0;2.0;5.0;3.0;9;8
1301;Randers FC;1;1281;Broendby IF;1;2;1;1;27575014;45.0;55.0;5;2;2;1;3.0;1.0;3;5;9;12;6;6;16;20;1.0;2.0;1.0;1.0;10;7
1281;Broendby IF;1;1301;Randers FC;0;1;1;0;27575078;58.0;42.0;11;5;5;3;6.0;2.0;4;12;16;10;3;6;28;22;2.0;3.0;3.0;4.0;7;13
1285;Silkeborg IF;3;4872;Vejle BK;0;3;1;1;27575100;70.0;30.0;13;3;11;1;2.0;2.0;9;2;12;10;4;8;16;12;2.0;5.0;1.0;8.0;6;9
1301;Randers FC;4;4872;Vejle BK;1;5;1;1;27575074;55.0;45.0;12;4;10;1;2.0;3.0;8;0;12;14;4;7;16;17;2.0;1.0;0.0;6.0;13;10
4872;Vejle BK;3;1295;SonderjyskE;1;4;1;1;27575060;55.0;45.0;7;7;6;2;1.0;5.0;4;5;18;17;17;2;21;28;3.0;1.0;1.0;4.0;14;15
4872;Vejle BK;2;1292;FC Nordsjaelland;0;2;1;1;27575036;42.0;58.0;8;8;7;4;1.0;4.0;4;7;14;13;12;0;12;23;3.0;1.0;4.0;6.0;11;12
4872;Vejle BK;2;1285;Silkeborg IF;4;6;1;1;27575002;48.0;52.0;6;9;2;6;4.0;3.0;5;1;9;9;8;14;7;8;3.0;0.0;2.0;0.0;7;6
1292;FC Nordsjaelland;0;1301;Randers FC;0;0;0;0;27575108;47.0;53.0;8;11;4;5;4.0;6.0;3;5;9;13;8;9;16;28;2.0;2.0;5.0;4.0;13;7
1301;Randers FC;1;1291;AGF Aarhus;0;1;1;0;27575038;55.0;45.0;11;6;3;2;8.0;4.0;8;1;15;13;12;8;27;24;3.0;5.0;2.0;3.0;11;15
1291;AGF Aarhus;1;1285;Silkeborg IF;1;2;1;1;27575080;44.0;56.0;12;16;4;11;8.0;5.0;5;8;10;8;10;8;14;18;1.0;2.0;4.0;1.0;3;10
1292;FC Nordsjaelland;1;1285;Silkeborg IF;1;2;1;1;27575072;44.0;56.0;8;11;4;8;4.0;3.0;2;6;11;15;4;11;23;19;3.0;3.0;5.0;3.0;14;9
1285;Silkeborg IF;1;1286;Odense Boldklub;1;2;1;1;27575040;59.0;41.0;9;6;4;2;5.0;4.0;6;6;8;10;8;9;16;18;3.0;0.0;1.0;3.0;8;7
1285;Silkeborg IF;4;1292;FC Nordsjaelland;1;5;1;1;27575016;60.0;40.0;9;6;7;4;2.0;2.0;1;5;9;6;7;3;11;8;2.0;3.0;3.0;3.0;6;8
1286;Odense Boldklub;0;1291;AGF Aarhus;0;0;0;0;27575044;57.0;43.0;11;7;3;2;8.0;5.0;4;3;11;11;11;13;25;23;1.0;1.0;2.0;3.0;11;10
1286;Odense Boldklub;2;1292;FC Nordsjaelland;0;2;1;1;27575084;45.0;55.0;10;6;5;4;5.0;2.0;7;8;8;10;6;8;15;26;1.0;2.0;4.0;3.0;7;7
1295;SonderjyskE;1;1284;FC Copenhagen;1;2;1;1;27575028;40.0;60.0;3;6;1;4;2.0;2.0;2;13;15;9;12;3;17;19;2.0;2.0;3.0;0.0;8;15
44;Liverpool FC;3;263;Norwich City;1;4;1;1;27751562;68.0;32.0;15;5;6;2;9.0;3.0;8;4;13;8;5;11;9;12;0.0;1.0;1.0;3.0;7;8
7;Crystal Palace;1;44;Liverpool FC;3;4;1;1;27751498;43.0;57.0;7;10;5;6;2.0;4.0;2;5;12;17;8;6;14;26;4.0;1.0;3.0;4.0;12;10
38;Chelsea FC;2;44;Liverpool FC;2;4;1;1;27751456;58.0;42.0;10;7;5;5;5.0;2.0;6;7;16;8;3;8;13;28;1.0;2.0;3.0;3.0;5;13
31;Leicester City;1;44;Liverpool FC;0;1;1;0;27751444;38.0;62.0;2;15;1;3;1.0;12.0;1;12;12;11;14;2;16;25;0.0;1.0;3.0;0.0;8;11
44;Liverpool FC;2;31;Leicester City;0;2;1;1;27751528;70.0;30.0;20;3;12;1;8.0;2.0;7;6;11;14;3;10;19;27;1.0;0.0;1.0;10.0;11;7
44;Liverpool FC;3;50;Brentford FC;0;3;1;1;27751478;68.0;32.0;16;5;10;2;6.0;3.0;9;0;11;7;3;7;21;8;0.0;1.0;1.0;7.0;5;4
33;Tottenham Hotspur;0;3;Wolverhampton Wanderers;2;2;1;1;27751548;59.0;41.0;14;6;8;5;6.0;1.0;7;3;14;16;1;7;19;23;3.0;1.0;3.0;8.0;13;13
33;Tottenham Hotspur;2;45;Southampton FC;3;5;1;1;27751526;46.0;54.0;6;15;4;8;2.0;7.0;2;8;14;10;7;4;23;20;2.0;3.0;5.0;3.0;7;13
30;Brighton & Hove Albion;1;38;Chelsea FC;1;2;1;1;27751514;43.0;57.0;4;6;1;3;3.0;3.0;5;7;5;9;10;6;20;14;1.0;2.0;2.0;0.0;8;5
17;Manchester City;1;38;Chelsea FC;0;1;1;0;27751480;58.0;42.0;8;3;5;1;3.0;2.0;9;1;11;14;2;8;20;13;0.0;2.0;1.0;4.0;11;7
40;Aston Villa;1;38;Chelsea FC;3;4;1;1;27751412;37.0;63.0;3;6;2;4;1.0;2.0;2;5;13;10;7;2;17;24;3.0;1.0;1.0;2.0;8;11
38;Chelsea FC;1;30;Brighton & Hove Albion;1;2;1;1;27751436;47.0;53.0;6;13;5;5;1.0;8.0;10;8;7;15;10;4;17;25;4.0;1.0;4.0;4.0;14;7
38;Chelsea FC;1;48;Everton FC;1;2;1;1;27751386;81.0;19.0;19;4;10;2;9.0;2.0;7;1;15;12;2;13;33;10;2.0;3.0;1.0;9.0;12;13
6;Burnley FC;0;17;Manchester City;2;2;1;1;27751654;22.0;78.0;2;16;1;6;1.0;10.0;1;8;6;16;12;2;9;20;1.0;0.0;4.0;1.0;11;6
45;Southampton FC;1;17;Manchester City;1;2;1;1;27751508;26.0;74.0;4;12;3;6;1.0;6.0;2;11;5;15;12;2;11;15;3.0;0.0;5.0;2.0;13;5
17;Manchester City;6;31;Leicester City;3;9;1;1;27751420;71.0;29.0;11;11;8;7;3.0;4.0;14;4;8;13;3;5;17;3;1.0;2.0;4.0;2.0;11;7
17;Manchester City;7;34;Leeds United;0;7;1;1;27751390;66.0;34.0;21;5;13;3;8.0;2.0;6;2;9;6;4;13;7;16;1.0;1.0;3.0;5.0;5;9
263;Norwich City;0;42;Arsenal FC;5;5;1;1;27751424;36.0;64.0;3;11;2;8;1.0;3.0;3;4;8;15;8;2;16;19;1.0;2.0;3.0;2.0;12;6
34;Leeds United;1;42;Arsenal FC;4;5;1;1;27751396;51.0;49.0;9;21;2;12;7.0;9.0;1;4;8;11;5;8;27;15;3.0;1.0;7.0;2.0;11;7
42;Arsenal FC;2;50;Brentford FC;1;3;1;1;27751552;67.0;33.0;13;2;8;2;5.0;0.0;14;0;7;11;2;9;25;15;1.0;1.0;1.0;6.0;10;5
42;Arsenal FC;0;6;Burnley FC;0;0;0;0;27751492;71.0;29.0;11;5;6;1;5.0;4.0;12;4;10;9;8;10;15;10;0.0;2.0;1.0;6.0;9;8
263;Norwich City;1;7;Crystal Palace;1;2;1;1;27751518;42.0;58.0;1;6;1;4;0.0;2.0;4;6;21;11;10;4;24;10;1.0;2.0;3.0;0.0;10;18
30;Brighton & Hove Albion;1;7;Crystal Palace;1;2;1;1;27751474;64.0;36.0;11;2;3;1;8.0;1.0;9;0;8;13;4;12;25;22;0.0;2.0;0.0;3.0;11;6
7;Crystal Palace;2;37;West Ham United;3;5;1;1;27751458;62.0;38.0;16;9;7;5;9.0;4.0;9;1;19;6;8;10;30;23;0.0;2.0;2.0;5.0;6;17
6;Burnley FC;1;35;Manchester United;1;2;1;1;27751516;38.0;62.0;5;12;3;6;2.0;6.0;2;10;11;13;7;5;20;24;2.0;1.0;5.0;2.0;11;10
40;Aston Villa;2;35;Manchester United;2;4;1;1;27751472;55.0;45.0;12;10;9;6;3.0;4.0;3;6;14;9;5;7;13;23;1.0;2.0;4.0;7.0;8;13
39;Newcastle United;1;35;Manchester United;1;2;1;1;27751422;29.0;71.0;10;6;8;4;2.0;2.0;2;3;11;13;12;7;27;30;3.0;3.0;2.0;7.0;11;8
35;Manchester United;1;37;West Ham United;0;1;1;0;27751506;57.0;43.0;11;3;3;1;8.0;2.0;3;3;9;13;7;13;25;21;1.0;1.0;1.0;2.0;9;8
6;Burnley FC;0;31;Leicester City;2;2;1;1;32056709;43.0;57.0;5;8;1;5;4.0;3.0;6;8;16;17;4;11;21;24;1.0;1.0;3.0;1.0;13;13
3;Wolverhampton Wanderers;2;31;Leicester City;1;3;1;1;27751570;35.0;65.0;7;13;3;7;4.0;6.0;7;10;11;14;8;5;19;28;4.0;4.0;6.0;1.0;12;9
31;Leicester City;1;30;Brighton & Hove Albion;1;2;1;1;27751504;43.0;57.0;5;7;3;4;2.0;3.0;4;5;10;8;5;4;12;14;0.0;1.0;1.0;0.0;5;7
31;Leicester City;2;33;Tottenham Hotspur;3;5;1;1;31400673;43.0;57.0;9;19;4;10;5.0;9.0;3;8;12;7;11;5;13;11;1.0;2.0;5.0;2.0;6;12
37;West Ham United;1;39;Newcastle United;1;2;1;1;27751568;47.0;53.0;5;7;3;2;2.0;5.0;3;7;7;5;6;6;21;21;3.0;3.0;1.0;2.0;3;7
24;Watford FC;1;37;West Ham United;4;5;1;1;27751450;43.0;57.0;9;8;5;6;4.0;2.0;4;5;13;12;6;10;23;21;0.0;1.0;2.0;4.0;12;12
37;West Ham United;1;24;Watford FC;0;1;1;0;27751520;64.0;36.0;7;5;3;1;4.0;4.0;5;6;7;4;9;10;39;20;1.0;0.0;1.0;1.0;1;6
37;West Ham United;2;34;Leeds United;3;5;1;1;27751488;46.0;54.0;10;9;4;6;6.0;3.0;4;3;10;8;9;12;31;22;3.0;2.0;3.0;2.0;7;9
39;Newcastle United;1;40;Aston Villa;0;1;1;0;27751544;38.0;62.0;6;6;2;2;4.0;4.0;3;6;17;25;12;6;18;20;3.0;4.0;2.0;1.0;22;15
48;Everton FC;0;40;Aston Villa;1;1;1;0;27751500;49.0;51.0;8;8;2;3;6.0;5.0;9;2;17;18;7;11;36;27;5.0;4.0;2.0;2.0;15;16
40;Aston Villa;0;24;Watford FC;1;1;1;0;27751554;58.0;42.0;12;7;3;4;9.0;3.0;10;5;7;12;6;14;13;27;1.0;2.0;3.0;3.0;12;7
50;Brentford FC;2;40;Aston Villa;1;3;1;1;27751454;46.0;54.0;7;9;3;4;4.0;5.0;3;7;15;17;9;10;19;25;2.0;2.0;3.0;1.0;17;11
39;Newcastle United;1;3;Wolverhampton Wanderers;0;1;1;0;27751684;43.0;57.0;7;4;4;2;3.0;2.0;1;2;13;7;5;8;19;17;1.0;1.0;2.0;3.0;6;13
39;Newcastle United;3;48;Everton FC;1;4;1;1;27751524;39.0;61.0;15;6;9;3;6.0;3.0;6;2;14;14;10;6;24;21;2.0;3.0;2.0;7.0;13;13
39;Newcastle United;1;24;Watford FC;1;2;1;1;27751482;52.0;48.0;9;7;1;4;8.0;3.0;4;6;13;10;5;7;20;13;3.0;2.0;3.0;0.0;9;12
3;Wolverhampton Wanderers;3;45;Southampton FC;1;4;1;1;27751490;52.0;48.0;5;6;4;4;1.0;2.0;2;10;14;15;6;2;11;19;2.0;3.0;3.0;1.0;13;13
37;West Ham United;2;45;Southampton FC;3;5;1;1;27751428;54.0;46.0;9;6;5;6;4.0;0.0;10;2;10;12;2;17;19;19;3.0;3.0;3.0;3.0;10;9
45;Southampton FC;4;50;Brentford FC;1;5;1;1;31317997;54.0;46.0;6;5;4;5;2.0;0.0;5;2;9;9;7;5;19;20;0.0;1.0;4.0;1.0;9;8
48;Everton FC;3;34;Leeds United;0;3;1;1;27751538;44.0;56.0;8;3;7;1;1.0;2.0;5;3;9;9;9;6;26;31;1.0;1.0;1.0;4.0;8;9
24;Watford FC;0;30;Brighton & Hove Albion;2;2;1;1;27751550;36.0;64.0;6;8;2;6;4.0;2.0;4;5;10;17;5;7;21;23;3.0;2.0;4.0;2.0;16;9
24;Watford FC;0;33;Tottenham Hotspur;1;1;1;0;27751470;30.0;70.0;5;9;2;7;3.0;2.0;3;7;12;7;9;6;7;12;0.0;1.0;6.0;2.0;6;9
30;Brighton & Hove Albion;0;6;Burnley FC;3;3;1;1;27751556;68.0;32.0;3;5;0;5;3.0;0.0;4;4;15;13;3;7;20;20;1.0;4.0;2.0;0.0;12;12
34;Leeds United;3;6;Burnley FC;1;4;1;1;27751462;55.0;45.0;10;4;5;2;5.0;2.0;9;3;8;16;9;12;19;15;2.0;1.0;1.0;2.0;11;7
263;Norwich City;2;48;Everton FC;1;3;1;1;27751484;42.0;58.0;3;5;2;4;1.0;1.0;8;8;13;12;5;2;20;20;3.0;1.0;3.0;1.0;9;12
48;Everton FC;2;30;Brighton & Hove Albion;3;5;1;1;27751460;40.0;60.0;10;7;5;5;5.0;2.0;8;5;13;6;4;11;24;18;1.0;1.0;2.0;3.0;5;12
1644;Paris Saint-Germain;1;1658;Stade Rennes;0;1;1;0;27885164;66.0;34.0;7;6;2;1;5.0;5.0;5;3;14;15;7;10;14;14;2.0;1.0;1.0;1.0;12;11
1680;Clermont Foot 63;2;1658;Stade Rennes;1;3;1;1;27885112;49.0;51.0;5;6;3;4;2.0;2.0;4;6;18;10;6;7;31;24;2.0;3.0;3.0;1.0;9;17
1648;RC Lens;1;1658;Stade Rennes;0;1;1;0;27885074;58.0;42.0;8;3;5;0;3.0;3.0;12;1;9;6;11;6;21;28;1.0;1.0;0.0;4.0;5;6
1658;Stade Rennes;2;1715;Stade Brest 29;0;2;1;1;27885138;63.0;37.0;14;2;7;1;7.0;1.0;6;1;10;12;7;9;20;28;3.0;1.0;1.0;5.0;11;8
1658;Stade Rennes;1;1661;OGC Nice;2;3;1;1;27885040;60.0;40.0;15;7;10;4;5.0;3.0;11;6;14;12;6;14;17;15;1.0;4.0;2.0;9.0;10;12
1642;Montpellier HSC;0;1643;Lille OSC;1;1;1;0;27885160;58.0;42.0;8;13;5;7;3.0;6.0;6;4;15;15;8;8;25;24;3.0;4.0;6.0;5.0;13;15
1715;Stade Brest 29;2;1643;Lille OSC;0;2;1;1;27885110;38.0;62.0;7;12;5;4;2.0;8.0;5;10;10;8;17;5;17;20;2.0;3.0;5.0;2.0;6;8
1645;Girondins Bordeaux;2;1643;Lille OSC;3;5;1;1;27885046;38.0;62.0;8;9;4;3;4.0;6.0;5;6;10;12;12;7;32;17;1.0;3.0;0.0;2.0;11;7
1643;Lille OSC;1;1644;Paris Saint-Germain;5;6;1;1;27885126;41.0;59.0;9;16;5;7;4.0;9.0;4;3;9;22;11;4;13;14;2.0;1.0;2.0;4.0;19;9
1652;ESTAC Troyes;1;1641;Olympique Marseille;1;2;1;1;27885204;41.0;59.0;8;4;3;2;5.0;2.0;4;8;10;20;5;7;12;14;5.0;3.0;1.0;2.0;16;10
1715;Stade Brest 29;5;1652;ESTAC Troyes;1;6;1;1;27885148;59.0;41.0;9;5;5;2;4.0;3.0;1;5;15;13;6;11;32;26;1.0;1.0;1.0;0.0;13;11
1684;Angers SCO;2;1652;ESTAC Troyes;1;3;1;1;27885106;48.0;52.0;4;5;3;4;1.0;1.0;3;3;18;18;5;2;15;14;1.0;3.0;3.0;1.0;17;17
1652;ESTAC Troyes;0;1651;FC Metz;0;0;0;0;27885144;47.0;53.0;5;3;2;1;3.0;2.0;6;7;15;9;9;4;24;18;1.0;2.0;1.0;2.0;8;14
1652;ESTAC Troyes;0;1649;Olympique Lyon;1;1;1;0;27885104;34.0;66.0;3;8;1;5;2.0;3.0;4;7;13;13;5;5;15;14;2.0;1.0;4.0;1.0;9;12
1651;FC Metz;1;1641;Olympique Marseille;2;3;1;1;27885156;44.0;56.0;10;9;4;4;6.0;5.0;3;8;10;10;6;8;14;22;2.0;2.0;2.0;3.0;9;10
1648;RC Lens;0;1641;Olympique Marseille;2;2;1;1;27885114;47.0;53.0;6;9;3;6;3.0;3.0;8;5;8;11;6;4;14;8;3.0;2.0;4.0;3.0;7;6
1641;Olympique Marseille;5;1684;Angers SCO;2;7;1;1;27885130;60.0;40.0;16;3;9;2;7.0;1.0;6;2;19;18;4;16;17;10;0.0;3.0;0.0;4.0;13;13
1659;Strasbourg Alsace;1;1647;FC Nantes;0;1;1;0;27885142;52.0;48.0;7;5;1;2;6.0;3.0;7;9;9;6;6;12;22;28;3.0;3.0;2.0;0.0;6;8
1661;OGC Nice;2;1647;FC Nantes;1;3;1;1;27885092;59.0;41.0;6;9;5;3;1.0;6.0;3;5;16;9;8;2;20;20;2.0;1.0;1.0;2.0;9;15
1678;AS Saint-Etienne;0;1647;FC Nantes;1;1;1;0;27885062;50.0;50.0;7;6;4;3;3.0;3.0;5;4;14;11;4;10;26;34;1.0;1.0;2.0;4.0;9;12
1647;FC Nantes;4;1656;FC Lorient;2;6;1;1;27885122;59.0;41.0;8;6;7;4;1.0;2.0;7;6;10;12;6;7;28;28;3.0;0.0;2.0;3.0;12;9
1647;FC Nantes;0;1653;AS Monaco;0;0;0;0;27885084;28.0;72.0;7;5;3;1;4.0;4.0;5;2;16;16;9;8;10;15;1.0;2.0;1.0;3.0;14;11
1642;Montpellier HSC;3;1653;AS Monaco;2;5;1;1;27885120;36.0;64.0;12;14;8;8;4.0;6.0;5;10;11;11;9;8;16;22;2.0;2.0;6.0;5.0;10;11
1653;AS Monaco;0;1656;FC Lorient;0;0;0;0;27885158;62.0;38.0;12;4;5;1;7.0;3.0;11;2;10;20;6;17;32;23;3.0;2.0;1.0;5.0;18;10
1653;AS Monaco;2;1649;Olympique Lyon;0;2;1;1;27885132;51.0;49.0;8;5;5;2;3.0;3.0;3;4;12;20;7;5;17;15;1.0;2.0;2.0;3.0;16;12
1653;AS Monaco;4;1680;Clermont Foot 63;0;4;1;1;27885090;54.0;46.0;12;1;7;1;5.0;0.0;6;1;8;17;5;10;17;23;0.0;1.0;1.0;3.0;13;8
1653;AS Monaco;2;1658;Stade Rennes;1;3;1;1;27885056;50.0;50.0;8;9;3;6;5.0;3.0;7;5;8;14;7;8;23;15;2.0;1.0;5.0;1.0;11;8
1684;Angers SCO;0;1659;Strasbourg Alsace;1;1;1;0;27885146;65.0;35.0;7;5;2;1;5.0;4.0;5;3;17;21;8;9;21;20;3.0;1.0;0.0;2.0;20;11
1645;Girondins Bordeaux;4;1659;Strasbourg Alsace;3;7;1;1;27885108;48.0;52.0;11;13;7;6;4.0;7.0;1;3;14;17;15;5;25;19;5.0;2.0;3.0;3.0;16;12
1680;Clermont Foot 63;0;1659;Strasbourg Alsace;2;2;1;1;31423775;55.0;45.0;7;10;1;6;6.0;4.0;6;4;15;10;6;10;22;20;2.0;0.0;5.0;1.0;9;14
1659;Strasbourg Alsace;0;1641;Olympique Marseille;2;2;1;1;27885042;46.0;54.0;7;6;3;3;4.0;3.0;8;3;14;12;3;7;21;10;2.0;1.0;1.0;3.0;10;13
1656;FC Lorient;0;1642;Montpellier HSC;1;1;1;0;27885172;52.0;48.0;13;7;5;5;8.0;2.0;8;5;11;15;5;12;36;18;2.0;2.0;4.0;5.0;14;9
1649;Olympique Lyon;1;1644;Paris Saint-Germain;1;2;1;1;27885078;32.0;68.0;8;11;4;2;4.0;9.0;2;7;15;18;12;6;12;22;2.0;2.0;1.0;3.0;18;13
1644;Paris Saint-Germain;4;1682;Stade Reims;0;4;1;1;27885124;68.0;32.0;12;7;7;3;5.0;4.0;14;0;11;7;4;11;14;15;0.0;1.0;3.0;3.0;6;10
1644;Paris Saint-Germain;2;1715;Stade Brest 29;0;2;1;1;27885094;65.0;35.0;19;5;11;3;8.0;2.0;9;6;8;13;3;7;10;13;5.0;3.0;3.0;9.0;9;8
1682;Stade Reims;1;1715;Stade Brest 29;1;2;1;1;27885180;43.0;57.0;6;5;2;1;4.0;4.0;1;6;18;15;8;7;20;24;1.0;2.0;1.0;1.0;9;18
1682;Stade Reims;0;1651;FC Metz;1;1;1;0;27885096;56.0;44.0;9;10;3;4;6.0;6.0;11;4;16;17;9;9;27;14;4.0;4.0;3.0;3.0;13;16
1661;OGC Nice;1;1684;Angers SCO;0;1;1;0;27885178;60.0;40.0;9;8;5;2;4.0;6.0;4;5;16;16;9;9;32;17;2.0;2.0;2.0;4.0;13;15
1649;Olympique Lyon;2;1661;OGC Nice;0;2;1;1;27885154;60.0;40.0;9;1;7;1;2.0;0.0;4;1;9;14;2;7;15;21;0.0;1.0;1.0;5.0;11;9
1651;FC Metz;0;1661;OGC Nice;2;2;1;1;27885118;54.0;46.0;5;5;1;4;4.0;1.0;3;4;9;13;3;7;29;19;3.0;1.0;2.0;1.0;12;7
1661;OGC Nice;0;1680;Clermont Foot 63;1;1;1;0;27885134;54.0;46.0;7;10;3;4;4.0;6.0;5;3;10;12;7;8;24;25;1.0;1.0;4.0;3.0;10;9
1661;OGC Nice;2;1648;RC Lens;1;3;1;1;27885060;55.0;45.0;7;8;4;4;3.0;4.0;5;4;15;8;6;12;20;11;0.0;2.0;3.0;2.0;7;11
1649;Olympique Lyon;3;1684;Angers SCO;2;5;1;1;27885270;61.0;39.0;13;6;5;4;8.0;2.0;9;2;17;5;1;10;16;18;1.0;1.0;3.0;2.0;4;13
1643;Lille OSC;0;1649;Olympique Lyon;0;0;0;0;27885030;49.0;51.0;10;5;2;0;8.0;5.0;4;3;16;15;12;9;25;25;2.0;6.0;0.0;1.0;11;14
1649;Olympique Lyon;1;1678;AS Saint-Etienne;0;1;1;0;27885116;62.0;38.0;7;3;4;1;3.0;2.0;2;2;16;15;3;7;23;21;1.0;4.0;1.0;3.0;14;16
1678;AS Saint-Etienne;1;1648;RC Lens;2;3;1;1;27885100;41.0;59.0;7;10;3;5;4.0;5.0;6;6;19;10;9;10;25;20;1.0;1.0;3.0;2.0;9;15
1678;AS Saint-Etienne;3;1642;Montpellier HSC;1;4;1;1;27885140;60.0;40.0;15;2;8;2;7.0;0.0;11;0;5;12;2;17;22;16;1.0;0.0;1.0;5.0;11;4
1715;Stade Brest 29;0;1642;Montpellier HSC;4;4;1;1;27885028;39.0;61.0;10;8;4;4;6.0;4.0;8;2;8;14;6;10;23;14;2.0;1.0;0.0;4.0;14;5
1680;Clermont Foot 63;1;1678;AS Saint-Etienne;2;3;1;1;27885150;44.0;56.0;9;5;4;3;5.0;2.0;6;3;11;16;9;13;29;24;4.0;1.0;1.0;3.0;16;10
1684;Angers SCO;0;1678;AS Saint-Etienne;1;1;1;0;31423769;48.0;52.0;6;7;4;5;2.0;2.0;3;1;15;9;5;8;37;27;1.0;1.0;5.0;4.0;8;13
1684;Angers SCO;0;1680;Clermont Foot 63;1;1;1;0;27885026;60.0;40.0;11;8;4;3;7.0;5.0;8;3;15;8;7;7;21;19;1.0;2.0;2.0;4.0;8;13
1642;Montpellier HSC;4;1684;Angers SCO;1;5;1;1;27885058;57.0;43.0;6;11;5;7;1.0;4.0;1;6;17;13;9;4;21;25;1.0;1.0;6.0;1.0;13;14
1645;Girondins Bordeaux;0;1641;Olympique Marseille;1;1;1;0;27885068;35.0;65.0;4;11;2;4;2.0;7.0;3;9;9;16;14;4;11;18;1.0;1.0;5.0;2.0;13;7
1649;Olympique Lyon;1;1651;FC Metz;1;2;1;1;27885052;70.0;30.0;12;4;4;2;8.0;2.0;13;2;24;13;3;11;22;7;2.0;3.0;1.0;3.0;13;21
1651;FC Metz;0;1659;Strasbourg Alsace;2;2;1;1;27885080;42.0;58.0;7;15;1;8;6.0;7.0;4;3;7;16;15;9;24;21;1.0;1.0;6.0;1.0;13;6
2672;Bayern Munich;3;36360;RB Leipzig;2;5;1;1;27883448;57.0;43.0;19;9;6;7;13.0;2.0;2;0;16;16;5;15;20;13;1.0;3.0;5.0;4.0;11;12
2677;VfB Stuttgart;0;36360;RB Leipzig;2;2;1;1;27883420;51.0;49.0;12;6;9;3;3.0;3.0;5;1;15;11;6;8;29;15;3.0;1.0;1.0;9.0;10;14
36360;RB Leipzig;2;2524;VfL Wolfsburg;0;2;1;1;27883430;53.0;47.0;7;7;4;3;3.0;4.0;4;3;21;22;4;8;18;23;5.0;1.0;3.0;3.0;20;16
2542;VfL Bochum;4;2672;Bayern Munich;2;6;1;1;27883480;36.0;64.0;9;12;6;4;3.0;8.0;4;9;8;17;14;4;17;31;2.0;1.0;3.0;2.0;13;6
2528;Hertha BSC;1;2672;Bayern Munich;4;5;1;1;27883442;36.0;64.0;4;26;2;15;2.0;11.0;4;9;9;7;11;4;8;22;1.0;0.0;11.0;1.0;7;5
2671;1. FC Cologne;0;2672;Bayern Munich;4;4;1;1;27883428;51.0;49.0;9;13;3;9;6.0;4.0;5;12;12;13;8;8;10;26;1.0;0.0;5.0;3.0;7;11
2672;Bayern Munich;1;2527;Borussia Monchengladbach;2;3;1;1;27883394;63.0;37.0;15;6;11;3;4.0;3.0;6;6;12;23;4;7;22;18;0.0;1.0;2.0;10.0;18;11
2671;1. FC Cologne;1;2538;SC Freiburg;0;1;1;0;27883464;48.0;52.0;7;8;3;2;4.0;6.0;8;8;18;15;9;6;18;30;2.0;2.0;2.0;2.0;14;16
2673;Borussia Dortmund;5;2538;SC Freiburg;1;6;1;1;27883412;64.0;36.0;16;2;8;2;8.0;0.0;9;2;9;9;2;10;21;12;2.0;0.0;1.0;3.0;8;8
2547;Union Berlin;0;2538;SC Freiburg;0;0;0;0;27883364;45.0;55.0;5;5;2;1;3.0;4.0;4;3;14;12;7;7;25;13;1.0;1.0;1.0;2.0;10;12
2538;SC Freiburg;1;2556;FSV Mainz;1;2;1;1;27883476;59.0;41.0;12;10;4;3;8.0;7.0;7;3;19;15;11;14;22;21;0.0;2.0;2.0;3.0;15;16
2538;SC Freiburg;2;2677;VfB Stuttgart;0;2;1;1;27883438;51.0;49.0;9;3;3;1;6.0;2.0;6;3;8;14;8;8;20;14;1.0;1.0;1.0;2.0;12;8
2538;SC Freiburg;2;2540;Arminia Bielefeld;2;4;1;1;27883402;56.0;44.0;5;7;2;4;3.0;3.0;7;12;4;9;9;11;17;16;2.0;1.0;2.0;0.0;5;3
2547;Union Berlin;0;2673;Borussia Dortmund;3;3;1;1;27883472;37.0;63.0;9;8;2;7;7.0;1.0;2;5;9;21;3;12;23;13;4.0;1.0;4.0;2.0;19;9
2569;TSG Hoffenheim;2;2673;Borussia Dortmund;3;5;1;1;27883440;57.0;43.0;11;3;3;2;8.0;1.0;7;3;9;20;8;9;17;19;2.0;2.0;0.0;1.0;16;8
2673;Borussia Dortmund;2;2681;Bayer Leverkusen;5;7;1;1;27883450;60.0;40.0;10;4;6;4;4.0;0.0;7;6;11;10;4;13;12;14;1.0;1.0;0.0;1.0;8;10
2673;Borussia Dortmund;3;2551;Greuther Furth;0;3;1;1;27883358;67.0;33.0;7;7;5;2;2.0;5.0;5;8;14;12;7;5;28;15;2.0;2.0;2.0;2.0;10;9
2527;Borussia Monchengladbach;1;2681;Bayer Leverkusen;2;3;1;1;27883418;52.0;48.0;10;17;6;9;4.0;8.0;5;7;20;7;8;8;14;19;2.0;3.0;7.0;5.0;6;19
2681;Bayer Leverkusen;4;2677;VfB Stuttgart;2;6;1;1;27883470;54.0;46.0;9;6;4;3;5.0;3.0;10;0;7;11;7;6;17;9;3.0;2.0;1.0;0.0;10;7
2681;Bayer Leverkusen;5;2600;FC Augsburg;1;6;1;1;27883434;65.0;35.0;18;9;11;4;7.0;5.0;9;5;9;7;6;7;19;17;1.0;2.0;3.0;6.0;6;8
2681;Bayer Leverkusen;2;2547;Union Berlin;2;4;1;1;27883400;61.0;39.0;12;13;8;7;4.0;6.0;11;5;11;9;6;9;20;17;1.0;2.0;5.0;6.0;8;10
2569;TSG Hoffenheim;3;2600;FC Augsburg;1;4;1;1;27883404;57.0;43.0;8;8;5;3;3.0;5.0;2;4;10;17;6;7;25;21;1.0;0.0;2.0;2.0;15;8
2551;Greuther Furth;0;2600;FC Augsburg;0;0;0;0;27883392;46.0;54.0;2;12;2;5;0.0;7.0;6;5;14;9;12;1;32;28;2.0;3.0;5.0;2.0;8;13
2600;FC Augsburg;2;2547;Union Berlin;0;2;1;1;27883458;53.0;47.0;11;9;7;4;4.0;5.0;4;6;19;9;8;11;25;30;0.0;2.0;4.0;5.0;8;16
2600;FC Augsburg;1;2674;Eintracht Frankfurt;1;2;1;1;27883424;47.0;53.0;8;12;6;4;2.0;8.0;4;3;16;18;11;5;24;17;3.0;3.0;3.0;5.0;14;13
2556;FSV Mainz;2;2569;TSG Hoffenheim;0;2;1;1;27883456;44.0;56.0;8;10;4;3;4.0;7.0;5;3;16;14;12;7;19;25;0.0;2.0;3.0;2.0;12;13
2547;Union Berlin;2;2569;TSG Hoffenheim;1;3;1;1;27883416;43.0;57.0;5;7;4;5;1.0;2.0;0;8;11;15;6;3;23;34;0.0;3.0;5.0;2.0;10;11
2569;TSG Hoffenheim;2;2540;Arminia Bielefeld;0;2;1;1;27883478;53.0;47.0;16;3;8;2;8.0;1.0;13;3;16;13;7;12;16;20;2.0;0.0;2.0;6.0;11;13
2674;Eintracht Frankfurt;0;2524;VfL Wolfsburg;2;2;1;1;27883468;59.0;41.0;7;9;1;2;6.0;7.0;10;1;13;14;11;10;35;20;1.0;2.0;0.0;1.0;12;9
2674;Eintracht Frankfurt;2;2673;Borussia Dortmund;3;5;1;1;27883398;40.0;60.0;10;18;5;7;5.0;11.0;4;11;10;12;11;5;12;15;3.0;2.0;4.0;3.0;10;7
2542;VfL Bochum;2;2671;1. FC Cologne;2;4;1;1;27883444;48.0;52.0;10;3;3;2;7.0;1.0;1;5;13;13;8;15;17;19;0.0;3.0;0.0;1.0;10;11
2528;Hertha BSC;1;2671;1. FC Cologne;3;4;1;1;27883406;50.0;50.0;7;11;4;6;3.0;5.0;10;4;22;8;9;5;22;19;3.0;1.0;1.0;0.0;8;15
2671;1. FC Cologne;1;2677;VfB Stuttgart;0;1;1;0;27883388;52.0;48.0;6;3;2;1;4.0;2.0;2;1;16;18;4;8;20;20;3.0;1.0;1.0;1.0;17;13
2540;Arminia Bielefeld;1;2527;Borussia Monchengladbach;1;2;1;1;27883462;43.0;57.0;9;14;5;4;4.0;10.0;5;11;12;18;14;5;18;24;3.0;3.0;3.0;4.0;14;10
2569;TSG Hoffenheim;1;2527;Borussia Monchengladbach;1;2;1;1;27883384;61.0;39.0;10;8;5;5;5.0;3.0;15;3;11;12;4;10;19;13;2.0;2.0;4.0;4.0;6;10
2527;Borussia Monchengladbach;1;2547;Union Berlin;2;3;1;1;27883436;56.0;44.0;7;7;4;4;3.0;3.0;4;1;20;10;5;6;21;20;1.0;2.0;2.0;3.0;10;19
2551;Greuther Furth;2;2556;FSV Mainz;1;3;1;1;27883446;51.0;49.0;7;8;5;3;2.0;5.0;7;8;17;13;13;7;29;30;1.0;1.0;2.0;4.0;12;16
2556;FSV Mainz;1;2542;VfL Bochum;0;1;1;0;27883422;51.0;49.0;11;5;5;2;6.0;3.0;7;3;15;16;6;10;18;23;3.0;3.0;2.0;4.0;16;14
2556;FSV Mainz;4;2528;Hertha BSC;0;4;1;1;27883370;66.0;34.0;16;6;10;1;6.0;5.0;4;2;15;10;5;10;31;23;0.0;2.0;1.0;6.0;10;13
2528;Hertha BSC;1;2542;VfL Bochum;1;2;1;1;27883460;55.0;45.0;5;5;3;1;2.0;4.0;4;7;21;12;6;7;16;24;3.0;1.0;0.0;2.0;11;17
2540;Arminia Bielefeld;2;2542;VfL Bochum;0;2;1;1;27883374;58.0;42.0;9;6;5;4;4.0;2.0;6;2;8;14;11;12;29;35;2.0;2.0;4.0;3.0;13;8
2542;VfL Bochum;1;2524;VfL Wolfsburg;0;1;1;0;27883408;53.0;47.0;8;8;3;5;5.0;3.0;4;2;20;16;6;7;27;30;1.0;2.0;5.0;2.0;15;18
2524;VfL Wolfsburg;4;2551;Greuther Furth;1;5;1;1;27883452;57.0;43.0;9;5;6;4;3.0;1.0;2;3;16;11;3;7;14;27;1.0;2.0;3.0;2.0;10;14
2524;VfL Wolfsburg;0;2528;Hertha BSC;0;0;0;0;27883414;50.0;50.0;6;6;3;1;3.0;5.0;3;2;16;21;7;6;26;26;1.0;1.0;1.0;3.0;13;11
2524;VfL Wolfsburg;2;2671;1. FC Cologne;3;5;1;1;27883360;41.0;59.0;10;13;5;6;5.0;7.0;9;5;10;25;9;7;19;18;3.0;2.0;3.0;3.0;18;9
2540;Arminia Bielefeld;2;2551;Greuther Furth;2;4;1;1;27883426;42.0;58.0;10;4;4;3;6.0;1.0;3;5;8;15;4;9;32;22;4.0;1.0;1.0;2.0;15;6
2551;Greuther Furth;2;2528;Hertha BSC;1;3;1;1;27883482;40.0;60.0;7;16;5;7;2.0;9.0;8;8;16;8;15;7;11;20;2.0;4.0;6.0;3.0;7;12
3249;Ionikos Nikea FC;0;3245;Olympiacos Piraeus;3;3;1;1;28623704;40.0;60.0;8;7;6;4;2.0;3.0;5;1;18;15;6;7;21;15;2.0;1.0;1.0;5.0;15;14
3251;PAOK Thessaloniki;1;3245;Olympiacos Piraeus;1;2;1;1;28623682;55.0;45.0;13;6;6;3;7.0;3.0;8;3;17;10;5;11;21;20;3.0;5.0;1.0;5.0;7;16
3248;Panathinaikos Athens;0;3245;Olympiacos Piraeus;0;0;0;0;28623650;55.0;45.0;6;1;1;0;5.0;1.0;6;0;18;20;3;10;22;19;1.0;4.0;0.0;1.0;15;18
3245;Olympiacos Piraeus;1;3250;AEK Athens;0;1;1;0;28623718;58.0;42.0;6;6;5;5;1.0;1.0;6;10;18;22;8;4;19;12;2.0;1.0;5.0;4.0;21;17
3251;PAOK Thessaloniki;2;3248;Panathinaikos Athens;1;3;1;1;28623710;55.0;45.0;8;3;5;2;3.0;1.0;8;0;14;22;4;5;39;17;5.0;5.0;1.0;2.0;18;11
3248;Panathinaikos Athens;2;120154;PAS Lamia 1964;0;2;1;1;28623720;56.0;44.0;11;2;5;2;6.0;0.0;6;1;22;20;0;9;13;19;1.0;1.0;2.0;4.0;19;23
7004;Panaitolikos Agrinio;0;3252;Aris Thessaloniki;2;2;1;1;28623680;45.0;55.0;9;8;5;3;4.0;5.0;6;0;23;20;9;6;22;15;1.0;2.0;0.0;4.0;17;22
6988;Apollon Smyrnis;0;3252;Aris Thessaloniki;0;0;0;0;28623654;43.0;57.0;5;7;2;4;3.0;3.0;0;7;20;24;7;7;21;31;1.0;0.0;4.0;2.0;23;17
3252;Aris Thessaloniki;0;3251;PAOK Thessaloniki;0;0;0;0;28623728;38.0;62.0;6;6;3;2;3.0;4.0;4;4;20;19;7;3;14;31;0.0;3.0;2.0;3.0;17;20
3252;Aris Thessaloniki;0;373128;Volos NPS;2;2;1;1;28623700;70.0;30.0;13;2;7;2;6.0;0.0;8;3;23;16;1;9;29;9;2.0;4.0;0.0;7.0;15;22
6988;Apollon Smyrnis;0;3251;PAOK Thessaloniki;2;2;1;1;28623694;37.0;63.0;8;14;5;6;3.0;8.0;5;3;17;11;9;5;20;18;3.0;2.0;4.0;5.0;11;17
3251;PAOK Thessaloniki;3;3241;OFI Crete;0;3;1;1;28623652;53.0;47.0;8;7;5;3;3.0;4.0;4;2;19;16;7;7;18;21;2.0;5.0;3.0;3.0;14;15
3241;OFI Crete;2;7004;Panaitolikos Agrinio;4;6;1;1;28623664;60.0;40.0;19;10;9;5;10.0;5.0;5;1;21;14;5;14;25;15;2.0;3.0;1.0;5.0;13;20
7004;Panaitolikos Agrinio;0;6349;PAS Giannina;1;1;1;0;28623708;56.0;44.0;6;7;1;2;5.0;5.0;4;1;19;21;10;11;26;21;2.0;2.0;1.0;1.0;20;19
3249;Ionikos Nikea FC;2;5062;Atromitos Athinon;1;3;1;1;28623674;55.0;45.0;4;10;3;5;1.0;5.0;4;4;13;19;9;6;25;36;4.0;2.0;4.0;1.0;16;12
6349;PAS Giannina;1;5062;Atromitos Athinon;1;2;1;1;28623646;47.0;53.0;8;5;6;3;2.0;2.0;8;4;16;16;3;8;27;13;1.0;2.0;2.0;5.0;15;16
5062;Atromitos Athinon;3;120154;PAS Lamia 1964;1;4;1;1;31934541;50.0;50.0;12;6;7;3;5.0;3.0;6;0;17;16;7;8;18;21;1.0;2.0;2.0;4.0;16;14
373128;Volos NPS;1;3249;Ionikos Nikea FC;1;2;1;1;28623696;57.0;43.0;15;8;10;6;5.0;2.0;4;3;22;16;6;11;22;14;1.0;2.0;3.0;6.0;15;21
6349;PAS Giannina;1;3249;Ionikos Nikea FC;0;1;1;0;28623618;48.0;52.0;9;5;5;1;4.0;4.0;3;4;17;9;7;7;12;22;1.0;2.0;1.0;4.0;7;17
120154;PAS Lamia 1964;2;3241;OFI Crete;1;3;1;1;28623676;54.0;46.0;8;11;3;5;5.0;6.0;9;5;15;20;9;7;33;18;2.0;3.0;4.0;1.0;13;14
3241;OFI Crete;1;6349;PAS Giannina;1;2;1;1;28623634;63.0;37.0;18;3;8;2;10.0;1.0;11;1;21;17;4;15;25;17;2.0;2.0;1.0;7.0;17;18
6342;Asteras Tripolis;2;6349;PAS Giannina;0;2;1;1;28623686;41.0;59.0;3;7;2;4;1.0;3.0;2;6;15;20;10;2;14;27;3.0;1.0;4.0;0.0;20;15
6342;Asteras Tripolis;1;6988;Apollon Smyrnis;0;1;1;0;28623658;54.0;46.0;11;7;4;3;7.0;4.0;6;3;18;23;7;12;16;15;4.0;4.0;3.0;3.0;22;18
6342;Asteras Tripolis;1;373128;Volos NPS;0;1;1;0;28623644;53.0;47.0;11;10;7;4;4.0;6.0;4;7;9;16;8;5;28;28;1.0;2.0;4.0;5.0;13;8
3250;AEK Athens;2;6349;PAS Giannina;0;2;1;1;28623726;50.0;50.0;13;2;5;2;8.0;0.0;7;2;13;14;2;15;29;18;1.0;1.0;2.0;4.0;12;13
6349;PAS Giannina;2;6988;Apollon Smyrnis;0;2;1;1;28623672;50.0;50.0;5;9;4;6;1.0;3.0;2;4;19;24;6;7;26;21;4.0;3.0;6.0;1.0;22;19
3252;Aris Thessaloniki;2;3250;AEK Athens;1;3;1;1;28623684;50.0;50.0;11;8;8;2;3.0;6.0;5;3;17;13;6;4;21;21;1.0;4.0;1.0;6.0;10;16
373128;Volos NPS;0;3251;PAOK Thessaloniki;4;4;1;1;28623668;47.0;53.0;7;17;5;12;2.0;5.0;2;3;15;20;6;4;16;18;2.0;0.0;5.0;4.0;16;15
373128;Volos NPS;1;6988;Apollon Smyrnis;0;1;1;0;31424081;50.0;50.0;8;5;7;2;1.0;3.0;4;5;23;22;4;5;25;23;2.0;2.0;2.0;6.0;17;24
25596;Puskas Akademia FC Felcsut;1;1925;Ferencvarosi Budapest;0;1;1;0;28752564;;;11;4;5;1;6.0;3.0;4;7;8;12;6;8;27;24;3.0;2.0;1.0;4.0;11;5
2705;Empoli FC;2;2702;AS Roma;4;6;1;1;28160272;57.0;43.0;12;10;7;5;5.0;5.0;2;3;15;14;7;9;30;26;2.0;2.0;1.0;5.0;14;14
2702;AS Roma;1;2719;Cagliari Calcio;0;1;1;0;28160260;58.0;42.0;10;5;6;1;4.0;4.0;1;1;16;13;7;8;25;22;3.0;4.0;1.0;5.0;12;14
2711;Sampdoria Genoa;4;2793;Sassuolo Calcio;0;4;1;1;28160304;40.0;60.0;9;18;6;9;3.0;9.0;3;9;16;17;13;3;15;16;2.0;2.0;9.0;2.0;15;16
2696;Torino FC;1;2793;Sassuolo Calcio;1;2;1;1;28160288;52.0;48.0;12;3;4;1;8.0;2.0;4;3;15;28;3;14;13;20;3.0;3.0;0.0;3.0;23;14
2793;Sassuolo Calcio;2;2701;Hellas Verona;4;6;1;1;28160266;56.0;44.0;11;16;5;7;6.0;9.0;9;7;25;5;13;6;22;21;2.0;4.0;3.0;3.0;5;17
2793;Sassuolo Calcio;1;2713;Genoa CFC;1;2;1;1;28160226;74.0;26.0;19;3;9;1;10.0;2.0;7;4;13;8;3;11;27;12;3.0;0.0;0.0;8.0;8;11
2793;Sassuolo Calcio;0;2685;Bologna FC;3;3;1;1;28160204;61.0;39.0;12;9;6;6;6.0;3.0;5;5;19;15;8;9;13;21;1.0;3.0;3.0;6.0;13;12
2687;Juventus Turin;1;2696;Torino FC;1;2;1;1;28160338;41.0;59.0;7;7;4;3;3.0;4.0;7;9;20;18;5;4;16;18;1.0;2.0;2.0;3.0;18;18
2692;AC Milan;0;2687;Juventus Turin;0;0;0;0;28160282;47.0;53.0;9;7;4;1;5.0;6.0;4;1;21;17;7;6;19;13;2.0;2.0;1.0;4.0;15;18
2685;Bologna FC;0;2687;Juventus Turin;2;2;1;1;28160172;58.0;42.0;6;9;3;7;3.0;2.0;8;4;20;7;5;7;14;18;1.0;1.0;5.0;3.0;7;19
2687;Juventus Turin;2;2701;Hellas Verona;0;2;1;1;28160298;47.0;53.0;11;6;8;1;3.0;5.0;6;5;13;11;12;5;17;21;1.0;1.0;1.0;6.0;11;11
2687;Juventus Turin;2;2695;Udinese Calcio;0;2;1;1;28160256;68.0;32.0;9;8;4;3;5.0;5.0;7;6;9;14;6;9;9;19;1.0;2.0;4.0;2.0;13;9
2685;Bologna FC;0;2714;SSC Napoli;2;2;1;1;28160252;34.0;66.0;9;10;4;5;5.0;5.0;1;4;12;9;8;8;18;15;3.0;1.0;3.0;4.0;9;10
2714;SSC Napoli;1;2711;Sampdoria Genoa;0;1;1;0;28160240;69.0;31.0;13;4;5;1;8.0;3.0;13;0;12;14;5;10;13;17;0.0;2.0;1.0;4.0;13;10
2714;SSC Napoli;0;2735;Spezia Calcio;1;1;1;0;28160200;64.0;36.0;16;4;5;1;11.0;3.0;10;5;14;17;3;12;24;17;2.0;3.0;0.0;5.0;14;12
2705;Empoli FC;2;2692;AC Milan;4;6;1;1;28160190;54.0;46.0;12;15;5;8;7.0;7.0;7;3;9;19;9;8;24;10;1.0;2.0;4.0;3.0;17;9
2692;AC Milan;1;2711;Sampdoria Genoa;0;1;1;0;28160320;51.0;49.0;12;2;7;1;5.0;1.0;4;0;14;15;4;10;16;15;3.0;1.0;1.0;6.0;13;11
2692;AC Milan;1;2735;Spezia Calcio;2;3;1;1;28160258;60.0;40.0;18;9;7;6;11.0;3.0;10;1;21;12;4;12;12;12;2.0;5.0;4.0;4.0;11;17
2693;ACF Fiorentina;1;2686;Atalanta BC;0;1;1;0;28160334;56.0;44.0;6;4;3;1;3.0;3.0;2;1;25;20;6;8;16;24;2.0;5.0;1.0;2.0;17;20
2735;Spezia Calcio;1;2693;ACF Fiorentina;2;3;1;1;28160326;33.0;67.0;4;14;1;4;3.0;10.0;4;8;10;21;13;5;17;28;2.0;1.0;2.0;0.0;16;10
2696;Torino FC;4;2693;ACF Fiorentina;0;4;1;1;28160244;57.0;43.0;7;8;6;4;1.0;4.0;1;5;13;18;3;5;21;25;2.0;2.0;4.0;2.0;16;12
2701;Hellas Verona;1;2693;ACF Fiorentina;1;2;1;1;28160194;40.0;60.0;6;7;2;1;4.0;6.0;3;8;7;22;13;5;22;15;2.0;1.0;0.0;1.0;16;5
2693;ACF Fiorentina;6;2713;Genoa CFC;0;6;1;1;28160254;76.0;24.0;19;3;13;0;6.0;3.0;4;0;13;11;4;8;15;12;1.0;3.0;0.0;2.0;10;11
2710;US Salernitana;0;2699;Lazio Rome;3;3;1;1;28160262;26.0;74.0;3;10;1;8;2.0;2.0;3;7;18;11;3;3;20;15;2.0;3.0;5.0;1.0;11;17
2697;Inter Milano;2;2699;Lazio Rome;1;3;1;1;28160238;64.0;36.0;10;6;6;3;4.0;3.0;4;3;14;15;2;6;9;18;1.0;4.0;2.0;4.0;12;13
2699;Lazio Rome;3;2685;Bologna FC;0;3;1;1;28160318;56.0;44.0;8;7;6;3;2.0;4.0;5;3;19;13;9;5;15;9;2.0;2.0;3.0;3.0;13;16
2699;Lazio Rome;0;2686;Atalanta BC;0;0;0;0;28160280;58.0;42.0;6;4;2;2;4.0;2.0;4;1;19;12;4;6;24;19;0.0;3.0;2.0;2.0;10;17
2699;Lazio Rome;3;2705;Empoli FC;3;6;1;1;28160218;60.0;40.0;18;7;8;4;10.0;3.0;9;2;12;14;4;14;25;14;4.0;4.0;1.0;5.0;12;10
2701;Hellas Verona;4;2695;Udinese Calcio;0;4;1;1;28160316;44.0;56.0;6;14;5;6;1.0;8.0;2;7;11;22;12;3;15;21;3.0;1.0;6.0;1.0;18;8
2695;Udinese Calcio;2;2686;Atalanta BC;6;8;1;1;28160246;38.0;62.0;8;12;6;9;2.0;3.0;2;5;12;10;5;3;16;13;2.0;2.0;3.0;5.0;8;11
2686;Atalanta BC;0;2697;Inter Milano;0;0;0;0;28160250;36.0;64.0;8;10;6;3;2.0;7.0;6;4;12;12;13;4;17;18;2.0;2.0;3.0;6.0;12;9
2710;US Salernitana;0;2697;Inter Milano;5;5;1;1;28160182;34.0;66.0;4;17;2;8;2.0;9.0;3;10;10;11;10;4;18;13;1.0;2.0;3.0;2.0;10;10
2697;Inter Milano;2;2688;Venezia FC;1;3;1;1;28160278;70.0;30.0;17;3;11;3;6.0;0.0;6;0;10;15;1;9;26;15;3.0;4.0;2.0;9.0;13;9
2701;Hellas Verona;2;2685;Bologna FC;1;3;1;1;28160276;57.0;43.0;12;6;6;2;6.0;4.0;7;2;9;26;7;9;26;24;2.0;4.0;1.0;4.0;21;9
2713;Genoa CFC;0;2686;Atalanta BC;0;0;0;0;28160192;32.0;68.0;1;12;0;3;1.0;9.0;3;8;18;16;15;4;15;31;2.0;1.0;3.0;0.0;13;15
2713;Genoa CFC;1;2710;US Salernitana;1;2;1;1;28160314;50.0;50.0;15;10;4;4;11.0;6.0;5;4;13;24;7;16;18;16;3.0;2.0;3.0;3.0;20;12
2713;Genoa CFC;0;2735;Spezia Calcio;1;1;1;0;28160234;53.0;47.0;7;14;2;9;5.0;5.0;7;4;16;17;8;9;23;28;3.0;3.0;8.0;2.0;17;15
2711;Sampdoria Genoa;1;2696;Torino FC;2;3;1;1;28160264;33.0;67.0;8;14;3;11;5.0;3.0;3;10;15;16;7;6;10;24;0.0;2.0;9.0;2.0;13;14
2719;Cagliari Calcio;2;2685;Bologna FC;1;3;1;1;28160230;55.0;45.0;8;3;4;1;4.0;2.0;5;5;17;15;4;5;30;29;3.0;2.0;0.0;2.0;14;17
2685;Bologna FC;0;2705;Empoli FC;0;0;0;0;28160292;61.0;39.0;7;7;2;2;5.0;5.0;3;5;17;13;11;7;18;20;2.0;4.0;2.0;2.0;9;16
2710;US Salernitana;2;2735;Spezia Calcio;2;4;1;1;28160302;60.0;40.0;6;6;5;2;1.0;4.0;5;6;20;11;9;2;28;14;3.0;3.0;0.0;3.0;10;19
2693;ACF Fiorentina;4;2710;US Salernitana;0;4;1;1;28160150;71.0;29.0;11;6;7;4;4.0;2.0;1;3;12;11;2;9;17;21;1.0;1.0;4.0;3.0;10;11
2688;Venezia FC;1;2705;Empoli FC;1;2;1;1;28160268;47.0;53.0;9;13;3;6;6.0;7.0;6;5;16;14;7;8;30;16;3.0;5.0;5.0;2.0;14;15
2711;Sampdoria Genoa;1;2688;Venezia FC;1;2;1;1;28160184;47.0;53.0;11;8;6;2;5.0;6.0;4;3;18;9;11;9;21;19;2.0;1.0;2.0;5.0;8;16
502940;Dunbeholden FC;1;502938;Mount Pleasant FC;1;2;1;1;31643473;51.0;49.0;3;8;2;4;1.0;4.0;4;3;24;17;11;11;27;20;1.0;4.0;3.0;1.0;17;23
124528;Portmore United;1;173722;Humble Lions FC;1;2;1;1;31643471;43.0;57.0;6;11;3;5;3.0;6.0;2;6;15;12;9;5;22;26;3.0;4.0;4.0;2.0;12;14
3137;Yokohama Marinos;2;3141;Cerezo Osaka;2;4;1;1;31276197;58.0;42.0;19;4;9;2;10.0;2.0;6;6;19;11;4;11;23;18;0.0;3.0;0.0;7.0;10;15
626766;Chabab Mohammedia;1;55047;Olympique Club of Khouribga;0;1;1;0;29719266;50.0;50.0;1;6;1;2;0.0;4.0;6;8;7;15;6;8;7;16;0.0;1.0;2.0;0.0;15;5
87180;Ittihad Tanger;4;55043;Difaa Hassani d'el-Jadida;2;6;1;1;29719260;55.0;45.0;5;7;5;5;0.0;2.0;3;6;7;5;7;1;7;14;2.0;1.0;3.0;1.0;5;7
55035;Maghreb AS de Fes;1;626766;Chabab Mohammedia;1;2;1;1;29719254;50.0;50.0;5;1;2;1;3.0;0.0;3;3;6;9;2;8;14;16;1.0;1.0;0.0;1.0;9;4
2958;Vitesse Arnhem;0;2952;PSV Eindhoven;5;5;1;1;27647124;53.0;47.0;7;17;2;14;5.0;3.0;6;3;15;12;3;8;25;23;2.0;0.0;9.0;2.0;8;12
2951;FC Groningen;0;2952;PSV Eindhoven;1;1;1;0;27647062;45.0;55.0;4;7;0;2;4.0;5.0;2;5;7;17;10;5;25;40;0.0;1.0;1.0;0.0;15;4
2956;RKC Waalwijk;1;2952;PSV Eindhoven;4;5;1;1;27647034;37.0;63.0;7;19;5;13;2.0;6.0;2;2;10;5;8;5;20;23;1.0;0.0;9.0;4.0;3;4
2952;PSV Eindhoven;1;2950;AZ Alkmaar;2;3;1;1;27647096;52.0;48.0;10;8;4;3;6.0;5.0;8;5;11;10;7;12;32;25;3.0;4.0;1.0;3.0;10;10
2952;PSV Eindhoven;2;2979;Go Ahead Eagles;0;2;1;1;27647050;54.0;46.0;7;0;2;0;5.0;0.0;9;1;5;7;3;9;19;7;1.0;0.0;;;5;4
2948;FC Utrecht;0;2953;Ajax Amsterdam;3;3;1;1;27647064;32.0;68.0;7;8;1;4;6.0;4.0;3;0;17;19;4;8;26;16;2.0;1.0;1.0;1.0;15;13
2953;Ajax Amsterdam;1;2950;AZ Alkmaar;2;3;1;1;27647012;65.0;35.0;4;3;1;3;3.0;0.0;10;1;9;12;2;16;21;15;2.0;1.0;1.0;0.0;7;8
2961;Willem II Tilburg;0;2955;FC Twente Enschede;1;1;1;0;27647080;37.0;63.0;4;6;2;3;2.0;3.0;4;4;7;10;6;4;34;24;1.0;1.0;2.0;2.0;7;5
2951;FC Groningen;2;2979;Go Ahead Eagles;1;3;1;1;27647102;53.0;47.0;13;9;5;5;8.0;4.0;2;5;14;6;8;13;25;20;1.0;1.0;4.0;3.0;6;12
2977;Heracles Almelo;1;2979;Go Ahead Eagles;1;2;1;1;27647084;42.0;58.0;10;7;5;3;5.0;4.0;8;4;7;12;7;9;22;29;2.0;1.0;2.0;4.0;11;7
2979;Go Ahead Eagles;0;2956;RKC Waalwijk;2;2;1;1;27647060;60.0;40.0;8;5;5;2;3.0;3.0;4;6;14;10;8;7;23;26;2.0;2.0;0.0;5.0;6;12
2950;AZ Alkmaar;2;2977;Heracles Almelo;1;3;1;1;27647126;66.0;34.0;11;2;6;1;5.0;1.0;3;3;12;11;1;9;29;21;0.0;1.0;0.0;4.0;10;11
2950;AZ Alkmaar;0;2970;SC Cambuur;0;0;0;0;27647076;64.0;36.0;13;4;5;3;8.0;1.0;18;0;7;9;4;13;24;14;0.0;2.0;3.0;5.0;6;7
2977;Heracles Almelo;4;2951;FC Groningen;2;6;1;1;27647024;60.0;40.0;7;2;6;2;1.0;0.0;9;0;6;9;4;4;14;15;2.0;1.0;0.0;3.0;7;6
2962;NEC Nijmegen;1;2959;Feyenoord Rotterdam;4;5;1;1;27647082;42.0;58.0;4;18;4;10;0.0;8.0;2;9;13;5;11;3;9;23;;;6.0;3.0;4;13
2959;Feyenoord Rotterdam;4;2960;Sparta Rotterdam;0;4;1;1;27647100;70.0;30.0;13;5;6;0;7.0;5.0;5;0;12;14;7;13;24;19;1.0;1.0;0.0;1.0;11;12
2959;Feyenoord Rotterdam;0;2958;Vitesse Arnhem;1;1;1;0;27647056;58.0;42.0;10;3;2;1;8.0;2.0;5;4;6;10;3;17;23;18;2.0;1.0;0.0;2.0;8;6
2959;Feyenoord Rotterdam;0;2953;Ajax Amsterdam;2;2;1;1;27647030;45.0;55.0;4;6;1;1;3.0;5.0;4;4;12;16;9;5;24;17;4.0;3.0;0.0;1.0;13;11
2970;SC Cambuur;1;2960;Sparta Rotterdam;1;2;1;1;27647066;55.0;45.0;9;10;4;6;5.0;4.0;2;4;14;11;7;9;21;22;1.0;1.0;5.0;4.0;11;12
2964;SC Heerenveen;0;2960;Sparta Rotterdam;0;0;0;0;27647004;55.0;45.0;6;7;5;3;1.0;4.0;6;2;13;9;8;3;23;21;2.0;0.0;3.0;5.0;6;10
2961;Willem II Tilburg;0;2960;Sparta Rotterdam;3;3;1;1;27646934;52.0;48.0;8;6;0;5;8.0;1.0;5;7;10;6;6;10;29;25;1.0;3.0;2.0;0.0;6;8
2960;Sparta Rotterdam;0;2948;FC Utrecht;3;3;1;1;27647088;54.0;46.0;8;10;2;7;6.0;3.0;5;7;19;11;5;14;11;26;1.0;2.0;2.0;1.0;8;16
2960;Sparta Rotterdam;1;2956;RKC Waalwijk;1;2;1;1;27647042;53.0;47.0;12;5;7;4;5.0;1.0;7;0;12;11;4;13;29;21;2.0;2.0;3.0;6.0;10;10
2962;NEC Nijmegen;0;2977;Heracles Almelo;0;0;0;0;27647058;49.0;51.0;7;8;1;3;6.0;5.0;3;10;15;8;11;8;13;28;1.0;2.0;3.0;1.0;7;13
2961;Willem II Tilburg;3;2956;RKC Waalwijk;1;4;1;1;27647104;49.0;51.0;6;7;4;4;2.0;3.0;1;7;12;6;7;7;31;30;0.0;2.0;3.0;1.0;6;9
2956;RKC Waalwijk;2;2957;Fortuna Sittard;1;3;1;1;27647072;35.0;65.0;9;10;4;7;5.0;3.0;4;5;12;15;5;8;25;24;2.0;4.0;6.0;2.0;11;9
2957;Fortuna Sittard;2;2964;SC Heerenveen;0;2;1;1;27647092;40.0;60.0;6;7;4;4;2.0;3.0;7;5;15;9;6;8;23;33;2.0;1.0;4.0;2.0;9;13
2964;SC Heerenveen;0;2971;PEC Zwolle;1;1;1;0;27647078;45.0;55.0;11;9;4;6;7.0;3.0;3;6;20;10;8;7;25;15;0.0;2.0;5.0;4.0;10;14
2957;Fortuna Sittard;2;2948;FC Utrecht;2;4;1;1;27647018;52.0;48.0;7;7;3;5;4.0;2.0;1;7;15;8;6;6;18;16;1.0;3.0;3.0;1.0;8;13
2971;PEC Zwolle;0;2957;Fortuna Sittard;1;1;1;0;27647008;65.0;35.0;5;9;2;8;3.0;1.0;9;5;11;16;5;5;29;28;2.0;2.0;7.0;2.0;14;9
2971;PEC Zwolle;1;2962;NEC Nijmegen;1;2;1;1;27647094;49.0;51.0;8;8;3;4;5.0;4.0;5;4;9;13;6;8;28;24;2.0;2.0;3.0;2.0;13;9
2961;Willem II Tilburg;0;2962;NEC Nijmegen;1;1;1;0;27647048;57.0;43.0;6;5;1;4;5.0;1.0;4;2;8;8;3;10;28;15;;;3.0;1.0;6;8
2962;NEC Nijmegen;1;2952;PSV Eindhoven;2;3;1;1;27647016;30.0;70.0;6;15;6;9;0.0;6.0;1;14;16;22;11;1;13;30;2.0;1.0;7.0;5.0;18;13
2958;Vitesse Arnhem;1;2971;PEC Zwolle;0;1;1;0;27647036;49.0;51.0;7;12;3;7;4.0;5.0;2;7;20;18;8;7;17;26;3.0;3.0;7.0;2.0;15;15
2958;Vitesse Arnhem;2;2977;Heracles Almelo;1;3;1;1;27647014;58.0;42.0;9;6;5;4;4.0;2.0;3;5;10;14;10;8;22;19;2.0;2.0;3.0;3.0;13;9
2971;PEC Zwolle;2;2961;Willem II Tilburg;0;2;1;1;27647054;50.0;50.0;10;3;5;0;5.0;3.0;5;6;12;17;5;6;27;22;2.0;1.0;0.0;3.0;15;7
168800;Atletico Chiriqui;0;168802;CA Independiente de La Chorrera;3;3;1;1;31885013;52.0;48.0;9;12;4;6;5.0;6.0;4;3;24;16;8;11;16;12;4.0;4.0;4.0;4.0;16;22
312000;Herrera FC;2;312014;Veraguas CD;0;2;1;1;31885025;44.0;56.0;12;6;8;3;4.0;3.0;6;7;21;19;4;8;19;23;4.0;4.0;3.0;6.0;18;18
5996;Libertad Asuncion;1;818704;Club General Caballero Jlm;0;1;1;0;31959923;62.0;38.0;11;3;6;2;5.0;1.0;6;6;9;5;4;12;19;19;2.0;2.0;2.0;5.0;5;8
5991;Cerro Porteno;2;5994;Club Guarani Asuncion;0;2;1;1;32038555;52.0;48.0;8;5;2;1;6.0;4.0;2;2;12;16;13;7;25;17;1.0;4.0;1.0;0.0;15;11
33001;Nacional Asuncion;2;5991;Cerro Porteno;3;5;1;1;31959927;45.0;55.0;7;11;3;7;4.0;4.0;4;3;9;11;10;8;16;25;2.0;1.0;4.0;1.0;11;7
5991;Cerro Porteno;3;607728;Sportivo Ameliano;2;5;1;1;31058103;60.0;40.0;18;16;9;8;9.0;8.0;3;7;9;7;11;16;13;21;1.0;1.0;6.0;6.0;6;9
322375;Guairena FC;1;5997;Club Olimpia;3;4;1;1;31959921;51.0;49.0;7;8;3;5;4.0;3.0;10;1;12;7;5;12;27;24;1.0;4.0;2.0;2.0;6;11
5994;Club Guarani Asuncion;3;90968;Resistencia FC;3;6;1;1;32038569;46.0;54.0;19;12;10;5;9.0;7.0;11;3;16;3;9;11;19;27;1.0;3.0;3.0;7.0;2;15
607728;Sportivo Ameliano;1;90968;Resistencia FC;4;5;1;1;31959919;;;5;5;1;4;4.0;1.0;9;4;12;8;6;11;27;23;1.0;4.0;;;6;11
818704;Club General Caballero Jlm;2;5999;Tacuary Asuncion;0;2;1;1;32038557;46.0;54.0;9;10;6;1;3.0;9.0;6;5;9;15;11;10;23;14;1.0;3.0;1.0;4.0;12;8
5999;Tacuary Asuncion;1;5989;12 de Octubre de Itaugua;1;2;1;1;31959917;53.0;47.0;8;10;2;5;6.0;5.0;8;1;14;13;12;11;29;35;2.0;3.0;4.0;1.0;12;11
322375;Guairena FC;0;5994;Club Guarani Asuncion;0;0;0;0;31058107;47.0;53.0;5;5;1;3;4.0;2.0;3;8;4;17;8;9;20;27;2.0;2.0;3.0;1.0;13;4
5994;Club Guarani Asuncion;0;36439;Sol de America Villa Elisa;1;1;1;0;31959925;44.0;56.0;6;10;2;4;4.0;6.0;4;6;12;11;10;8;16;18;3.0;4.0;3.0;2.0;9;12
36439;Sol de America Villa Elisa;0;33001;Nacional Asuncion;0;0;0;0;31058105;44.0;56.0;3;7;1;2;2.0;5.0;2;7;10;11;11;9;18;26;5.0;2.0;2.0;1.0;9;5
5989;12 de Octubre de Itaugua;2;607728;Sportivo Ameliano;1;3;1;1;32038553;53.0;47.0;7;7;4;3;3.0;4.0;4;5;10;9;11;9;28;29;2.0;1.0;2.0;2.0;8;10
87854;UTC de Cajamarca;2;2312;Sport Boys Association;1;3;1;1;31786793;58.0;42.0;16;6;8;3;8.0;3.0;5;2;20;15;7;12;30;21;2.0;1.0;0.0;1.0;15;16
3113;KGHM Zaglebie Lubin;1;3106;Legia Warszawa;3;4;1;1;27824254;41.0;59.0;10;4;6;2;4.0;2.0;7;1;12;17;4;4;26;16;2.0;3.0;0.0;5.0;16;10
3122;Wisla Plock;1;3106;Legia Warszawa;0;1;1;0;27824230;45.0;55.0;6;11;1;6;5.0;5.0;2;5;18;20;8;9;20;19;3.0;4.0;6.0;0.0;18;15
4901;MKS Cracovia Krakow;1;3106;Legia Warszawa;0;1;1;0;27824198;40.0;60.0;5;10;3;5;2.0;5.0;7;7;17;29;16;4;12;15;3.0;3.0;5.0;2.0;27;15
3106;Legia Warszawa;0;7295;RKS Radomiak Radom;3;3;1;1;27824236;56.0;44.0;7;9;3;7;4.0;2.0;4;5;15;13;5;12;19;20;1.0;3.0;4.0;3.0;12;14
7295;RKS Radomiak Radom;0;35268;RKS Rakow Czestochowa;1;1;1;0;27824280;50.0;50.0;9;8;2;4;7.0;4.0;3;4;21;19;6;12;22;14;3.0;6.0;3.0;2.0;17;21
35268;RKS Rakow Czestochowa;2;3111;Wisla Krakow;0;2;1;1;27824262;55.0;45.0;18;4;8;2;10.0;2.0;5;4;17;11;6;11;21;24;0.0;2.0;2.0;7.0;10;16
35268;RKS Rakow Czestochowa;5;7691;Jagiellonia Bialystok;0;5;1;1;27823938;62.0;38.0;15;8;10;3;5.0;5.0;7;4;20;24;7;10;15;20;2.0;2.0;2.0;5.0;21;20
35268;RKS Rakow Czestochowa;1;3110;KS Gornik Zabrze;2;3;1;1;30510841;55.0;45.0;8;10;5;5;3.0;5.0;7;3;19;18;10;8;26;21;2.0;0.0;3.0;4.0;18;17
3108;WKS Slask Wroclaw;1;7918;GKS Piast Gliwice;3;4;1;1;27824302;55.0;45.0;5;6;2;2;3.0;4.0;4;1;18;11;4;10;24;22;2.0;3.0;0.0;2.0;8;11
7295;RKS Radomiak Radom;2;7918;GKS Piast Gliwice;2;4;1;1;30765421;49.0;51.0;7;5;4;2;3.0;3.0;7;4;20;19;5;5;22;22;2.0;2.0;0.0;2.0;18;19
7918;GKS Piast Gliwice;1;38732;FKS Stal Mielec;1;2;1;1;27824238;52.0;48.0;8;5;5;3;3.0;2.0;5;2;16;21;4;8;19;16;5.0;3.0;2.0;4.0;20;15
7918;GKS Piast Gliwice;2;36851;Bruk-Bet Termalica Nieciecza;1;3;1;1;27824182;54.0;46.0;11;3;7;1;4.0;2.0;7;2;18;14;12;7;19;22;3.0;4.0;0.0;4.0;12;18
7918;GKS Piast Gliwice;0;7922;KS Warta Poznan;1;1;1;0;27824146;62.0;38.0;4;4;1;1;3.0;3.0;5;7;13;15;6;7;30;18;1.0;2.0;0.0;1.0;13;11
38732;FKS Stal Mielec;2;3122;Wisla Plock;1;3;1;1;27824210;;;4;9;3;4;1.0;5.0;0;6;17;8;10;9;16;17;3.0;6.0;3.0;1.0;7;17
3122;Wisla Plock;1;7913;KS Lechia Gdansk;0;1;1;0;27824246;50.0;50.0;7;10;6;4;1.0;6.0;9;8;20;16;11;3;20;31;4.0;3.0;3.0;5.0;12;18
3110;KS Gornik Zabrze;2;3117;MKS Pogon Szczecin;2;4;1;1;27824216;55.0;45.0;6;4;3;2;3.0;2.0;6;3;18;14;5;7;27;24;3.0;3.0;0.0;2.0;12;15
36851;Bruk-Bet Termalica Nieciecza;1;3117;MKS Pogon Szczecin;3;4;1;1;27824196;50.0;50.0;11;9;6;6;5.0;3.0;5;5;22;17;5;10;20;17;2.0;3.0;3.0;5.0;15;18
3117;MKS Pogon Szczecin;1;7922;KS Warta Poznan;1;2;1;1;27824240;60.0;40.0;5;4;2;3;3.0;1.0;11;2;21;12;3;10;20;27;1.0;1.0;4.0;5.0;12;19
7913;KS Lechia Gdansk;1;3121;KKS Lech Poznan;0;1;1;0;27824294;42.0;58.0;6;17;2;7;4.0;10.0;5;9;10;12;15;9;25;18;2.0;0.0;7.0;1.0;10;7
4901;MKS Cracovia Krakow;3;3121;KKS Lech Poznan;3;6;1;1;27824252;46.0;54.0;5;8;3;6;2.0;2.0;2;5;13;19;9;6;24;9;3.0;1.0;;;14;11
3121;KKS Lech Poznan;2;3110;KS Gornik Zabrze;1;3;1;1;27824234;57.0;43.0;15;5;7;2;8.0;3.0;11;6;6;14;2;8;23;21;2.0;2.0;1.0;5.0;13;5
7922;KS Warta Poznan;1;3125;Gornik Leczna;1;2;1;1;27824266;57.0;43.0;12;3;4;1;8.0;2.0;8;3;18;9;7;11;26;10;2.0;2.0;0.0;3.0;8;16
7922;KS Warta Poznan;2;3108;WKS Slask Wroclaw;1;3;1;1;27824228;38.0;62.0;8;9;5;4;3.0;5.0;0;4;15;21;7;3;17;27;5.0;1.0;3.0;3.0;19;14
3125;Gornik Leczna;2;3113;KGHM Zaglebie Lubin;1;3;1;1;27824242;50.0;50.0;13;6;7;4;6.0;2.0;3;3;24;15;8;8;21;17;3.0;3.0;3.0;5.0;15;22
3106;Legia Warszawa;4;3113;KGHM Zaglebie Lubin;0;4;1;1;28488950;60.0;40.0;11;6;8;4;3.0;2.0;9;5;14;17;3;3;22;16;2.0;0.0;2.0;4.0;16;12
3111;Wisla Krakow;3;36851;Bruk-Bet Termalica Nieciecza;0;3;1;1;27824244;55.0;45.0;13;8;6;3;7.0;5.0;9;4;6;17;11;10;15;20;2.0;2.0;3.0;3.0;15;6
38732;FKS Stal Mielec;1;36851;Bruk-Bet Termalica Nieciecza;0;1;1;0;27824226;42.0;58.0;9;7;6;2;3.0;5.0;5;9;12;14;14;7;11;18;2.0;2.0;2.0;5.0;14;12
36851;Bruk-Bet Termalica Nieciecza;2;7691;Jagiellonia Bialystok;1;3;1;1;27824250;45.0;55.0;4;11;2;6;2.0;5.0;4;7;25;18;9;6;20;22;3.0;6.0;2.0;0.0;16;18
3117;MKS Pogon Szczecin;5;7913;KS Lechia Gdansk;1;6;1;1;27824184;58.0;42.0;13;4;7;2;6.0;2.0;6;1;16;12;8;9;22;28;4.0;0.0;3.0;3.0;11;15
7913;KS Lechia Gdansk;1;7691;Jagiellonia Bialystok;2;3;1;1;27824220;57.0;43.0;12;9;8;4;4.0;5.0;8;5;14;16;5;7;23;28;3.0;2.0;2.0;7.0;16;12
38732;FKS Stal Mielec;1;3110;KS Gornik Zabrze;2;3;1;1;27824264;44.0;56.0;7;14;5;6;2.0;8.0;9;4;18;6;9;6;27;18;2.0;5.0;3.0;5.0;5;17
3110;KS Gornik Zabrze;3;3108;WKS Slask Wroclaw;1;4;1;1;27824200;55.0;45.0;17;7;8;3;9.0;4.0;1;6;13;15;8;9;13;17;2.0;2.0;2.0;5.0;14;12
7691;Jagiellonia Bialystok;1;3125;Gornik Leczna;2;3;1;1;27824202;55.0;45.0;8;5;3;2;5.0;3.0;4;5;19;17;4;9;26;18;2.0;1.0;1.0;2.0;15;17
3108;WKS Slask Wroclaw;0;4901;MKS Cracovia Krakow;2;2;1;1;27824248;51.0;49.0;5;7;1;4;4.0;3.0;5;7;21;13;10;8;20;26;3.0;2.0;2.0;1.0;11;17
3122;Wisla Plock;2;4901;MKS Cracovia Krakow;1;3;1;1;27824192;49.0;51.0;11;10;6;7;5.0;3.0;2;5;20;21;7;10;15;26;6.0;2.0;6.0;2.0;21;17
3111;Wisla Krakow;1;4901;MKS Cracovia Krakow;0;1;1;0;27824154;54.0;46.0;5;9;3;7;2.0;2.0;3;3;16;13;11;7;23;32;3.0;3.0;7.0;2.0;12;16
4901;MKS Cracovia Krakow;0;3125;Gornik Leczna;2;2;1;1;27824214;49.0;51.0;10;8;5;5;5.0;3.0;2;5;11;21;6;10;21;13;2.0;3.0;3.0;5.0;20;10
3111;Wisla Krakow;0;38732;FKS Stal Mielec;1;1;1;0;27824282;60.0;40.0;3;11;0;6;3.0;5.0;3;4;17;21;9;8;21;28;2.0;2.0;5.0;0.0;17;13
3125;Gornik Leczna;1;3110;KS Gornik Zabrze;2;3;1;1;27824186;47.0;53.0;4;16;2;10;2.0;6.0;2;8;20;9;13;8;17;14;1.0;3.0;8.0;1.0;9;19
4500;Estoril Praia;2;3002;FC Porto;3;5;1;1;28077336;44.0;56.0;5;11;3;9;2.0;2.0;2;7;18;16;10;6;26;16;5.0;2.0;10.0;1.0;15;16
3002;FC Porto;2;3007;Maritimo Madeira;1;3;1;1;28077390;59.0;41.0;8;7;5;2;3.0;5.0;1;3;15;31;6;7;21;18;4.0;5.0;1.0;3.0;29;15
3004;Belenenses Lisbon;1;3001;Sporting Lisbon;4;5;1;1;28077376;34.0;66.0;3;13;2;5;1.0;8.0;1;4;20;26;9;2;13;28;5.0;1.0;5.0;1.0;23;18
5136;FC Vizela;0;3001;Sporting Lisbon;2;2;1;1;28077340;40.0;60.0;5;13;2;6;3.0;7.0;2;4;16;21;9;6;18;18;3.0;3.0;4.0;2.0;15;13
3001;Sporting Lisbon;2;49531;FC Famalicao;0;2;1;1;28077402;53.0;47.0;6;6;4;4;2.0;2.0;4;4;20;18;6;3;31;24;2.0;2.0;4.0;2.0;15;19
3001;Sporting Lisbon;1;2999;SC Braga;2;3;1;1;28077360;60.0;40.0;8;7;4;3;4.0;4.0;3;4;12;24;6;7;26;23;3.0;4.0;1.0;3.0;19;12
3003;FC Pacos Ferreira;1;3026;Portimonense SC;1;2;1;1;28077406;51.0;49.0;13;11;4;7;9.0;4.0;8;7;24;24;6;11;12;16;5.0;5.0;6.0;4.0;22;23
3003;FC Pacos Ferreira;1;2995;Boavista Porto;1;2;1;1;28077368;50.0;50.0;4;16;2;10;2.0;6.0;7;0;17;20;10;2;12;29;4.0;5.0;9.0;1.0;16;17
3003;FC Pacos Ferreira;2;3011;Santa Clara Azores;1;3;1;1;28077308;51.0;49.0;6;8;2;5;4.0;3.0;2;4;23;15;5;7;18;18;4.0;3.0;4.0;0.0;15;23
25777;FC Arouca;0;3006;Benfica Lisbon;2;2;1;1;28077358;44.0;56.0;7;5;1;4;6.0;1.0;2;2;19;21;5;10;19;24;5.0;1.0;2.0;1.0;20;15
3002;FC Porto;3;3006;Benfica Lisbon;1;4;1;1;28077306;;;8;8;6;5;2.0;3.0;5;7;10;13;6;7;14;27;3.0;4.0;4.0;3.0;11;9
3006;Benfica Lisbon;2;3011;Santa Clara Azores;1;3;1;1;28077416;66.0;34.0;11;5;4;3;7.0;2.0;7;2;17;14;2;13;30;18;3.0;5.0;2.0;2.0;12;16
3006;Benfica Lisbon;1;3010;Gil Vicente Barcelos;2;3;1;1;28077384;55.0;45.0;14;10;6;6;8.0;4.0;13;3;9;18;7;11;20;30;4.0;3.0;4.0;5.0;15;6
3006;Benfica Lisbon;1;3014;Moreirense FC;1;2;1;1;28077348;74.0;26.0;13;6;3;3;10.0;3.0;9;1;11;15;5;12;42;14;3.0;5.0;3.0;2.0;13;11
25777;FC Arouca;0;2999;SC Braga;6;6;1;1;28077320;57.0;43.0;4;11;0;8;4.0;3.0;1;1;19;15;4;5;29;25;1.0;2.0;2.0;0.0;13;16
2999;SC Braga;2;3014;Moreirense FC;0;2;1;1;28077382;58.0;42.0;8;9;5;1;3.0;8.0;9;2;12;23;13;7;17;22;3.0;1.0;1.0;3.0;21;12
2999;SC Braga;0;3007;Maritimo Madeira;1;1;1;0;28077354;65.0;35.0;10;5;4;3;6.0;2.0;7;4;9;20;6;10;24;19;2.0;1.0;2.0;4.0;19;8
3011;Santa Clara Azores;2;2995;Boavista Porto;1;3;1;1;28077388;53.0;47.0;8;6;4;5;4.0;1.0;2;5;16;15;8;5;21;21;3.0;4.0;3.0;2.0;15;14
2995;Boavista Porto;1;38396;CD Tondela;1;2;1;1;28077332;60.0;40.0;9;5;2;2;7.0;3.0;9;4;17;21;3;10;27;17;3.0;1.0;1.0;1.0;21;16
5136;FC Vizela;3;3009;Vitoria Guimarares;2;5;1;1;28077380;50.0;50.0;14;12;6;8;8.0;4.0;6;10;16;20;9;10;21;25;3.0;3.0;6.0;3.0;17;16
3026;Portimonense SC;1;3009;Vitoria Guimarares;1;2;1;1;28077346;66.0;34.0;10;11;5;6;5.0;5.0;6;4;19;16;10;13;27;15;4.0;5.0;5.0;4.0;13;18
3009;Vitoria Guimarares;3;4500;Estoril Praia;1;4;1;1;28077372;50.0;50.0;12;8;9;4;3.0;4.0;4;4;12;12;6;11;21;19;4.0;3.0;3.0;5.0;11;12
3009;Vitoria Guimarares;1;2995;Boavista Porto;1;2;1;1;28077310;60.0;40.0;8;6;1;3;7.0;3.0;11;4;18;22;4;11;21;18;6.0;2.0;2.0;0.0;22;15
49531;FC Famalicao;0;25777;FC Arouca;0;0;0;0;28077392;53.0;47.0;3;3;2;2;1.0;1.0;4;4;29;19;4;4;30;27;2.0;3.0;1.0;1.0;14;26
4500;Estoril Praia;1;25777;FC Arouca;2;3;1;1;31544231;47.0;53.0;5;12;3;5;2.0;7.0;4;9;18;16;8;7;21;24;3.0;2.0;1.0;2.0;15;18
3011;Santa Clara Azores;2;38396;CD Tondela;2;4;1;1;28077352;53.0;47.0;12;8;8;6;4.0;2.0;11;5;18;13;6;9;24;28;1.0;1.0;4.0;6.0;12;16
38396;CD Tondela;2;5136;FC Vizela;3;5;1;1;28077374;54.0;46.0;8;15;4;10;4.0;5.0;6;10;19;20;10;6;19;26;5.0;6.0;7.0;2.0;17;17
49531;FC Famalicao;1;3004;Belenenses Lisbon;0;1;1;0;31318143;55.0;45.0;5;8;3;5;2.0;3.0;5;5;22;20;8;4;27;35;1.0;2.0;5.0;2.0;20;19
3026;Portimonense SC;1;3007;Maritimo Madeira;2;3;1;1;28077334;51.0;49.0;11;10;4;5;7.0;5.0;7;4;16;13;7;10;13;11;4.0;3.0;3.0;3.0;11;15
4500;Estoril Praia;1;38396;CD Tondela;0;1;1;0;28077424;46.0;54.0;13;5;6;2;7.0;3.0;1;2;15;22;8;6;21;22;2.0;3.0;2.0;5.0;21;14
38396;CD Tondela;2;3014;Moreirense FC;1;3;1;1;30780303;46.0;54.0;10;8;5;4;5.0;4.0;1;3;24;14;5;9;20;31;2.0;2.0;3.0;3.0;11;20
3014;Moreirense FC;1;4500;Estoril Praia;0;1;1;0;28077312;32.0;68.0;5;10;3;4;2.0;6.0;7;11;12;16;7;7;16;32;2.0;4.0;4.0;2.0;13;11
23575;CS Gaz Metan Medias;1;5287;FC CFR 1907 Cluj;2;3;1;1;27958326;31.0;69.0;12;17;2;9;10.0;8.0;5;4;15;14;10;11;14;20;3.0;1.0;6.0;1.0;12;12
3301;Fotbal Club FCSB;3;5287;FC CFR 1907 Cluj;3;6;1;1;27958256;50.0;50.0;12;9;6;7;6.0;2.0;3;2;15;14;6;9;19;30;4.0;2.0;4.0;3.0;10;13
5287;FC CFR 1907 Cluj;0;221210;FC Uta Arad;0;0;0;0;27958308;55.0;45.0;12;7;5;5;7.0;2.0;4;1;19;10;5;9;26;18;2.0;2.0;4.0;5.0;8;18
5287;FC CFR 1907 Cluj;1;24798;FC Botosani;1;2;1;1;27958272;55.0;45.0;16;5;5;3;11.0;2.0;4;3;14;9;6;11;22;19;5.0;3.0;2.0;5.0;8;13
276385;ACS Sepsi OSK Sfantu Gheorghe;3;116223;CS Universitatea Craiova 1948;1;4;1;1;27958276;52.0;48.0;11;6;7;3;4.0;3.0;6;1;14;9;6;6;11;12;3.0;1.0;2.0;4.0;7;12
24798;FC Botosani;1;276385;ACS Sepsi OSK Sfantu Gheorghe;0;1;1;0;27958258;46.0;54.0;10;10;4;2;6.0;8.0;1;7;11;13;14;8;17;21;2.0;0.0;2.0;3.0;11;10
44255;FC Voluntari;0;3302;Rapid Bucuresti 1923;0;0;0;0;27958316;40.0;60.0;7;10;4;6;3.0;4.0;6;1;11;11;7;9;24;29;3.0;2.0;1.0;1.0;9;11
23575;CS Gaz Metan Medias;1;3302;Rapid Bucuresti 1923;1;2;1;1;27958298;42.0;58.0;7;6;1;2;6.0;4.0;5;4;12;13;10;8;20;20;2.0;1.0;1.0;0.0;8;12
221210;FC Uta Arad;2;24789;FC Academica Clinceni;0;2;1;1;27958354;58.0;42.0;14;6;4;4;10.0;2.0;7;2;15;19;4;18;21;19;1.0;1.0;4.0;2.0;17;14
44255;FC Voluntari;2;221210;FC Uta Arad;1;3;1;1;27958252;46.0;54.0;9;9;4;4;5.0;5.0;4;3;10;17;10;7;28;28;3.0;0.0;3.0;2.0;15;9
515142;FC U Craiova 1948;1;116221;ACS Champions FC Arges;0;1;1;0;27972664;56.0;44.0;9;1;2;1;7.0;0.0;3;3;18;20;2;13;20;30;3.0;1.0;1.0;1.0;17;17
3301;Fotbal Club FCSB;3;56127;AFC Chindia Targoviste;2;5;1;1;27958324;56.0;44.0;11;7;8;3;3.0;4.0;9;0;18;14;5;10;29;15;1.0;3.0;1.0;5.0;13;16
56127;AFC Chindia Targoviste;1;116221;ACS Champions FC Arges;1;2;1;1;27958310;44.0;56.0;10;6;6;3;4.0;3.0;10;4;16;16;3;4;26;25;0.0;1.0;2.0;5.0;13;15
56127;AFC Chindia Targoviste;0;7731;CS Mioveni;0;0;0;0;27958282;52.0;48.0;12;4;4;1;8.0;3.0;6;1;19;17;7;13;33;24;2.0;3.0;1.0;4.0;12;19
24789;FC Academica Clinceni;0;3301;Fotbal Club FCSB;3;3;1;1;27958306;;;4;13;3;5;1.0;8.0;2;8;9;20;12;1;11;20;5.0;2.0;4.0;2.0;17;8
3292;FC Dinamo Bucuresti 1948;0;3301;Fotbal Club FCSB;3;3;1;1;27958270;51.0;49.0;5;8;1;5;4.0;3.0;5;8;28;10;9;10;21;9;4.0;2.0;;;9;27
3301;Fotbal Club FCSB;2;515142;FC U Craiova 1948;2;4;1;1;27972666;;;10;4;8;3;2.0;1.0;11;1;16;16;2;8;22;22;3.0;3.0;1.0;6.0;13;15
24798;FC Botosani;0;7731;CS Mioveni;0;0;0;0;27958358;65.0;35.0;9;3;3;2;6.0;1.0;7;1;16;13;4;15;38;27;3.0;4.0;2.0;3.0;9;15
24798;FC Botosani;4;3292;FC Dinamo Bucuresti 1948;0;4;1;1;27958286;45.0;55.0;6;8;5;4;1.0;4.0;2;4;11;7;12;2;27;24;0.0;4.0;4.0;1.0;7;9
3294;FC Farul Constanta;3;44255;FC Voluntari;0;3;1;1;27958332;59.0;41.0;11;5;7;2;4.0;3.0;6;7;12;15;5;10;22;19;3.0;4.0;2.0;5.0;14;12
3294;FC Farul Constanta;3;515142;FC U Craiova 1948;2;5;1;1;27972662;60.0;40.0;11;14;10;6;1.0;8.0;5;6;8;15;11;2;17;19;2.0;1.0;3.0;5.0;12;8
56127;AFC Chindia Targoviste;0;44255;FC Voluntari;0;0;0;0;27958268;44.0;56.0;6;3;3;1;3.0;2.0;1;3;13;10;10;7;23;26;2.0;3.0;1.0;3.0;10;11
44255;FC Voluntari;3;23575;CS Gaz Metan Medias;1;4;1;1;27958284;65.0;35.0;8;5;5;3;3.0;2.0;4;6;13;25;5;7;15;21;0.0;1.0;1.0;2.0;24;9
23575;CS Gaz Metan Medias;1;116223;CS Universitatea Craiova 1948;1;2;1;1;27958248;42.0;58.0;4;10;1;4;3.0;6.0;0;8;20;19;13;7;29;29;3.0;3.0;3.0;0.0;16;14
2322;PFK Krylia Sovetov Samara;0;2325;CSKA Moscow;1;1;1;0;27752520;49.0;51.0;13;9;7;6;6.0;3.0;6;4;14;4;6;12;20;13;1.0;2.0;5.0;7.0;4;12
2334;FK Sochi;4;2325;CSKA Moscow;1;5;1;1;27752478;51.0;49.0;12;7;8;6;4.0;1.0;6;2;15;9;3;4;13;21;1.0;0.0;5.0;2.0;7;8
2333;FK Rubin Kazan;1;2325;CSKA Moscow;0;1;1;0;27752458;47.0;53.0;13;15;6;5;7.0;10.0;4;3;15;10;14;7;19;29;2.0;4.0;3.0;2.0;9;14
7529;FK Ural Yekaterinburg;0;2325;CSKA Moscow;1;1;1;0;27752432;33.0;67.0;7;11;2;3;5.0;8.0;5;7;12;10;12;9;13;19;1.0;0.0;2.0;2.0;8;11
2325;CSKA Moscow;0;2321;FK Zenit Saint Petersburg;2;2;1;1;27752500;53.0;47.0;8;6;5;3;3.0;3.0;7;1;11;7;4;10;26;23;1.0;1.0;1.0;5.0;6;10
35301;PFK Arsenal Tula;2;2321;FK Zenit Saint Petersburg;1;3;1;1;27752430;27.0;73.0;6;17;3;7;3.0;10.0;2;8;10;14;19;6;10;20;5.0;1.0;5.0;0.0;11;8
2321;FK Zenit Saint Petersburg;4;2315;FK Dinamo Moscow;1;5;1;1;27752452;61.0;39.0;8;12;7;7;1.0;5.0;7;2;17;11;8;3;16;21;3.0;4.0;6.0;2.0;9;17
2323;FK Spartak Moscow;2;2315;FK Dinamo Moscow;2;4;1;1;27752420;56.0;44.0;9;6;4;2;5.0;4.0;7;1;13;9;6;7;20;25;2.0;6.0;0.0;2.0;8;10
2315;FK Dinamo Moscow;5;35301;PFK Arsenal Tula;1;6;1;1;27752494;60.0;40.0;12;8;9;4;3.0;4.0;7;2;10;13;4;7;25;17;2.0;3.0;3.0;3.0;13;10
2315;FK Dinamo Moscow;1;34425;FK Krasnodar;0;1;1;0;27752474;36.0;64.0;6;13;4;4;2.0;9.0;1;5;15;14;10;4;28;25;2.0;1.0;4.0;3.0;13;12
35301;PFK Arsenal Tula;1;2334;FK Sochi;2;3;1;1;27752460;53.0;47.0;10;8;5;4;5.0;4.0;3;3;14;12;7;11;17;16;1.0;3.0;2.0;3.0;9;12
2320;Lokomotiv Moscow;2;2334;FK Sochi;1;3;1;1;27752444;42.0;58.0;6;5;5;1;1.0;4.0;4;8;19;17;5;2;16;32;3.0;3.0;0.0;4.0;12;14
34425;FK Krasnodar;0;212844;FK Nizhny Novgorod;0;0;0;0;27752534;80.0;20.0;10;3;5;2;5.0;1.0;7;3;10;14;2;11;23;23;4.0;3.0;1.0;5.0;14;8
2338;FK Khimki;3;34425;FK Krasnodar;3;6;1;1;27752514;44.0;56.0;6;12;6;8;0.0;4.0;9;6;9;14;7;3;16;13;1.0;1.0;5.0;3.0;10;7
212844;FK Nizhny Novgorod;1;34425;FK Krasnodar;4;5;1;1;27752448;39.0;61.0;3;18;2;12;1.0;6.0;8;6;17;9;13;3;19;11;4.0;3.0;8.0;1.0;8;11
34425;FK Krasnodar;2;2323;FK Spartak Moscow;1;3;1;1;27752488;47.0;53.0;10;10;3;5;7.0;5.0;5;8;14;22;9;7;18;17;3.0;3.0;4.0;1.0;16;13
34425;FK Krasnodar;1;74241;FK Ufa;1;2;1;1;27752422;68.0;32.0;18;5;9;1;9.0;4.0;10;0;12;14;8;16;22;9;2.0;3.0;0.0;7.0;13;10
212844;FK Nizhny Novgorod;0;2322;PFK Krylia Sovetov Samara;0;0;0;0;27752508;38.0;62.0;0;10;0;4;0.0;6.0;3;4;13;12;7;3;14;16;2.0;2.0;4.0;0.0;11;12
5131;RFK Akhmat Grozny;4;2338;FK Khimki;1;5;1;1;27752544;53.0;47.0;14;6;8;3;6.0;3.0;10;3;7;19;4;7;18;20;0.0;2.0;2.0;4.0;13;6
74241;FK Ufa;1;5131;RFK Akhmat Grozny;0;1;1;0;27752464;43.0;57.0;8;7;4;1;4.0;6.0;1;3;9;10;11;6;35;30;2.0;3.0;1.0;3.0;9;8
2338;FK Khimki;2;5131;RFK Akhmat Grozny;0;2;1;1;27752434;45.0;55.0;4;8;2;4;2.0;4.0;2;5;17;15;10;5;21;27;2.0;4.0;4.0;0.0;12;15
2325;CSKA Moscow;3;2322;PFK Krylia Sovetov Samara;1;4;1;1;27752440;54.0;46.0;13;8;8;5;5.0;3.0;4;6;8;11;5;11;19;12;1.0;2.0;4.0;5.0;8;8
2315;FK Dinamo Moscow;0;2322;PFK Krylia Sovetov Samara;1;1;1;0;27752408;60.0;40.0;13;4;6;3;7.0;1.0;12;4;10;11;4;11;23;11;2.0;3.0;2.0;6.0;8;9
2322;PFK Krylia Sovetov Samara;1;7529;FK Ural Yekaterinburg;1;2;1;1;27752490;55.0;45.0;9;7;5;4;4.0;3.0;4;6;9;9;5;12;18;24;3.0;4.0;3.0;5.0;8;8
2323;FK Spartak Moscow;1;2326;FK Rostov;1;2;1;1;27752454;49.0;51.0;7;8;4;3;3.0;5.0;3;2;17;11;11;4;26;15;3.0;0.0;2.0;3.0;11;16
2334;FK Sochi;3;2326;FK Rostov;2;5;1;1;27752426;46.0;54.0;10;5;5;3;5.0;2.0;4;4;9;14;6;5;33;22;2.0;3.0;1.0;2.0;13;8
2326;FK Rostov;2;74241;FK Ufa;2;4;1;1;27752486;55.0;45.0;11;12;8;4;3.0;8.0;4;4;11;13;8;9;24;31;2.0;2.0;2.0;5.0;11;9
2326;FK Rostov;5;2333;FK Rubin Kazan;1;6;1;1;27752470;58.0;42.0;15;11;8;7;7.0;4.0;3;5;8;11;7;10;18;31;2.0;3.0;6.0;3.0;11;7
2322;PFK Krylia Sovetov Samara;3;2338;FK Khimki;0;3;1;1;27752472;41.0;59.0;7;8;3;3;4.0;5.0;4;2;11;7;7;6;15;20;3.0;4.0;3.0;0.0;7;9
2338;FK Khimki;0;7529;FK Ural Yekaterinburg;0;0;0;0;27752466;57.0;43.0;9;8;1;7;8.0;1.0;7;1;19;15;3;15;17;19;3.0;2.0;7.0;1.0;14;17
7529;FK Ural Yekaterinburg;2;35301;PFK Arsenal Tula;0;2;1;1;27752400;40.0;60.0;8;5;7;1;1.0;4.0;6;7;14;23;10;6;20;20;4.0;3.0;1.0;5.0;19;14
74241;FK Ufa;1;2333;FK Rubin Kazan;1;2;1;1;27752450;57.0;43.0;9;5;5;3;4.0;2.0;8;4;5;16;10;8;28;16;4.0;1.0;3.0;4.0;16;4
74241;FK Ufa;0;7529;FK Ural Yekaterinburg;1;1;1;0;27752418;51.0;49.0;9;8;3;5;6.0;3.0;6;6;19;16;5;11;22;16;2.0;2.0;4.0;3.0;14;19
2333;FK Rubin Kazan;0;212844;FK Nizhny Novgorod;1;1;1;0;27752414;54.0;46.0;11;7;5;5;6.0;2.0;3;4;13;10;5;11;32;26;0.0;1.0;4.0;5.0;10;12
2346;Motherwell FC;0;2352;Celtic Glasgow;4;4;1;1;27730246;31.0;69.0;4;12;1;8;3.0;4.0;4;10;16;19;8;8;23;24;3.0;1.0;4.0;1.0;17;13
2353;Heart of Midlothian FC;1;2352;Celtic Glasgow;2;3;1;1;27730218;41.0;59.0;6;13;1;8;5.0;5.0;4;10;13;16;9;8;31;31;3.0;3.0;6.0;0.0;14;11
2352;Celtic Glasgow;3;2351;Glasgow Rangers;0;3;1;1;31201799;45.0;55.0;9;6;8;2;1.0;4.0;10;2;11;17;13;8;21;23;2.0;3.0;2.0;5.0;14;10
2351;Glasgow Rangers;5;2353;Heart of Midlothian FC;0;5;1;1;27730248;57.0;43.0;17;8;10;4;7.0;4.0;4;3;12;13;6;12;26;21;2.0;2.0;4.0;5.0;12;12
2354;Hibernian FC;0;2353;Heart of Midlothian FC;0;0;0;0;31404753;43.0;57.0;5;8;2;4;3.0;4.0;3;5;15;17;10;7;18;21;2.0;3.0;4.0;2.0;13;12
25736;FK Novi Pazar;2;37130;FK Proleter Novi Sad;0;2;1;1;27856258;48.0;52.0;7;8;5;2;2.0;6.0;4;2;19;23;10;5;19;19;2.0;3.0;2.0;2.0;21;18
2402;MSK Zilina;1;2404;Slovan Bratislava;1;2;1;1;27663932;55.0;45.0;7;10;6;7;1.0;3.0;5;6;14;11;5;6;15;19;4.0;1.0;6.0;5.0;11;12
7084;FC Vion Zlate Moravce - Vrable;1;2404;Slovan Bratislava;2;3;1;1;27663902;42.0;58.0;7;14;2;6;5.0;8.0;3;7;8;13;13;7;15;23;1.0;0.0;4.0;1.0;10;6
2404;Slovan Bratislava;0;23833;DAC 1904 Dunajska Streda;0;0;0;0;27663920;63.0;37.0;4;5;2;4;2.0;1.0;4;2;25;11;4;8;25;22;1.0;1.0;4.0;2.0;11;23
2404;Slovan Bratislava;2;36891;SKF Sered;0;2;1;1;27663898;61.0;39.0;10;10;5;4;5.0;6.0;6;3;10;9;11;7;22;10;1.0;2.0;4.0;3.0;8;7
36891;SKF Sered;4;2398;AS Trencin;2;6;1;1;27663910;52.0;48.0;16;6;8;3;8.0;3.0;7;4;18;13;8;10;36;30;2.0;3.0;1.0;3.0;11;18
2398;AS Trencin;1;2402;MSK Zilina;3;4;1;1;27663914;45.0;55.0;8;12;3;8;5.0;4.0;6;5;11;10;6;10;32;36;3.0;0.0;4.0;2.0;8;9
2398;AS Trencin;0;23833;DAC 1904 Dunajska Streda;1;1;1;0;27663892;55.0;45.0;8;4;4;2;4.0;2.0;8;4;20;13;5;11;37;26;1.0;1.0;1.0;4.0;11;20
7885;MFK Zemplin Michalovce;0;2397;MFK Ruzomberok;3;3;1;1;27663904;65.0;35.0;7;7;2;6;5.0;1.0;6;2;12;16;6;11;31;20;2.0;0.0;2.0;2.0;15;10
2397;MFK Ruzomberok;1;7084;FC Vion Zlate Moravce - Vrable;1;2;1;1;27663912;59.0;41.0;11;4;7;2;4.0;2.0;7;4;12;14;4;5;32;25;2.0;1.0;1.0;6.0;13;12
36333;FK Senica;1;25488;MFK Tatran Liptovsky Mikulas;0;1;1;0;27663900;43.0;57.0;7;6;3;0;4.0;6.0;0;5;11;21;8;7;28;35;2.0;1.0;0.0;2.0;21;7
2402;MSK Zilina;2;25488;MFK Tatran Liptovsky Mikulas;2;4;1;1;27663882;55.0;45.0;11;6;5;3;6.0;3.0;4;5;13;13;6;15;15;16;3.0;3.0;1.0;3.0;11;10
25488;MFK Tatran Liptovsky Mikulas;1;36891;SKF Sered;1;2;1;1;27663922;53.0;47.0;11;8;7;5;4.0;3.0;6;4;16;17;11;13;23;17;3.0;3.0;2.0;3.0;14;15
36891;SKF Sered;3;77981;FK Pohronie Ziar Nad Hronom Dolna Zdana;1;4;1;1;27663886;59.0;41.0;15;6;9;2;6.0;4.0;7;2;14;23;8;6;24;24;1.0;2.0;1.0;6.0;17;14
77981;FK Pohronie Ziar Nad Hronom Dolna Zdana;0;7084;FC Vion Zlate Moravce - Vrable;2;2;1;1;27663894;47.0;53.0;10;12;2;6;8.0;3.0;7;2;11;10;6;9;35;21;2.0;1.0;4.0;2.0;9;9
7084;FC Vion Zlate Moravce - Vrable;0;2406;FC Spartak Trnava;0;0;0;0;27663880;45.0;55.0;6;9;2;7;4.0;2.0;3;8;7;18;9;9;25;27;2.0;2.0;6.0;2.0;16;7
23833;DAC 1904 Dunajska Streda;2;77981;FK Pohronie Ziar Nad Hronom Dolna Zdana;0;2;1;1;27663908;46.0;54.0;13;9;8;4;5.0;5.0;7;7;8;17;6;8;21;26;1.0;0.0;4.0;5.0;12;7
23833;DAC 1904 Dunajska Streda;1;36333;FK Senica;0;1;1;0;27663878;59.0;41.0;9;8;5;0;4.0;8.0;10;5;17;11;12;12;31;19;3.0;3.0;0.0;4.0;8;13
77981;FK Pohronie Ziar Nad Hronom Dolna Zdana;0;36333;FK Senica;1;1;1;0;27663918;61.0;39.0;12;4;5;2;7.0;2.0;19;4;18;15;10;13;42;28;1.0;2.0;1.0;5.0;13;17
36333;FK Senica;2;2402;MSK Zilina;2;4;1;1;27663896;30.0;70.0;4;7;3;3;1.0;4.0;3;9;11;23;7;3;6;24;4.0;1.0;1.0;1.0;21;10
36333;FK Senica;1;7084;FC Vion Zlate Moravce - Vrable;2;3;1;1;27663864;43.0;57.0;6;12;3;7;3.0;5.0;5;4;15;16;12;8;26;30;2.0;2.0;5.0;2.0;13;14
77981;FK Pohronie Ziar Nad Hronom Dolna Zdana;1;2402;MSK Zilina;2;3;1;1;27663870;42.0;58.0;10;15;5;11;5.0;4.0;6;5;12;9;16;9;27;19;1.0;1.0;9.0;4.0;8;12
2402;MSK Zilina;0;2406;FC Spartak Trnava;1;1;1;0;27663906;57.0;43.0;10;5;3;2;7.0;3.0;5;4;8;12;7;14;22;25;2.0;1.0;1.0;3.0;12;7
2424;Aluminij Kidricevo;1;2417;NK Koper;1;2;1;1;28041716;;;8;5;6;5;2.0;0.0;6;8;14;16;5;7;32;28;2.0;2.0;3.0;4.0;15;12
2417;NK Koper;0;2418;NK Domzale;2;2;1;1;28041748;;;7;12;3;6;4.0;6.0;4;4;11;19;7;10;22;14;1.0;0.0;4.0;3.0;18;9
362744;Bravo Ljubljana;1;2417;NK Koper;2;3;1;1;28041712;57.0;43.0;10;6;7;4;3.0;2.0;7;5;21;12;10;5;44;39;2.0;3.0;2.0;7.0;11;16
2418;NK Domzale;1;162238;Tabor Sezana;1;2;1;1;28041740;;;11;9;4;5;7.0;4.0;7;3;19;14;7;13;26;29;3.0;2.0;4.0;4.0;13;18
276679;Cape Town City FC;0;7663;Kaizer Chiefs;0;0;0;0;28619618;54.0;46.0;7;7;3;0;4.0;7.0;2;7;12;11;10;10;16;20;2.0;1.0;0.0;3.0;9;11
7671;Supersport United;0;7665;Mamelodi Sundowns;1;1;1;0;28619562;38.0;62.0;7;9;2;5;5.0;4.0;5;7;13;19;9;11;17;18;3.0;2.0;4.0;2.0;14;11
7667;Swallows FC;1;7663;Kaizer Chiefs;3;4;1;1;28619520;67.0;33.0;8;6;5;3;3.0;3.0;8;1;12;11;5;7;29;31;1.0;1.0;0.0;4.0;7;10
7663;Kaizer Chiefs;2;7668;Orlando Pirates FC;1;3;1;1;28619478;35.0;65.0;7;6;4;1;3.0;5.0;4;6;11;11;11;5;23;30;3.0;1.0;0.0;2.0;10;10
43555;Stellenbosch FC;0;7668;Orlando Pirates FC;3;3;1;1;28619514;53.0;47.0;2;6;0;4;2.0;2.0;5;4;17;10;8;13;35;28;2.0;0.0;1.0;0.0;9;15
7664;Lamontville Golden Arrows;0;7668;Orlando Pirates FC;0;0;0;0;28619494;51.0;49.0;2;5;0;2;2.0;3.0;4;6;7;19;9;2;9;18;2.0;1.0;2.0;0.0;16;6
7668;Orlando Pirates FC;2;367886;Marumo Gallants FC;1;3;1;1;28619596;41.0;59.0;8;8;4;2;4.0;6.0;3;2;16;22;11;6;12;25;3.0;2.0;1.0;2.0;19;13
367886;Marumo Gallants FC;0;7655;AmaZulu FC;1;1;1;0;28619580;54.0;46.0;15;6;6;2;9.0;4.0;8;6;17;20;7;12;23;29;2.0;2.0;1.0;6.0;15;15
367886;Marumo Gallants FC;3;475016;TS Galaxy FC;1;4;1;1;28619528;;;10;8;5;2;5.0;6.0;2;5;12;16;12;12;14;17;4.0;1.0;1.0;1.0;12;9
7666;Maritzburg United;0;70946;Chippa United FC;2;2;1;1;28619594;57.0;43.0;4;8;2;3;2.0;5.0;11;4;12;9;7;5;28;24;1.0;2.0;1.0;2.0;8;9
7671;Supersport United;0;760704;Sekhukhune United;1;1;1;0;28619538;;;9;7;1;3;8.0;4.0;3;2;17;16;11;16;30;21;0.0;1.0;1.0;1.0;16;13
475016;TS Galaxy FC;1;7667;Swallows FC;0;1;1;0;28619504;56.0;44.0;8;8;5;2;3.0;6.0;3;6;12;14;9;6;20;21;3.0;2.0;2.0;4.0;12;9
7668;Orlando Pirates FC;2;475016;TS Galaxy FC;0;2;1;1;28619558;47.0;53.0;10;8;4;4;6.0;4.0;3;3;15;15;11;8;12;21;3.0;4.0;3.0;2.0;13;15
475016;TS Galaxy FC;3;70946;Chippa United FC;1;4;1;1;28619540;42.0;58.0;7;9;5;5;2.0;4.0;7;4;12;17;11;7;28;33;1.0;1.0;4.0;2.0;14;12
475016;TS Galaxy FC;2;276679;Cape Town City FC;2;4;1;1;28619518;44.0;56.0;8;11;5;4;3.0;7.0;1;7;16;12;15;5;13;18;2.0;0.0;2.0;3.0;8;14
2817;FC Barcelona;3;2846;Elche CF;2;5;1;1;27965504;74.0;26.0;11;3;6;2;5.0;1.0;5;0;20;16;4;8;9;15;1.0;3.0;0.0;3.0;13;16
2817;FC Barcelona;0;2816;Real Betis Seville;1;1;1;0;27965464;62.0;38.0;10;5;3;2;7.0;3.0;6;1;15;21;7;14;16;9;1.0;2.0;1.0;3.0;18;12
33779;Granada CF;2;2836;Atletico Madrid;1;3;1;1;30666981;40.0;60.0;7;12;5;4;2.0;8.0;2;7;14;16;9;3;13;24;4.0;1.0;3.0;3.0;15;8
2836;Atletico Madrid;0;2849;Levante UD;1;1;1;0;27965566;52.0;48.0;6;6;1;4;5.0;2.0;5;3;18;11;6;12;25;20;3.0;4.0;3.0;1.0;9;18
2836;Atletico Madrid;4;2859;Getafe CF;3;7;1;1;27965626;50.0;50.0;8;8;6;5;2.0;3.0;5;4;16;18;4;5;23;26;4.0;4.0;3.0;2.0;18;16
2836;Atletico Madrid;3;2828;Valencia CF;2;5;1;1;27965586;66.0;34.0;15;5;8;4;7.0;1.0;5;4;22;17;4;11;23;24;5.0;6.0;2.0;5.0;13;22
2819;Villarreal CF;0;2829;Real Madrid;0;0;0;0;27965642;46.0;54.0;5;12;2;7;3.0;5.0;3;3;14;15;10;3;11;15;2.0;4.0;7.0;2.0;12;10
2859;Getafe CF;1;2829;Real Madrid;0;1;1;0;27965530;25.0;75.0;4;11;3;4;1.0;7.0;2;9;14;20;12;3;17;20;3.0;2.0;4.0;2.0;20;8
2825;Athletic Bilbao;1;2829;Real Madrid;2;3;1;1;27965564;42.0;58.0;10;10;3;7;7.0;3.0;7;0;9;18;6;13;16;13;2.0;2.0;5.0;2.0;16;8
2829;Real Madrid;1;33779;Granada CF;0;1;1;0;27965618;59.0;41.0;13;5;8;3;5.0;2.0;9;2;13;11;5;9;27;16;2.0;1.0;2.0;3.0;9;12
2829;Real Madrid;2;2846;Elche CF;2;4;1;1;27965594;65.0;35.0;19;4;10;3;9.0;1.0;10;3;14;12;1;10;24;9;3.0;1.0;1.0;8.0;11;14
2829;Real Madrid;4;2828;Valencia CF;1;5;1;1;27965552;67.0;33.0;14;6;8;4;6.0;2.0;3;8;19;17;6;6;9;10;3.0;3.0;3.0;4.0;13;19
2825;Athletic Bilbao;4;2824;Real Sociedad San Sebastian;0;4;1;1;27965644;46.0;54.0;17;6;6;1;11.0;5.0;6;4;12;15;6;10;31;16;4.0;1.0;1.0;2.0;11;12
2828;Valencia CF;0;2824;Real Sociedad San Sebastian;0;0;0;0;27965620;54.0;46.0;10;5;3;2;7.0;3.0;9;9;21;22;10;13;18;24;4.0;2.0;2.0;3.0;18;16
2885;Deportivo Alaves;1;2824;Real Sociedad San Sebastian;1;2;1;1;27965522;38.0;62.0;13;7;4;4;9.0;3.0;2;3;10;24;4;15;35;24;3.0;3.0;3.0;3.0;22;10
2824;Real Sociedad San Sebastian;0;2859;Getafe CF;0;0;0;0;27965596;65.0;35.0;7;5;3;4;4.0;1.0;7;2;13;20;6;6;31;18;1.0;1.0;4.0;3.0;17;13
2824;Real Sociedad San Sebastian;1;2821;RC Celta de Vigo;0;1;1;0;27965554;41.0;59.0;10;2;4;0;6.0;2.0;6;4;19;11;4;13;22;34;3.0;3.0;0.0;3.0;10;18
2818;Rayo Vallecano;0;2825;Athletic Bilbao;1;1;1;0;27965600;66.0;34.0;10;9;3;3;7.0;6.0;9;7;21;10;11;14;27;19;1.0;6.0;2.0;3.0;8;19
2885;Deportivo Alaves;0;2825;Athletic Bilbao;0;0;0;0;27965542;43.0;57.0;3;6;1;2;2.0;4.0;7;5;13;16;13;5;28;35;2.0;0.0;2.0;1.0;15;11
2825;Athletic Bilbao;2;2814;Espanyol Barcelona;1;3;1;1;27965604;43.0;57.0;3;6;3;3;0.0;3.0;5;3;15;21;6;3;24;24;3.0;3.0;2.0;0.0;17;12
2816;Real Betis Seville;2;2826;RCD Mallorca;1;3;1;1;27965646;61.0;39.0;9;4;7;1;2.0;3.0;4;7;19;12;9;3;20;14;3.0;2.0;0.0;5.0;11;17
2825;Athletic Bilbao;3;2816;Real Betis Seville;2;5;1;1;27965502;44.0;56.0;7;6;6;5;1.0;1.0;5;6;14;8;4;5;24;23;1.0;3.0;3.0;3.0;3;13
2816;Real Betis Seville;0;2819;Villarreal CF;2;2;1;1;27965608;63.0;37.0;6;4;3;2;3.0;2.0;6;6;14;20;8;3;23;20;2.0;3.0;0.0;2.0;18;13
2816;Real Betis Seville;4;2885;Deportivo Alaves;0;4;1;1;27965570;59.0;41.0;13;4;5;2;8.0;2.0;8;3;19;19;4;10;20;22;2.0;0.0;2.0;1.0;16;15
33779;Granada CF;1;2819;Villarreal CF;4;5;1;1;27965652;40.0;60.0;12;12;5;7;7.0;5.0;9;2;12;14;8;18;16;14;3.0;6.0;3.0;4.0;13;9
2846;Elche CF;1;2819;Villarreal CF;0;1;1;0;27965582;49.0;51.0;4;5;2;3;2.0;2.0;3;8;21;16;3;8;20;31;4.0;3.0;3.0;1.0;12;17
2819;Villarreal CF;5;2849;Levante UD;0;5;1;1;27965538;57.0;43.0;11;3;7;3;4.0;0.0;6;5;13;12;2;8;18;24;3.0;2.0;3.0;2.0;12;9
2820;CA Osasuna;0;2833;Sevilla FC;0;0;0;0;27965616;32.0;68.0;9;5;4;3;5.0;2.0;1;1;8;12;7;7;14;26;1.0;1.0;3.0;4.0;12;7
2833;Sevilla FC;2;2846;Elche CF;0;2;1;1;27965638;57.0;43.0;12;5;6;3;6.0;2.0;5;4;11;18;5;12;27;20;1.0;5.0;3.0;4.0;16;11
2833;Sevilla FC;2;2821;RC Celta de Vigo;2;4;1;1;27965598;63.0;37.0;10;4;4;3;6.0;1.0;7;0;18;16;5;12;33;24;1.0;4.0;1.0;2.0;16;17
2833;Sevilla FC;1;2859;Getafe CF;0;1;1;0;27965556;70.0;30.0;6;2;1;2;5.0;0.0;5;2;21;10;4;12;21;15;1.0;3.0;2.0;0.0;7;19
2826;RCD Mallorca;2;4488;Cadiz CF;1;3;1;1;27965612;46.0;54.0;13;9;4;6;9.0;3.0;6;4;17;14;4;13;19;18;2.0;4.0;5.0;2.0;14;15
2849;Levante UD;0;4488;Cadiz CF;2;2;1;1;27965592;66.0;34.0;8;5;4;3;4.0;2.0;8;2;17;21;3;12;16;15;4.0;6.0;1.0;4.0;16;16
2820;CA Osasuna;2;4488;Cadiz CF;0;2;1;1;27965550;64.0;36.0;4;3;2;1;2.0;2.0;5;7;12;9;7;8;21;16;2.0;2.0;1.0;0.0;9;11
4488;Cadiz CF;0;2821;RC Celta de Vigo;0;0;0;0;27965630;44.0;56.0;7;4;3;1;4.0;3.0;3;3;22;13;7;8;26;13;3.0;2.0;1.0;3.0;12;19
4488;Cadiz CF;2;2814;Espanyol Barcelona;2;4;1;1;27965578;47.0;53.0;7;11;5;7;2.0;4.0;3;2;11;14;6;6;22;13;4.0;1.0;5.0;4.0;14;9
4488;Cadiz CF;0;2833;Sevilla FC;1;1;1;0;27965532;25.0;75.0;5;11;2;3;3.0;8.0;2;8;13;6;13;5;14;24;0.0;1.0;2.0;2.0;5;9
2859;Getafe CF;3;2849;Levante UD;0;3;1;1;27965614;42.0;58.0;12;5;8;2;4.0;3.0;2;8;16;14;8;7;14;23;4.0;3.0;2.0;5.0;13;14
2814;Espanyol Barcelona;1;2846;Elche CF;2;3;1;1;27965546;47.0;53.0;5;2;3;2;2.0;0.0;13;0;18;16;1;8;21;13;4.0;6.0;0.0;2.0;13;18
2859;Getafe CF;4;33779;Granada CF;2;6;1;1;27965576;51.0;49.0;8;4;4;3;4.0;1.0;4;8;11;16;9;8;19;22;3.0;4.0;1.0;0.0;15;10
2846;Elche CF;2;2818;Rayo Vallecano;1;3;1;1;27965662;42.0;58.0;8;10;5;2;3.0;8.0;2;3;15;20;15;5;20;24;2.0;4.0;1.0;3.0;18;15
2846;Elche CF;3;2885;Deportivo Alaves;1;4;1;1;27965622;60.0;40.0;11;5;4;2;7.0;3.0;7;3;13;18;7;11;28;27;1.0;1.0;1.0;1.0;15;11
2818;Rayo Vallecano;0;2820;CA Osasuna;3;3;1;1;27965640;52.0;48.0;8;10;4;5;4.0;5.0;4;5;18;16;10;16;37;32;2.0;1.0;2.0;4.0;11;16
33779;Granada CF;0;2820;CA Osasuna;2;2;1;1;27965588;55.0;45.0;2;13;2;7;0.0;6.0;4;3;21;12;15;7;33;28;0.0;2.0;5.0;2.0;11;17
2816;Real Betis Seville;0;2821;RC Celta de Vigo;2;2;1;1;27965526;53.0;47.0;14;6;7;4;7.0;2.0;3;3;11;16;4;11;33;13;1.0;2.0;2.0;7.0;15;11
2836;Atletico Madrid;2;2818;Rayo Vallecano;0;2;1;1;27965524;49.0;51.0;11;1;4;0;7.0;1.0;8;2;13;16;4;11;24;21;3.0;0.0;0.0;2.0;14;12
2819;Villarreal CF;2;2818;Rayo Vallecano;0;2;1;1;27965500;52.0;48.0;10;13;6;7;4.0;6.0;5;6;16;19;9;7;16;14;1.0;3.0;7.0;4.0;16;13
2826;RCD Mallorca;0;2817;FC Barcelona;1;1;1;0;27965528;35.0;65.0;5;11;3;5;2.0;6.0;4;3;25;23;7;4;21;16;5.0;2.0;4.0;3.0;21;24
2450;FC Zurich;3;2442;FC St. Gallen 1879;1;4;1;1;27871624;45.0;55.0;8;8;7;6;1.0;2.0;4;10;17;22;7;4;27;19;1.0;3.0;6.0;4.0;16;16
2442;FC St. Gallen 1879;5;2448;Servette Geneva;1;6;1;1;27871650;47.0;53.0;11;12;7;5;4.0;7.0;3;2;16;15;11;7;16;24;1.0;2.0;5.0;2.0;14;13
2442;FC St. Gallen 1879;3;2445;Young Boys Bern;3;6;1;1;27871644;61.0;39.0;10;7;7;5;3.0;2.0;1;4;18;6;3;10;29;21;3.0;1.0;1.0;3.0;6;15
2450;FC Zurich;3;2443;FC Lugano;0;3;1;1;27871654;42.0;58.0;13;7;8;2;5.0;5.0;3;4;12;7;11;10;18;23;1.0;2.0;2.0;5.0;6;12
2445;Young Boys Bern;1;2443;FC Lugano;0;1;1;0;27871632;57.0;43.0;6;4;2;2;4.0;2.0;4;1;20;15;8;10;27;18;3.0;1.0;2.0;1.0;11;16
2443;FC Lugano;2;2453;FC Luzern;1;3;1;1;27871640;53.0;47.0;11;8;5;4;6.0;4.0;4;2;12;15;8;8;36;31;1.0;2.0;3.0;4.0;14;12
2443;FC Lugano;0;2445;Young Boys Bern;5;5;1;1;27871618;60.0;40.0;7;14;1;8;6.0;6.0;2;6;10;16;6;9;30;16;5.0;1.0;3.0;1.0;13;9
2452;FC Sion;1;2450;FC Zurich;1;2;1;1;27871664;40.0;60.0;5;13;1;5;4.0;8.0;4;9;15;19;14;6;17;16;9.0;2.0;3.0;1.0;19;15
2450;FC Zurich;1;2448;Servette Geneva;0;1;1;0;27871634;48.0;52.0;5;8;2;3;3.0;5.0;2;4;16;14;10;7;29;23;3.0;2.0;3.0;2.0;13;15
2445;Young Boys Bern;3;2501;FC Basel 1893;1;4;1;1;27871652;;;14;12;4;3;10.0;9.0;4;9;9;10;14;13;19;23;2.0;2.0;2.0;1.0;10;8
2445;Young Boys Bern;1;2501;FC Basel 1893;1;2;1;1;27871584;56.0;44.0;18;4;9;1;9.0;3.0;11;6;13;13;4;12;20;19;3.0;3.0;0.0;7.0;12;12
2501;FC Basel 1893;3;2446;Lausanne-Sport;0;3;1;1;27871656;63.0;37.0;9;3;3;2;6.0;1.0;4;1;12;12;4;13;25;20;2.0;2.0;2.0;0.0;10;10
2448;Servette Geneva;1;2453;FC Luzern;1;2;1;1;27871662;44.0;56.0;7;12;2;7;5.0;5.0;5;4;13;16;7;7;22;24;1.0;0.0;6.0;1.0;16;8
2448;Servette Geneva;1;2446;Lausanne-Sport;0;1;1;0;27871642;54.0;46.0;7;4;1;2;6.0;2.0;8;2;11;16;3;14;24;12;1.0;4.0;2.0;0.0;14;9
2453;FC Luzern;1;2452;FC Sion;0;1;1;0;27871648;65.0;35.0;12;5;5;2;7.0;3.0;7;3;18;14;4;16;23;26;2.0;2.0;2.0;4.0;13;18
2453;FC Luzern;0;2448;Servette Geneva;2;2;1;1;27871620;47.0;53.0;7;12;2;7;5.0;5.0;5;2;12;12;9;11;21;26;2.0;2.0;5.0;2.0;11;12
2449;Grasshopper Club Zurich;2;2445;Young Boys Bern;2;4;1;1;27871658;47.0;53.0;12;7;5;3;7.0;4.0;5;6;12;17;9;10;24;29;5.0;3.0;1.0;3.0;15;11
2452;FC Sion;2;2446;Lausanne-Sport;0;2;1;1;27871622;56.0;44.0;7;9;4;2;3.0;7.0;3;4;12;10;12;7;15;26;1.0;2.0;2.0;3.0;8;12
85745;Suphanburi FC;0;66566;Chiangrai United;1;1;1;0;30063867;54.0;46.0;9;13;2;4;7.0;9.0;5;8;14;11;10;12;23;31;;;3.0;2.0;10;14
44355;Menemen Belediyespor;1;44320;Bandirmaspor;1;2;1;1;28170904;58.0;42.0;3;14;1;6;2.0;8.0;1;1;12;19;12;5;11;12;4.0;2.0;5.0;0.0;19;12
3055;Bursaspor;0;44320;Bandirmaspor;1;1;1;0;28170866;52.0;48.0;7;5;4;4;3.0;1.0;2;8;17;16;6;8;34;25;1.0;3.0;3.0;4.0;14;15
44320;Bandirmaspor;2;55603;Buyuksehir Belediye Erzurumspor;1;3;1;1;28170924;48.0;52.0;11;5;7;3;4.0;2.0;3;1;27;15;5;13;30;22;3.0;2.0;2.0;5.0;12;25
3069;Adanaspor;0;3058;Denizlispor;0;0;0;0;28170966;49.0;51.0;3;7;1;3;2.0;4.0;2;9;14;13;5;5;29;31;0.0;1.0;3.0;1.0;13;12
3103;MKE Ankaragucu;2;3058;Denizlispor;1;3;1;1;28170934;57.0;43.0;10;2;5;2;5.0;0.0;12;2;18;10;2;13;24;18;0.0;4.0;1.0;3.0;10;17
3058;Denizlispor;2;7040;Eyupspor;2;4;1;1;28170950;45.0;55.0;6;14;4;8;2.0;6.0;2;9;12;12;9;8;15;22;1.0;2.0;6.0;2.0;10;12
3058;Denizlispor;0;216878;Manisa Futbol Kulubu;1;1;1;0;28170906;53.0;47.0;8;6;3;6;5.0;0.0;4;4;27;10;4;10;25;24;2.0;6.0;5.0;3.0;8;26
3058;Denizlispor;0;55625;Umraniyespor;1;1;1;0;28170852;55.0;45.0;4;14;1;6;3.0;8.0;3;5;16;10;8;10;18;24;1.0;2.0;3.0;0.0;9;14
117198;Tuzlaspor;2;24749;Altinordu FK;1;3;1;1;28170910;52.0;48.0;6;2;5;2;1.0;0.0;6;3;13;19;3;3;28;36;2.0;1.0;1.0;3.0;18;12
37687;Balikesirspor;3;24749;Altinordu FK;4;7;1;1;28170854;37.0;63.0;10;7;7;4;3.0;3.0;9;5;22;20;5;10;24;14;0.0;1.0;0.0;3.0;16;19
24749;Altinordu FK;0;3066;Istanbulspor AS;5;5;1;1;28170936;35.0;65.0;8;19;3;12;5.0;7.0;8;7;8;8;10;11;19;19;2.0;0.0;7.0;3.0;7;6
24749;Altinordu FK;2;6366;Ankara Keciorengucu;3;5;1;1;28170896;45.0;55.0;8;9;4;3;4.0;6.0;6;5;22;13;9;5;20;22;1.0;1.0;0.0;2.0;12;20
3103;MKE Ankaragucu;2;6366;Ankara Keciorengucu;1;3;1;1;28170878;46.0;54.0;8;4;5;2;3.0;2.0;6;4;16;15;7;7;23;33;0.0;4.0;1.0;3.0;13;14
6366;Ankara Keciorengucu;1;3053;Samsunspor;1;2;1;1;28170956;44.0;56.0;15;9;6;5;9.0;4.0;8;6;8;13;10;10;20;28;2.0;1.0;4.0;4.0;9;6
6366;Ankara Keciorengucu;0;7040;Eyupspor;0;0;0;0;28170914;59.0;41.0;8;4;6;3;2.0;1.0;4;3;15;23;4;8;27;19;3.0;1.0;3.0;6.0;19;14
3065;Kocaelispor;1;3103;MKE Ankaragucu;2;3;1;1;28170912;35.0;65.0;4;9;3;5;1.0;4.0;0;1;17;19;6;5;24;11;2.0;1.0;3.0;2.0;19;17
6414;Boluspor;0;3103;MKE Ankaragucu;2;2;1;1;28170850;54.0;46.0;10;12;4;5;6.0;7.0;8;3;21;14;9;10;14;18;1.0;2.0;3.0;4.0;12;19
3103;MKE Ankaragucu;1;117198;Tuzlaspor;0;1;1;0;28170892;58.0;42.0;11;3;3;1;8.0;2.0;8;2;14;11;5;12;27;25;4.0;2.0;1.0;2.0;11;14
55603;Buyuksehir Belediye Erzurumspor;1;216878;Manisa Futbol Kulubu;0;1;1;0;28170946;;;3;4;3;1;0.0;3.0;4;6;13;14;9;9;21;13;3.0;3.0;1.0;3.0;14;11
117198;Tuzlaspor;0;216878;Manisa Futbol Kulubu;1;1;1;0;28170856;56.0;44.0;6;11;2;4;4.0;7.0;7;8;16;15;7;5;17;27;1.0;3.0;3.0;2.0;14;16
216878;Manisa Futbol Kulubu;3;7802;Genclerbirligi SK;1;4;1;1;28170928;65.0;35.0;13;9;8;6;5.0;3.0;9;1;17;11;5;8;18;18;2.0;3.0;5.0;5.0;10;17
216878;Manisa Futbol Kulubu;1;3066;Istanbulspor AS;2;3;1;1;28170898;48.0;52.0;6;8;3;5;3.0;3.0;9;0;9;17;5;9;25;25;4.0;1.0;3.0;2.0;15;6
3066;Istanbulspor AS;1;55625;Umraniyespor;0;1;1;0;28170916;53.0;47.0;10;6;3;4;7.0;2.0;4;1;19;17;9;12;16;20;3.0;1.0;4.0;2.0;12;17
55625;Umraniyespor;3;55603;Buyuksehir Belediye Erzurumspor;3;6;1;1;28170962;60.0;40.0;10;7;3;3;7.0;4.0;9;3;11;10;5;19;23;22;2.0;1.0;1.0;1.0;6;10
55625;Umraniyespor;1;3065;Kocaelispor;0;1;1;0;28170894;61.0;39.0;11;7;6;3;5.0;4.0;2;2;19;14;6;16;23;21;2.0;4.0;3.0;5.0;10;17
3066;Istanbulspor AS;1;6414;Boluspor;2;3;1;1;28170976;53.0;47.0;14;11;5;7;9.0;4.0;7;6;12;18;5;12;21;21;2.0;2.0;5.0;4.0;13;9
55603;Buyuksehir Belediye Erzurumspor;1;44355;Menemen Belediyespor;1;2;1;1;28170886;55.0;45.0;13;4;4;3;9.0;1.0;10;3;13;12;8;17;24;22;1.0;3.0;2.0;3.0;11;12
44355;Menemen Belediyespor;0;3055;Bursaspor;0;0;0;0;28170884;47.0;53.0;4;12;1;3;3.0;9.0;3;10;19;16;14;7;20;18;1.0;2.0;3.0;1.0;14;18
7802;Genclerbirligi SK;0;3069;Adanaspor;3;3;1;1;28170918;47.0;53.0;12;6;9;5;3.0;1.0;8;3;13;19;3;6;14;16;4.0;1.0;2.0;9.0;18;12
37687;Balikesirspor;1;3065;Kocaelispor;2;3;1;1;28170960;51.0;49.0;10;7;3;4;7.0;3.0;5;3;18;17;9;10;25;21;2.0;2.0;2.0;2.0;14;17
3053;Samsunspor;3;3065;Kocaelispor;0;3;1;1;28170938;;;15;6;5;3;10.0;3.0;7;1;7;11;3;16;22;17;1.0;0.0;3.0;3.0;8;6
3065;Kocaelispor;2;55603;Buyuksehir Belediye Erzurumspor;0;2;1;1;28170820;56.0;44.0;5;13;2;7;3.0;6.0;2;8;19;25;9;4;18;22;2.0;4.0;7.0;0.0;22;18
37687;Balikesirspor;0;3053;Samsunspor;2;2;1;1;28170908;53.0;47.0;13;9;5;6;8.0;3.0;6;7;17;17;10;9;25;19;2.0;0.0;4.0;5.0;17;13
3053;Samsunspor;1;3055;Bursaspor;1;2;1;1;28170974;55.0;45.0;14;5;5;1;9.0;4.0;6;6;15;21;5;12;20;16;2.0;2.0;0.0;4.0;19;15
3053;Samsunspor;2;117198;Tuzlaspor;2;4;1;1;28170874;55.0;45.0;15;10;5;4;10.0;6.0;5;4;17;18;10;13;18;18;1.0;1.0;2.0;3.0;17;14
7040;Eyupspor;3;3055;Bursaspor;0;3;1;1;28170932;39.0;61.0;7;4;3;2;1.0;1.0;2;6;1;1;7;5;14;18;1.0;2.0;2.0;0.0;1;1
3055;Bursaspor;0;55603;Buyuksehir Belediye Erzurumspor;0;0;0;0;28170920;56.0;44.0;10;5;4;2;6.0;3.0;3;0;13;14;4;14;34;22;2.0;3.0;2.0;4.0;11;12
3055;Bursaspor;1;216878;Manisa Futbol Kulubu;1;2;1;1;28170828;55.0;45.0;12;8;7;5;5.0;3.0;5;2;14;18;12;8;24;21;2.0;2.0;4.0;6.0;17;13
6414;Boluspor;0;3069;Adanaspor;0;0;0;0;28170814;56.0;44.0;11;3;5;2;6.0;1.0;9;2;16;19;8;12;26;26;3.0;1.0;2.0;5.0;19;15
117198;Tuzlaspor;0;37687;Balikesirspor;2;2;1;1;28170942;66.0;34.0;7;5;2;4;5.0;1.0;11;3;16;17;2;11;43;15;1.0;0.0;2.0;2.0;14;16
117198;Tuzlaspor;1;55603;Buyuksehir Belediye Erzurumspor;1;2;1;1;30938955;58.0;42.0;9;4;6;3;3.0;1.0;3;1;16;18;3;7;21;24;1.0;2.0;2.0;5.0;17;15
6414;Boluspor;1;37687;Balikesirspor;0;1;1;0;28170890;60.0;40.0;10;3;5;0;5.0;3.0;3;8;14;16;7;14;28;25;4.0;3.0;0.0;4.0;13;13
3229;Defensor Sporting;0;6879;Liverpool Montevideo;3;3;1;1;31861989;51.0;49.0;13;12;6;6;7.0;6.0;6;10;17;22;8;11;23;14;5.0;6.0;3.0;6.0;18;16
3223;Atletico Fenix Montevideo;1;3227;CA Penarol Montevideo;0;1;1;0;31861991;42.0;58.0;9;9;3;3;6.0;6.0;6;4;15;17;11;10;26;25;1.0;2.0;3.0;2.0;16;15
37090;Flint Town United;1;4912;Connah`s Quay Nomads FC;1;2;1;1;31626589;45.0;55.0;7;8;4;4;3.0;4.0;5;7;10;9;10;7;31;26;1.0;3.0;3.0;3.0;8;8
4921;The New Saints FC;3;4912;Connah`s Quay Nomads FC;1;4;1;1;28053476;61.0;39.0;8;5;6;2;2.0;3.0;1;2;14;17;7;3;24;21;2.0;2.0;1.0;3.0;16;11
36255;Bala Town FC;3;4909;Caernarfon Town FC;0;3;1;1;31882993;;;19;3;9;0;10.0;3.0;5;1;10;9;6;15;25;35;1.0;4.0;0.0;6.0;7;9
2672;Bayern Munich;1;2600;FC Augsburg;0;1;1;0;27883592;62.0;38.0;12;3;7;1;5.0;2.0;3;3;23;13;9;12;21;21;1.0;2.0;1.0;1.0;10;20
263;Norwich City;0;37;West Ham United;4;4;1;1;27751770;40.0;60.0;4;7;2;5;2.0;2.0;9;5;10;9;5;4;8;15;1.0;1.0;1.0;2.0;7;7
1680;Clermont Foot 63;2;1642;Montpellier HSC;1;3;1;1;27885390;50.0;50.0;9;7;5;1;4.0;6.0;5;3;15;11;10;7;26;23;2.0;4.0;0.0;3.0;10;15
2828;Valencia CF;0;2816;Real Betis Seville;3;3;1;1;27965880;48.0;52.0;11;7;5;5;6.0;2.0;7;3;14;23;4;9;16;23;1.0;3.0;2.0;5.0;17;11
